case_url,source_case_id,final_url,retrieval_status,html_bytes,html_sha256,page_title,error
https://www.geipan.fr/fr/cas/1937-01-01656,1937-01-01656,https://www.geipan.fr/fr/cas/1937-01-01656,DOWNLOADED,18757,f26e1563280aec46703f887acdbfdbcb7c861dc5c68e3de4657fa6f49c5e8a58,MARIGOT (LE) (972) --.--.1937 | GEIPAN Orange arrow icon Orange arrow icon Orange arrow icon Arrow,
https://www.geipan.fr/fr/cas/1947-08-09060,1947-08-09060,https://www.geipan.fr/fr/cas/1947-08-09060,DOWNLOADED,19533,4ebc12040adeb951361fcd178df4799f57bf57633a14d3481f5468fafaa83369,LIEZ (85) --.08.1947 | GEIPAN Orange arrow icon Orange arrow icon Orange arrow icon Arrow,
https://www.geipan.fr/fr/cas/1951-06-00002,1951-06-00002,https://www.geipan.fr/fr/cas/1951-06-00002,DOWNLOADED,19681,04e23f4a0a93f802c2d20aaec69edee0ad16ee73f82002c3e19036d144092023,[AERO MIL] ORANGE (84) 15.06.1951 | GEIPAN Orange arrow icon Orange arrow icon Orange arrow icon Arrow,
https://www.geipan.fr/fr/cas/1951-08-00003,1951-08-00003,https://www.geipan.fr/fr/cas/1951-08-00003,DOWNLOADED,19524,ff74e84a11a30da57cecb04969913e7d15c895badf5e40bdbf6990b0a1d855a6,BIARRITZ (64) --.08.1951 | GEIPAN Orange arrow icon Orange arrow icon Orange arrow icon Arrow,
https://www.geipan.fr/fr/cas/1952-06-00004,1952-06-00004,https://www.geipan.fr/fr/cas/1952-06-00004,DOWNLOADED,19263,308c50b547a26726ef3252401f10e0f0af06af0d04e6e5463ea37ecfc32764f6,PORT-GENTIL (GA.8) 01.06.1952 | GEIPAN Orange arrow icon Orange arrow icon Orange arrow icon Arrow,
https://www.geipan.fr/fr/cas/1952-09-08193,1952-09-08193,https://www.geipan.fr/fr/cas/1952-09-08193,DOWNLOADED,19130,b2eb50179870a3359043a155aec619d5676ea525ce0727e2a85ee4f6e1b3f973,CRECY-EN-PONTHIEU (80) 21.09.1952 | GEIPAN Orange arrow icon Orange arrow icon Orange arrow icon Arrow,
https://www.geipan.fr/fr/cas/1953-04-00005,1953-04-00005,https://www.geipan.fr/fr/cas/1953-04-00005,DOWNLOADED,18995,db08433010698e8f79e7bd7a0e597e9c749d6458d92e3c44a8f60db6d6e53c79,LIMOGES (87) 11.04.1953 | GEIPAN Orange arrow icon Orange arrow icon Orange arrow icon Arrow,
https://www.geipan.fr/fr/cas/1953-11-00006,1953-11-00006,https://www.geipan.fr/fr/cas/1953-11-00006,DOWNLOADED,18746,18a50c8952ed06a22f107670ff32e02831c77a2965305dab0021479c3e08cd0c,VELIZY-VILLACOUBLAY (78) 03.11.1953 | GEIPAN Orange arrow icon Orange arrow icon Orange arrow icon Arrow,
https://www.geipan.fr/fr/cas/1954-08-08234,1954-08-08234,https://www.geipan.fr/fr/cas/1954-08-08234,DOWNLOADED,19643,9c02b08208bf0703c6ef34ff53f95cd854629d8b9578c3974ecdf1cfe9732927,MERS-EL-KEBIR (DZ.31) --.08.1954 | GEIPAN Orange arrow icon Orange arrow icon Orange arrow icon Arrow,
https://www.geipan.fr/fr/cas/1954-09-00007,1954-09-00007,https://www.geipan.fr/fr/cas/1954-09-00007,DOWNLOADED,19388,4eebef33b390862a103e13ca20cce165d575ecc78e4736b36af4fa1b5cd2072f,TANGER (MA.01) 05.09.1954 | GEIPAN Orange arrow icon Orange arrow icon Orange arrow icon Arrow,
https://www.geipan.fr/fr/cas/1954-09-00008,1954-09-00008,https://www.geipan.fr/fr/cas/1954-09-00008,DOWNLOADED,20172,2df5b1ee8518f297243b062ac7d3d2586f56f0ddc54620ee9f59fec9f30ee5dd,[CD47] DE HARPONVILLE (80) VERS CONTAY (80) 07.09.1954 | GEIPAN Orange arrow icon Orange arrow icon Orange arrow icon Arrow,
https://www.geipan.fr/fr/cas/1954-09-00010,1954-09-00010,https://www.geipan.fr/fr/cas/1954-09-00010,DOWNLOADED,19207,6a1fa1a9004af6313248d520bb88c51c406308e3677e557f235a47a1fd8f95dd,FIGEAC (46) 27.09.1954 | GEIPAN Orange arrow icon Orange arrow icon Orange arrow icon Arrow,
https://www.geipan.fr/fr/cas/1954-09-09112,1954-09-09112,https://www.geipan.fr/fr/cas/1954-09-09112,DOWNLOADED,20764,821f2b1ca36f06d985a5dd975f9c94aaceeaa47ffe0e7c986c2d2da7a99ece9f,PREMANON (39) 27.09.1954 | GEIPAN Orange arrow icon Orange arrow icon Orange arrow icon Arrow,
https://www.geipan.fr/fr/cas/1954-10-00012,1954-10-00012,https://www.geipan.fr/fr/cas/1954-10-00012,DOWNLOADED,20480,c459b94c54ee1db9bab895b2275870683f80b6482e61d5da4b1f062c999707c7,[AERO MIL] FAVERGES (74) 02.10.1954 | GEIPAN Orange arrow icon Orange arrow icon Orange arrow icon Arrow,
https://www.geipan.fr/fr/cas/1954-10-00013,1954-10-00013,https://www.geipan.fr/fr/cas/1954-10-00013,DOWNLOADED,21126,544dea8afdb9878bf42e38082471113d9e9885ce8176dc9fac84465d2160c1cd,VILLERS-LE-TILLEUL (08) 04.10.1954 | GEIPAN Orange arrow icon Orange arrow icon Orange arrow icon Arrow,
https://www.geipan.fr/fr/cas/1954-10-00014,1954-10-00014,https://www.geipan.fr/fr/cas/1954-10-00014,DOWNLOADED,19000,e64d547920ad977767d356248f3f8906b173b933b431392eee1ac42f4375cadb,CREPY-EN-VALOIS (60) 06.10.1954 | GEIPAN Orange arrow icon Orange arrow icon Orange arrow icon Arrow,
https://www.geipan.fr/fr/cas/1954-10-00015,1954-10-00015,https://www.geipan.fr/fr/cas/1954-10-00015,DOWNLOADED,18622,c586bd5e0a644de1f6f98e05dcab42e5e512cc54cee4840cc9e9833ba5aebf61,LACROIX-SAINT-OUEN (60) 07.10.1954 | GEIPAN Orange arrow icon Orange arrow icon Orange arrow icon Arrow,
https://www.geipan.fr/fr/cas/1954-10-00016,1954-10-00016,https://www.geipan.fr/fr/cas/1954-10-00016,DOWNLOADED,18578,80bd7b53d19a031c79744e6930f298edc9cc90ea342a58be991ccb11adaa984f,LACROIX-SAINT-OUEN (60) 08.10.1954 | GEIPAN Orange arrow icon Orange arrow icon Orange arrow icon Arrow,
https://www.geipan.fr/fr/cas/1954-10-00017,1954-10-00017,https://www.geipan.fr/fr/cas/1954-10-00017,DOWNLOADED,18688,15d46f7433c2452c1538b7b181e61ccceb61a5432e7716609574360c44e1ba59,CROTOY (LE) (80) 09.10.1954 | GEIPAN Orange arrow icon Orange arrow icon Orange arrow icon Arrow,
https://www.geipan.fr/fr/cas/1954-10-00024,1954-10-00024,https://www.geipan.fr/fr/cas/1954-10-00024,DOWNLOADED,19137,e40cb9a512cd8a8667958fc79cc63929aa7c0e7eebb179bc77b0ebfc7484cf8e,[C244] DE ANDRES (62) VERS GUINES (62) 21.10.1954 | GEIPAN Orange arrow icon Orange arrow icon Orange arrow icon Arrow,
https://www.geipan.fr/fr/cas/1954-10-00025,1954-10-00025,https://www.geipan.fr/fr/cas/1954-10-00025,DOWNLOADED,20806,eb85445c46e2c85d300a9c540062f75a7e03faa65b8266b3df5d6f50748bdb50,[D40] de SAINT-MARCEL (08) vers HAUDRECY (08) 27.10.1954 | GEIPAN Orange arrow icon Orange arrow icon Orange arrow icon Arrow,
https://www.geipan.fr/fr/cas/1954-10-00026,1954-10-00026,https://www.geipan.fr/fr/cas/1954-10-00026,DOWNLOADED,21279,7e1c304500f3c8799ff468ecac47099a5e5adf68e974cc1eec7568d6fca4c4af,LONG (80) 31.10.1954 | GEIPAN Orange arrow icon Orange arrow icon Orange arrow icon Arrow,
https://www.geipan.fr/fr/cas/1954-10-09216,1954-10-09216,https://www.geipan.fr/fr/cas/1954-10-09216,DOWNLOADED,19237,64cf1df77555216c83e4567709b4aa0459549e33df7660dcc779beb607f0c985,WIMEREUX (62) 02.10.1954 | GEIPAN Orange arrow icon Orange arrow icon Orange arrow icon Arrow,
https://www.geipan.fr/fr/cas/1954-10-09217,1954-10-09217,https://www.geipan.fr/fr/cas/1954-10-09217,DOWNLOADED,21811,0a26fc721aaa7f50bc4b1dbd8fcf97f3e2992aec22cb000742a2a9aa42246014,DOULLENS (80) 19.10.1954 | GEIPAN Orange arrow icon Orange arrow icon Orange arrow icon Arrow,
https://www.geipan.fr/fr/cas/1954-10-09218,1954-10-09218,https://www.geipan.fr/fr/cas/1954-10-09218,DOWNLOADED,18575,05e9904e3f425067050dbd6c2e19b425023f512674d1d836c2ec36dfdae76545,HEM-HARDINVAL (80) 14.10.1954 | GEIPAN Orange arrow icon Orange arrow icon Orange arrow icon Arrow,
https://www.geipan.fr/fr/cas/1954-10-09227,1954-10-09227,https://www.geipan.fr/fr/cas/1954-10-09227,DOWNLOADED,29312,9cbf880aa7025f97a12bc8b6a12c4bb205bf15be14fd2a357038fd376d035ae4,PONCEY-SUR-L'IGNON (21) 04.10.1954 | GEIPAN Orange arrow icon Orange arrow icon Orange arrow icon Arrow,
https://www.geipan.fr/fr/cas/1954-10-09243,1954-10-09243,https://www.geipan.fr/fr/cas/1954-10-09243,DOWNLOADED,19372,66d44a7f08423f828cc152d6591e7adf7ab0c135ba8f818e98d1122a64087336,MAILLY-LE-CAMP (10) 27.10.1954 | GEIPAN Orange arrow icon Orange arrow icon Orange arrow icon Arrow,
https://www.geipan.fr/fr/cas/1954-10-09244,1954-10-09244,https://www.geipan.fr/fr/cas/1954-10-09244,DOWNLOADED,20197,8c4a717ec0611de7584fb311196d2e4d5af0bd98aea4aa37c0625b0823c6a594,OYE-PLAGE (62) 27.10.1954 | GEIPAN Orange arrow icon Orange arrow icon Orange arrow icon Arrow,
https://www.geipan.fr/fr/cas/1954-11-00030,1954-11-00030,https://www.geipan.fr/fr/cas/1954-11-00030,DOWNLOADED,19360,da73af5829305b500233ba8b15db3b46c8b402b5714790b09704aeaa020b1854,TEMARA (MA.01) 20.11.1954 | GEIPAN Orange arrow icon Orange arrow icon Orange arrow icon Arrow,
https://www.geipan.fr/fr/cas/1955-01-00033,1955-01-00033,https://www.geipan.fr/fr/cas/1955-01-00033,DOWNLOADED,18995,9fc40c346a3344e03b311827f2b8b4df7c9a84a667b0820fb13e7589eba766bf,SAINT-SIMON (02) 19.01.1955 | GEIPAN Orange arrow icon Orange arrow icon Orange arrow icon Arrow,
https://www.geipan.fr/fr/cas/1955-01-01950,1955-01-01950,https://www.geipan.fr/fr/cas/1955-01-01950,DOWNLOADED,18987,596f8bd78befed0a0b7dafa8d455dc1da7c3a2d31dbeaf7aba49a32598a38b10,REMIREMONT (88) --.--.1955 | GEIPAN Orange arrow icon Orange arrow icon Orange arrow icon Arrow,
https://www.geipan.fr/fr/cas/1955-05-00034,1955-05-00034,https://www.geipan.fr/fr/cas/1955-05-00034,DOWNLOADED,18679,9c1e627efef78e9f549df46dceb5feb48a853200d5feda5833e3e73926986df7,GIVET (08) 20.05.1955 | GEIPAN Orange arrow icon Orange arrow icon Orange arrow icon Arrow,
https://www.geipan.fr/fr/cas/1955-06-00035,1955-06-00035,https://www.geipan.fr/fr/cas/1955-06-00035,DOWNLOADED,18647,e2e8ddad6619403f9eed229bca47e5f3607f36855a64d27144a99285e9c75489,CAVAILLON (84) 05.06.1955 | GEIPAN Orange arrow icon Orange arrow icon Orange arrow icon Arrow,
https://www.geipan.fr/fr/cas/1956-04-00036,1956-04-00036,https://www.geipan.fr/fr/cas/1956-04-00036,DOWNLOADED,21528,3e97d90821e96bffadaff8b2f0483867ed003bb23206722c5b53297f53641324,(DPT) SEINE-MARITIME (76) 08.04.1956 | GEIPAN Orange arrow icon Orange arrow icon Orange arrow icon Arrow,
https://www.geipan.fr/fr/cas/1956-09-09134,1956-09-09134,https://www.geipan.fr/fr/cas/1956-09-09134,DOWNLOADED,19704,60dfdd7dc4cf3095b3d2228750619644f097c12e58ab295191139029ee4fdbb9,[AERO MIL] BRIOUDE (43) 20.09.1956 | GEIPAN Orange arrow icon Orange arrow icon Orange arrow icon Arrow,
https://www.geipan.fr/fr/cas/1956-11-00037,1956-11-00037,https://www.geipan.fr/fr/cas/1956-11-00037,DOWNLOADED,18649,60b1e6bb91a7bc3f233345e0f83ced5e2f18c25f830360ab33ad22b4ef7caf6e,PARIS (75) 15.11.1956 | GEIPAN Orange arrow icon Orange arrow icon Orange arrow icon Arrow,
https://www.geipan.fr/fr/cas/1957-01-00038,1957-01-00038,https://www.geipan.fr/fr/cas/1957-01-00038,DOWNLOADED,18474,fb9755fdee3075a296ef2c61766558a59616049ad646103e776a2df5e9f824c0,HADJOUT (DZ.42) 03.01.1957 | GEIPAN Orange arrow icon Orange arrow icon Orange arrow icon Arrow,
https://www.geipan.fr/fr/cas/1957-10-00040,1957-10-00040,https://www.geipan.fr/fr/cas/1957-10-00040,DOWNLOADED,21143,a78ac1e4b0c5ffdc82adfd80ed49ff00b8e853b337a1bff6ca173c5c011d65a7,(DPT) ARDENNES (08) 30.10.1957 | GEIPAN Orange arrow icon Orange arrow icon Orange arrow icon Arrow,
https://www.geipan.fr/fr/cas/1957-12-00041,1957-12-00041,https://www.geipan.fr/fr/cas/1957-12-00041,DOWNLOADED,19115,d1c1087642b5ce23841f78b2408ef73463d62d92986f2ed4ebe179f1e326c2c5,[AERO CTL] COGNAC (16) 17.12.1957 | GEIPAN Orange arrow icon Orange arrow icon Orange arrow icon Arrow,
https://www.geipan.fr/fr/cas/1959-03-00042,1959-03-00042,https://www.geipan.fr/fr/cas/1959-03-00042,DOWNLOADED,18792,cc11047602774d5b4d9015c7c67a9ccf38ceb336fb3cc74f3fd21ef478431a21,TOMBOUCTOU (ML.06) 20.03.1953 | GEIPAN Orange arrow icon Orange arrow icon Orange arrow icon Arrow,
https://www.geipan.fr/fr/cas/1959-09-00043,1959-09-00043,https://www.geipan.fr/fr/cas/1959-09-00043,DOWNLOADED,19643,62f6181c5e88530f41fb338d2f7d64cdbe4b0b4636202ad37d21002d6c13490f,SALI (DZ.01) 14.09.1959 | GEIPAN Orange arrow icon Orange arrow icon Orange arrow icon Arrow,
https://www.geipan.fr/fr/cas/1959-11-00044,1959-11-00044,https://www.geipan.fr/fr/cas/1959-11-00044,DOWNLOADED,18888,5e916786ec428b5f1c9141bf00d1970a46527c562cae325c3860f66047948f6a,DAKAR (SN.DK) 24.11.1959 | GEIPAN Orange arrow icon Orange arrow icon Orange arrow icon Arrow,
https://www.geipan.fr/fr/cas/1960-04-02014,1960-04-02014,https://www.geipan.fr/fr/cas/1960-04-02014,DOWNLOADED,18603,faf4b176fe97b2064e03ab4783d96a9bc4a7bb89e20c6f90cd66a8a04f39beae,PIERREFORT (15) --.--.1960 | GEIPAN Orange arrow icon Orange arrow icon Orange arrow icon Arrow,
https://www.geipan.fr/fr/cas/1960-07-08172,1960-07-08172,https://www.geipan.fr/fr/cas/1960-07-08172,DOWNLOADED,19677,77c56d778ff8c5b5b016c4f0687c41e70cbbbe47aeacc6adb14cd82513aa8d1f,WISSOUS (91) --.--.1960 | GEIPAN Orange arrow icon Orange arrow icon Orange arrow icon Arrow,
https://www.geipan.fr/fr/cas/1960-08-09109,1960-08-09109,https://www.geipan.fr/fr/cas/1960-08-09109,DOWNLOADED,19666,d22a0870cc9a33c99f8739ba925eb1dc82d0d6095f34430377bab12460a2e280,MORLINCOURT (60) --.08.1960 | GEIPAN Orange arrow icon Orange arrow icon Orange arrow icon Arrow,
https://www.geipan.fr/fr/cas/1960-11-00048,1960-11-00048,https://www.geipan.fr/fr/cas/1960-11-00048,DOWNLOADED,19980,983dc382b376398c165ec637fd57851c9926a404b87483160c482b9d075b6cba,LONDE (LA) (76) 13.11.1960 | GEIPAN Orange arrow icon Orange arrow icon Orange arrow icon Arrow,
https://www.geipan.fr/fr/cas/1963-11-01791,1963-11-01791,https://www.geipan.fr/fr/cas/1963-11-01791,DOWNLOADED,20115,b8c33436871d4989058dc1f61405535861e518299859edc0d139e224bda2796f,PREMESQUES (59) 11.11.1963 | GEIPAN Orange arrow icon Orange arrow icon Orange arrow icon Arrow,
https://www.geipan.fr/fr/cas/1964-03-01780,1964-03-01780,https://www.geipan.fr/fr/cas/1964-03-01780,DOWNLOADED,19712,dff51118445b973f441ea995f77ae0d6e0d39929a763deb961f2d3b67fba819d,BOURGET-DU-LAC (LE) (73) --.02.1964 | GEIPAN Orange arrow icon Orange arrow icon Orange arrow icon Arrow,
https://www.geipan.fr/fr/cas/1965-07-00050,1965-07-00050,https://www.geipan.fr/fr/cas/1965-07-00050,DOWNLOADED,20537,cb1d20cf6e8fd397630da2e5ca851e7b7e58137731d39cab4a93f08e796fd995,VALENSOLE (04) 01.07.1965 | GEIPAN Orange arrow icon Orange arrow icon Orange arrow icon Arrow,
https://www.geipan.fr/fr/cas/1965-07-02381,1965-07-02381,https://www.geipan.fr/fr/cas/1965-07-02381,DOWNLOADED,19617,1a21f6a9b75fe5c4fac9d9ee24381f87f325c8d1a30482afd9ca68f9d8e43aa9,DE MOUSTIERS-SAINTE-MARIE (04) vers MANOSQUE (04) --.07.1965 | GEIPAN Orange arrow icon Orange arrow icon Orange arrow icon Arrow,
https://www.geipan.fr/fr/cas/1965-07-02569,1965-07-02569,https://www.geipan.fr/fr/cas/1965-07-02569,DOWNLOADED,19636,f798c3aca8deae735d72cdd03fc51084e18efcf9d420430e2636afc55c7efc8a,BLOIS (41) 23.07.1965 | GEIPAN Orange arrow icon Orange arrow icon Orange arrow icon Arrow,
https://www.geipan.fr/fr/cas/1965-08-02422,1965-08-02422,https://www.geipan.fr/fr/cas/1965-08-02422,DOWNLOADED,18777,11bc53ba0dab60d9b52f1cefa844a6b794c5e88b4cce6d8fe593aa46dd639867,BEAUVAIS (60) --.08.1965 | GEIPAN Orange arrow icon Orange arrow icon Orange arrow icon Arrow,
https://www.geipan.fr/fr/cas/1967-09-09106,1967-09-09106,https://www.geipan.fr/fr/cas/1967-09-09106,DOWNLOADED,19128,89ad35da0ae334facbfb112b8a312f369e87d69494935352f116e4344413359f,SEILLONS-SOURCE-D'ARGENS (83) --.09.1967 | GEIPAN Orange arrow icon Orange arrow icon Orange arrow icon Arrow,
https://www.geipan.fr/fr/cas/1969-10-02635,1969-10-02635,https://www.geipan.fr/fr/cas/1969-10-02635,DOWNLOADED,20820,5c6eefa340cd3c382a7b9bbdec6e874d9ec49c32ac0d09374cfa0da52c56a717,NANTES (44) 08.10.1969 | GEIPAN Orange arrow icon Orange arrow icon Orange arrow icon Arrow,
https://www.geipan.fr/fr/cas/1970-01-01778,1970-01-01778,https://www.geipan.fr/fr/cas/1970-01-01778,DOWNLOADED,19078,aabe0ec83761d1733522624e84a5863ea6bd3594c13bba82ca4094b4a9b163a5,FORT-DE-FRANCE (972) --.--.1970 | GEIPAN Orange arrow icon Orange arrow icon Orange arrow icon Arrow,
https://www.geipan.fr/fr/cas/1970-01-01784,1970-01-01784,https://www.geipan.fr/fr/cas/1970-01-01784,DOWNLOADED,19381,7b3c008eb15ea5ca9492855d8f1a28f18582f0e5aa83d29e6a78e5e284887fbd,(DPT) LANDES (40) --.07.1970 | GEIPAN Orange arrow icon Orange arrow icon Orange arrow icon Arrow,
https://www.geipan.fr/fr/cas/1971-11-08602,1971-11-08602,https://www.geipan.fr/fr/cas/1971-11-08602,DOWNLOADED,20760,04a24f901e001620e293d815e66e474d4483277126519fa3c292768e233073be,NEUVES-MAISONS (54) 02.11.1971 | GEIPAN Orange arrow icon Orange arrow icon Orange arrow icon Arrow,
https://www.geipan.fr/fr/cas/1972-12-02331,1972-12-02331,https://www.geipan.fr/fr/cas/1972-12-02331,DOWNLOADED,19313,8d554f539dc308dee00d844074ca66c32c694c8ef10b976b04c20dd79ce54229,HAUTEVILLE-LOMPNES (01) 13.12.1972 | GEIPAN Orange arrow icon Orange arrow icon Orange arrow icon Arrow,
https://www.geipan.fr/fr/cas/1973-01-01765,1973-01-01765,https://www.geipan.fr/fr/cas/1973-01-01765,DOWNLOADED,18704,258bf266f5000ffc7957b79d16bc0bf2781e29e03343a59e3acda76272377ae7,NOUMEA (988) --.--.1973 | GEIPAN Orange arrow icon Orange arrow icon Orange arrow icon Arrow,
https://www.geipan.fr/fr/cas/1973-01-02356,1973-01-02356,https://www.geipan.fr/fr/cas/1973-01-02356,DOWNLOADED,19513,1276558c625f272de972710e2d3ba6000dee0dacfc91bfe92a385e499a684809,CARCES (83) --.--.1973 | GEIPAN Orange arrow icon Orange arrow icon Orange arrow icon Arrow,
https://www.geipan.fr/fr/cas/1974-05-02510,1974-05-02510,https://www.geipan.fr/fr/cas/1974-05-02510,DOWNLOADED,18484,f15650fa2e8a2b73f86b069392bd6205ddddb5b59f8fbdb0a82b7e93eb6f1100,CONCARNEAU (29) --.--.1974 | GEIPAN Orange arrow icon Orange arrow icon Orange arrow icon Arrow,
https://www.geipan.fr/fr/cas/1974-10-01768,1974-10-01768,https://www.geipan.fr/fr/cas/1974-10-01768,DOWNLOADED,18664,dfd0d5c7f06a1e553e0aa1a9cb7be1c66c6ced4757fc041ed2877266f323c218,SAINT-GILLES (30) 13.10.1974 | GEIPAN Orange arrow icon Orange arrow icon Orange arrow icon Arrow,
https://www.geipan.fr/fr/cas/1974-11-02018,1974-11-02018,https://www.geipan.fr/fr/cas/1974-11-02018,DOWNLOADED,20951,a99c985d14b6e88b8588d3b89ba65550d3c9afb74f5d2adecbc8bc376a9afd20,SOUGE-LE-GANELON (72) 02.11.1974 | GEIPAN Orange arrow icon Orange arrow icon Orange arrow icon Arrow,
https://www.geipan.fr/fr/cas/1975-01-00204,1975-01-00204,https://www.geipan.fr/fr/cas/1975-01-00204,DOWNLOADED,18871,bf58d3a4b786883577666675a650c971792d2e0055c5567da6ce1832178795c2,MONTPELLIER (34) 19.01.1975 | GEIPAN Orange arrow icon Orange arrow icon Orange arrow icon Arrow,
https://www.geipan.fr/fr/cas/1975-02-00207,1975-02-00207,https://www.geipan.fr/fr/cas/1975-02-00207,DOWNLOADED,18917,63ad2d35f6c7eb2f6b0ff3365e8af51fdd3eccde0d7ba4e46993b9ebeabf70ef,SAINT-JEAN-D'ANGELY (17) 15.02.1975 | GEIPAN Orange arrow icon Orange arrow icon Orange arrow icon Arrow,
https://www.geipan.fr/fr/cas/1975-02-00208,1975-02-00208,https://www.geipan.fr/fr/cas/1975-02-00208,DOWNLOADED,19541,ed86695d8e07aee3ce48b119b04c65b2e3272487f7fd3e719f225d050294a4d5,NATIONAL (FR) 17.02.1975 | GEIPAN Orange arrow icon Orange arrow icon Orange arrow icon Arrow,
https://www.geipan.fr/fr/cas/1975-02-00209,1975-02-00209,https://www.geipan.fr/fr/cas/1975-02-00209,DOWNLOADED,20150,ee486e05c92abd0abc6fae9156fff4dfb4d2e73070b1f321dcaa27a2916392ac,CASTELNAU-DE-MONTMIRAL (81) 18.02.1975 | GEIPAN Orange arrow icon Orange arrow icon Orange arrow icon Arrow,
https://www.geipan.fr/fr/cas/1975-02-00210,1975-02-00210,https://www.geipan.fr/fr/cas/1975-02-00210,DOWNLOADED,19004,09907eccc5468d784a024b322d0ce3b52aa9c896526470a1e1dada2a06bb993f,VERNOUX-EN-VIVARAIS (07) 25.02.1975 | GEIPAN Orange arrow icon Orange arrow icon Orange arrow icon Arrow,
https://www.geipan.fr/fr/cas/1975-03-00216,1975-03-00216,https://www.geipan.fr/fr/cas/1975-03-00216,DOWNLOADED,21723,605f54e94d5f4fb6759ecd611dff82832d7ac4f5db0647b22b35408cb1221f3d,SAINT-HILAIRE-LEZ-CAMBRAI (59) 31.03.1975 | GEIPAN Orange arrow icon Orange arrow icon Orange arrow icon Arrow,
https://www.geipan.fr/fr/cas/1975-09-00262,1975-09-00262,https://www.geipan.fr/fr/cas/1975-09-00262,DOWNLOADED,19050,9750e2f0c60c133dc121a081d9299972e01ac22eaa015971f46f062be0e0bfd5,JEUMONT (59) 26.09.1975 | GEIPAN Orange arrow icon Orange arrow icon Orange arrow icon Arrow,
https://www.geipan.fr/fr/cas/1976-01-00278,1976-01-00278,https://www.geipan.fr/fr/cas/1976-01-00278,DOWNLOADED,18817,5fe581f8dd50f5c1292516449d97582b3f4395bdab125062119bc5a78b5cee6c,SAINS-RICHAUMONT (02) 01.01.1976 | GEIPAN Orange arrow icon Orange arrow icon Orange arrow icon Arrow,
https://www.geipan.fr/fr/cas/1976-01-00279,1976-01-00279,https://www.geipan.fr/fr/cas/1976-01-00279,DOWNLOADED,19408,93df1b40e4c315bf7ba1f1fde097b282c20f2965ade3bf531a87166b07500ed9,DOMENE (38) --.01.1976 | GEIPAN Orange arrow icon Orange arrow icon Orange arrow icon Arrow,
https://www.geipan.fr/fr/cas/1976-01-00280,1976-01-00280,https://www.geipan.fr/fr/cas/1976-01-00280,DOWNLOADED,18530,2a414525241997afeda6815021fc379f70927613a3a524de4e8ab21f808b61d1,SAINT-PIERRE (974) 09.01.1976 | GEIPAN Orange arrow icon Orange arrow icon Orange arrow icon Arrow,
https://www.geipan.fr/fr/cas/1976-01-00281,1976-01-00281,https://www.geipan.fr/fr/cas/1976-01-00281,DOWNLOADED,18759,31c6af6966f5402f023a4f5826698bed6cc450cc2a98465ecf3a2ecb34258030,GRIMAUD (83) 10.01.1976 | GEIPAN Orange arrow icon Orange arrow icon Orange arrow icon Arrow,
https://www.geipan.fr/fr/cas/1976-01-00282,1976-01-00282,https://www.geipan.fr/fr/cas/1976-01-00282,DOWNLOADED,18782,8c82297f0dcf81884cff9ee02c686c35476f33d464d1f025c974e59e13af344c,VALBONNAIS (38) 13.01.1976 | GEIPAN Orange arrow icon Orange arrow icon Orange arrow icon Arrow,
https://www.geipan.fr/fr/cas/1976-01-00283,1976-01-00283,https://www.geipan.fr/fr/cas/1976-01-00283,DOWNLOADED,18595,c91ba2dfe282fe5ca25581d3d1dfbfcfc54f40378af7fd797d43b4113d96a3d6,NEUVILLE-SAINT-VAAST (62) 17.01.1976 | GEIPAN Orange arrow icon Orange arrow icon Orange arrow icon Arrow,
https://www.geipan.fr/fr/cas/1976-01-00284,1976-01-00284,https://www.geipan.fr/fr/cas/1976-01-00284,DOWNLOADED,18834,7bc36ce3bbfc7c06937071c1835c2a93fe1f472069ce3cefcb048d86da3f75c0,ESPALION (12) 19.01.1976 | GEIPAN Orange arrow icon Orange arrow icon Orange arrow icon Arrow,
https://www.geipan.fr/fr/cas/1976-01-00285,1976-01-00285,https://www.geipan.fr/fr/cas/1976-01-00285,DOWNLOADED,18751,bb21c65a0de014acf696c6e3baef5c97ebdc53f7b20880fdd4f3d61f41ac09f2,CHANTONAY (85) 24.01.1976 | GEIPAN Orange arrow icon Orange arrow icon Orange arrow icon Arrow,
https://www.geipan.fr/fr/cas/1976-01-02676,1976-01-02676,https://www.geipan.fr/fr/cas/1976-01-02676,DOWNLOADED,18549,3e20ebb85f39315829355e0b931e03c91eae388f0f1b4a40b7512046f1963628,CHAMBOURG-SUR-INDRE (37) 31.01.1976 | GEIPAN Orange arrow icon Orange arrow icon Orange arrow icon Arrow,
https://www.geipan.fr/fr/cas/1976-02-00286,1976-02-00286,https://www.geipan.fr/fr/cas/1976-02-00286,DOWNLOADED,19105,76d50bc430a6d0832bf531d1ed87257cba11bfac102cf6eff70342e9e8195852,LAUZET-UBAYE (04) 03.02.1976 | GEIPAN Orange arrow icon Orange arrow icon Orange arrow icon Arrow,
https://www.geipan.fr/fr/cas/1976-02-00287,1976-02-00287,https://www.geipan.fr/fr/cas/1976-02-00287,DOWNLOADED,18698,0815812bad5a9b34864ed9cabe0de1d5eb7b1a398a831b8963bec8403481ecd7,CHATEAURENARD (13) 05.02.1976 | GEIPAN Orange arrow icon Orange arrow icon Orange arrow icon Arrow,
https://www.geipan.fr/fr/cas/1976-02-00288,1976-02-00288,https://www.geipan.fr/fr/cas/1976-02-00288,DOWNLOADED,21955,454306346659b4e81eff43f27df4a2e51971be05f0e888d303c4245bcaec99c0,(DPT) VENDEE (85) 09.02.1976 | GEIPAN Orange arrow icon Orange arrow icon Orange arrow icon Arrow,
https://www.geipan.fr/fr/cas/1976-02-00289,1976-02-00289,https://www.geipan.fr/fr/cas/1976-02-00289,DOWNLOADED,18449,464d8a8f1f107beeabc74d850b41c92696f2010eca044ef42102e1d40be24b9a,BILLOM (63) 17.02.1976 | GEIPAN Orange arrow icon Orange arrow icon Orange arrow icon Arrow,
https://www.geipan.fr/fr/cas/1976-03-00291,1976-03-00291,https://www.geipan.fr/fr/cas/1976-03-00291,DOWNLOADED,19625,d8f09476f309fc4931e48cae2512b27791f64c91f97935fbfda4bb512b58c363,CAPESTERRE-DE-MARIE-GALANTE (971) 24.03.1976 | GEIPAN Orange arrow icon Orange arrow icon Orange arrow icon Arrow,
https://www.geipan.fr/fr/cas/1976-03-00292,1976-03-00292,https://www.geipan.fr/fr/cas/1976-03-00292,DOWNLOADED,18886,008446f6d4f57713bb64fb1bf4b9d01915ee616f51dc34b1ffe8a42e362a9740,THUIR (66) 25.03.1976 | GEIPAN Orange arrow icon Orange arrow icon Orange arrow icon Arrow,
https://www.geipan.fr/fr/cas/1976-03-00293,1976-03-00293,https://www.geipan.fr/fr/cas/1976-03-00293,DOWNLOADED,18813,d83a4e074640911a842b2c6d58f707b119ccddc1ccea25797773e4ba76d73d08,SAINT-DENIS (974) 27.03.1976 | GEIPAN Orange arrow icon Orange arrow icon Orange arrow icon Arrow,
https://www.geipan.fr/fr/cas/1976-03-00294,1976-03-00294,https://www.geipan.fr/fr/cas/1976-03-00294,DOWNLOADED,18462,5885f24c4a94a5b97eed608137ec8f350c07fc8eade0299d471f86a1c48c57ee,ROANNE (42) 29.03.1976 | GEIPAN Orange arrow icon Orange arrow icon Orange arrow icon Arrow,
https://www.geipan.fr/fr/cas/1976-04-00296,1976-04-00296,https://www.geipan.fr/fr/cas/1976-04-00296,DOWNLOADED,19163,ee7f1ecc2633fe253433bd4032ba4f01746a3f1154c2af9fcb7d8d50c0293891,SAINT-PAUL (974) 01.04.1976 | GEIPAN Orange arrow icon Orange arrow icon Orange arrow icon Arrow,
https://www.geipan.fr/fr/cas/1976-04-00297,1976-04-00297,https://www.geipan.fr/fr/cas/1976-04-00297,DOWNLOADED,19152,f982a11cbc7c326bb80cab936c6cfe9816651db59038216e6f38aae576db9f08,PONT-SAINTE-MAXENCE (60) 05.04.1976 | GEIPAN Orange arrow icon Orange arrow icon Orange arrow icon Arrow,
https://www.geipan.fr/fr/cas/1976-04-00298,1976-04-00298,https://www.geipan.fr/fr/cas/1976-04-00298,DOWNLOADED,19800,889859da802e51565f03f2d047697dcf0b6145e995666459894ca7adcf42729d,LAROQUE-TIMBAUT (47) 07.04.1976 | GEIPAN Orange arrow icon Orange arrow icon Orange arrow icon Arrow,
https://www.geipan.fr/fr/cas/1976-04-00299,1976-04-00299,https://www.geipan.fr/fr/cas/1976-04-00299,DOWNLOADED,18486,48f282db75b56fc5f60bd4e584507ed261524b7b05a059c16ae9769c889af084,CRIEL-SUR-MER (76) 15.04.1976 | GEIPAN Orange arrow icon Orange arrow icon Orange arrow icon Arrow,
https://www.geipan.fr/fr/cas/1976-04-00300,1976-04-00300,https://www.geipan.fr/fr/cas/1976-04-00300,DOWNLOADED,18901,be9f16e7b1db541e2991e29fe9f3c5ebbeee225f832eeb0529a6fe9d65b30cc1,EYMET (24) 24.04.1976 | GEIPAN Orange arrow icon Orange arrow icon Orange arrow icon Arrow,
https://www.geipan.fr/fr/cas/1976-05-00303,1976-05-00303,https://www.geipan.fr/fr/cas/1976-05-00303,DOWNLOADED,18587,dfdd5e8574e4042a656debe4e49242b78026b2c9fc7654d80724fd2555ec44a8,MATHA (17) 24.05.1976 | GEIPAN Orange arrow icon Orange arrow icon Orange arrow icon Arrow,
https://www.geipan.fr/fr/cas/1976-06-00304,1976-06-00304,https://www.geipan.fr/fr/cas/1976-06-00304,DOWNLOADED,18500,d456734996602e6c45f0c305a2fa72a8fc7381ba4167657c71f17398e60271a4,PROVENCY (89) 06.06.1976 | GEIPAN Orange arrow icon Orange arrow icon Orange arrow icon Arrow,
https://www.geipan.fr/fr/cas/1976-06-00306,1976-06-00306,https://www.geipan.fr/fr/cas/1976-06-00306,DOWNLOADED,18421,5bba4cba5d2e9fe06c6319b51b5e6cbd5788782e8c8f3f5fb11e1001ad19bf39,DIEPPE (76) 18.06.1976 | GEIPAN Orange arrow icon Orange arrow icon Orange arrow icon Arrow,
https://www.geipan.fr/fr/cas/1976-06-00308,1976-06-00308,https://www.geipan.fr/fr/cas/1976-06-00308,DOWNLOADED,19415,06d5b4333963107d1abc1cc305ae11597ad71ef3a421da1322110106d3afb599,BISCHWILLER (67) 22.06.1976 | GEIPAN Orange arrow icon Orange arrow icon Orange arrow icon Arrow,
https://www.geipan.fr/fr/cas/1976-06-00310,1976-06-00310,https://www.geipan.fr/fr/cas/1976-06-00310,DOWNLOADED,19132,59a2257eb7715554145dbcde57e5d0a92afb11e43921d5c6512cb80437e83597,JONCY (71) 25.06.1976 | GEIPAN Orange arrow icon Orange arrow icon Orange arrow icon Arrow,
https://www.geipan.fr/fr/cas/1976-06-02710,1976-06-02710,https://www.geipan.fr/fr/cas/1976-06-02710,DOWNLOADED,18484,6540215c203495a53c3e87ea5f89ad27bc84eba980e865fc23dc506272d77be6,PONT-DU-CASSE (47) 06.06.1976 | GEIPAN Orange arrow icon Orange arrow icon Orange arrow icon Arrow,
https://www.geipan.fr/fr/cas/1976-07-00311,1976-07-00311,https://www.geipan.fr/fr/cas/1976-07-00311,DOWNLOADED,18516,e6b2e2d6f4ecbc4dfee5d3b7764a65391e50422e578b2887e672677ae81580ea,CHOLET (49) 02.07.1976 | GEIPAN Orange arrow icon Orange arrow icon Orange arrow icon Arrow,
https://www.geipan.fr/fr/cas/1976-07-00313,1976-07-00313,https://www.geipan.fr/fr/cas/1976-07-00313,DOWNLOADED,18282,a6fbff08036e890427805cfb78dd576ada79662d410402813b1afccae7da90a9,AVALLON (89) 07.07.1976 | GEIPAN Orange arrow icon Orange arrow icon Orange arrow icon Arrow,
https://www.geipan.fr/fr/cas/1976-07-00315,1976-07-00315,https://www.geipan.fr/fr/cas/1976-07-00315,DOWNLOADED,18601,3e1aee9e2dd4805534df56653f3090fbf8d7272c7b1219d17a627d90cdc72bfa,ENTREVAUX (04) 09.07.1976 | GEIPAN Orange arrow icon Orange arrow icon Orange arrow icon Arrow,
https://www.geipan.fr/fr/cas/1976-07-00316,1976-07-00316,https://www.geipan.fr/fr/cas/1976-07-00316,DOWNLOADED,18697,ef0928aec918bc806a6bd6c7b42721c1593ddb4109a77d31b8183aea9100b7da,EPINAL (88) 10.07.1976 | GEIPAN Orange arrow icon Orange arrow icon Orange arrow icon Arrow,
https://www.geipan.fr/fr/cas/1976-07-00317,1976-07-00317,https://www.geipan.fr/fr/cas/1976-07-00317,DOWNLOADED,19112,6bff1e72e918f64807574d39ac19e8292801cf4b55367b63017bd84add33d997,SAINT-GEOIRE-EN-VALDAINE (38) 11.07.1976 | GEIPAN Orange arrow icon Orange arrow icon Orange arrow icon Arrow,
https://www.geipan.fr/fr/cas/1976-07-00318,1976-07-00318,https://www.geipan.fr/fr/cas/1976-07-00318,DOWNLOADED,19020,3d55dd15de1bdbe9017df9a60006f9795ce63540e2d5f406c568e981abf5b36d,VOID-VACON (55) 13.07.1976 | GEIPAN Orange arrow icon Orange arrow icon Orange arrow icon Arrow,
https://www.geipan.fr/fr/cas/1976-07-00319,1976-07-00319,https://www.geipan.fr/fr/cas/1976-07-00319,DOWNLOADED,19039,5886905443c7c0cfc952c977c6d26f52a259c94db8a0229dc6bd06d8a4d0fffa,REVIN (08) 15.07.1976 | GEIPAN Orange arrow icon Orange arrow icon Orange arrow icon Arrow,
https://www.geipan.fr/fr/cas/1976-07-00320,1976-07-00320,https://www.geipan.fr/fr/cas/1976-07-00320,DOWNLOADED,18585,36e447d76df45ed77af530e74e5d7aea1a1684f0f547deaacb25fef761c9de53,COLOMBES (92) 16.07.1976 | GEIPAN Orange arrow icon Orange arrow icon Orange arrow icon Arrow,
https://www.geipan.fr/fr/cas/1976-07-00321,1976-07-00321,https://www.geipan.fr/fr/cas/1976-07-00321,DOWNLOADED,18674,2d488959ac9564868f6b6aa78e451faf067087e5b122d476714a03d194323995,CHATEAUNEUF-VAL-DE-BARGIS (58) 19.07.1976 | GEIPAN Orange arrow icon Orange arrow icon Orange arrow icon Arrow,
https://www.geipan.fr/fr/cas/1976-07-00323,1976-07-00323,https://www.geipan.fr/fr/cas/1976-07-00323,DOWNLOADED,19138,b006b9dcc521640fadc188cd0e45a4087d5612ee354e4f28a851593e92a4b4a3,CONDOM (32) 23.07.1976 | GEIPAN Orange arrow icon Orange arrow icon Orange arrow icon Arrow,
https://www.geipan.fr/fr/cas/1976-07-00325,1976-07-00325,https://www.geipan.fr/fr/cas/1976-07-00325,DOWNLOADED,18974,a3837e6836b7b10eb13b8b2a6faee73e180822ab0b0a993a444739941932c6c5,LAROQUE-TIMBAUT (47) 29.07.1976 | GEIPAN Orange arrow icon Orange arrow icon Orange arrow icon Arrow,
https://www.geipan.fr/fr/cas/1976-07-00326,1976-07-00326,https://www.geipan.fr/fr/cas/1976-07-00326,DOWNLOADED,18445,5a558c20c2b50ea793fd41141cfeec8c13b3b6c9b1464b7f7573bf876ac3d213,CHIRENS (38) 30.07.1976 | GEIPAN Orange arrow icon Orange arrow icon Orange arrow icon Arrow,
https://www.geipan.fr/fr/cas/1976-07-02733,1976-07-02733,https://www.geipan.fr/fr/cas/1976-07-02733,DOWNLOADED,18372,e01759348ef7cf807f1feb015ec7ed58e83d4f940a6a05d0702c66f95f1110e3,MIRAMONT-D'ASTARAC (32) 19.05.1976 | GEIPAN Orange arrow icon Orange arrow icon Orange arrow icon Arrow,
https://www.geipan.fr/fr/cas/1976-08-00329,1976-08-00329,https://www.geipan.fr/fr/cas/1976-08-00329,DOWNLOADED,18480,24a0cb3a0cafe30a4794fdc2a3d572dbde57bf5e90bdf11130659eae31d5b760,ANGLEMONT (88) 03.08.1976 | GEIPAN Orange arrow icon Orange arrow icon Orange arrow icon Arrow,
https://www.geipan.fr/fr/cas/1976-08-00335,1976-08-00335,https://www.geipan.fr/fr/cas/1976-08-00335,DOWNLOADED,20591,6906bad043d4b023af8f05ad3e440b7bc146fc1080d75d52ff5d7d3b0536f1d4,SAINT-GENIES-DES-MOURGUES (34) 23.08.1976 | GEIPAN Orange arrow icon Orange arrow icon Orange arrow icon Arrow,
https://www.geipan.fr/fr/cas/1976-08-00336,1976-08-00336,https://www.geipan.fr/fr/cas/1976-08-00336,DOWNLOADED,18551,8f31a50569b1eee3d46741ab9afd07253d10f9ddeda0714bb82f7914595713d1,FORBACH (57) 27.08.1976 | GEIPAN Orange arrow icon Orange arrow icon Orange arrow icon Arrow,
https://www.geipan.fr/fr/cas/1976-08-00337,1976-08-00337,https://www.geipan.fr/fr/cas/1976-08-00337,DOWNLOADED,18673,f7bd7f0dc0ea57e59b80de9982e575552d158d0f12b07e022de94d6e1f46e6e7,PLANES (66) 28.08.1976 | GEIPAN Orange arrow icon Orange arrow icon Orange arrow icon Arrow,
https://www.geipan.fr/fr/cas/1976-09-00338,1976-09-00338,https://www.geipan.fr/fr/cas/1976-09-00338,DOWNLOADED,18836,5eeec998e549bd4cd4a8e6b2b88f5d364545b1db841bb7ee3727f369933f0986,TARBES (65) 05.09.1976 | GEIPAN Orange arrow icon Orange arrow icon Orange arrow icon Arrow,
https://www.geipan.fr/fr/cas/1976-09-00341,1976-09-00341,https://www.geipan.fr/fr/cas/1976-09-00341,DOWNLOADED,18529,53a9ed9f8f3bad97e8f1ce683fed4f12f78f07b09c75e116c6173fe072a43c9c,MAGNE (86) 10.09.1976 | GEIPAN Orange arrow icon Orange arrow icon Orange arrow icon Arrow,
https://www.geipan.fr/fr/cas/1976-09-00342,1976-09-00342,https://www.geipan.fr/fr/cas/1976-09-00342,DOWNLOADED,19804,6b326ee0411010f64d3f015b3731eaf28d4870f91f7fd06f44825c943dca9e25,SAINT-VERAND (38) 12.09.1976 | GEIPAN Orange arrow icon Orange arrow icon Orange arrow icon Arrow,
https://www.geipan.fr/fr/cas/1976-09-00344,1976-09-00344,https://www.geipan.fr/fr/cas/1976-09-00344,DOWNLOADED,19264,310e7fb56156c9b572da4407244a6074bd1e0dbaf1bb68e5b4510333876cc515,HAUTE-GARONNE (31) 17.09.1976 | GEIPAN Orange arrow icon Orange arrow icon Orange arrow icon Arrow,
https://www.geipan.fr/fr/cas/1976-10-00348,1976-10-00348,https://www.geipan.fr/fr/cas/1976-10-00348,DOWNLOADED,18898,e69163dcb173768503cedf30f0b5fd023bb5dfa5c86736741bf16ab263a9974e,CHATEAU-GONTIER (53) 05.10.1976 | GEIPAN Orange arrow icon Orange arrow icon Orange arrow icon Arrow,
https://www.geipan.fr/fr/cas/1976-10-00350,1976-10-00350,https://www.geipan.fr/fr/cas/1976-10-00350,DOWNLOADED,19084,dd6cf254bf4887d44b2aebfcf502be051654caadf76633cebb6d0f15832dbda5,MONTIGNY-LES-METZ (57) 07.10.1976 | GEIPAN Orange arrow icon Orange arrow icon Orange arrow icon Arrow,
https://www.geipan.fr/fr/cas/1976-10-00351,1976-10-00351,https://www.geipan.fr/fr/cas/1976-10-00351,DOWNLOADED,18418,7127d09e92eec4ae9d0476dc64d0834ffacdb61ec2bde84a5c7363f1248baea5,ALLEVARD (38) 10.10.1976 | GEIPAN Orange arrow icon Orange arrow icon Orange arrow icon Arrow,
https://www.geipan.fr/fr/cas/1976-10-00352,1976-10-00352,https://www.geipan.fr/fr/cas/1976-10-00352,DOWNLOADED,18457,8088f3a2066fdae8370ca9d635db59330fb8d555938ebad43001fd86a3f37f79,VENON (38) 15.10.1976 | GEIPAN Orange arrow icon Orange arrow icon Orange arrow icon Arrow,
https://www.geipan.fr/fr/cas/1976-10-00353,1976-10-00353,https://www.geipan.fr/fr/cas/1976-10-00353,DOWNLOADED,19439,e797f44768c7b4b6cb6418aa49b2b9ae861aee2174a7609c8a9da0ead77871ab,LOCMINE (56) 19.10.1976 | GEIPAN Orange arrow icon Orange arrow icon Orange arrow icon Arrow,
https://www.geipan.fr/fr/cas/1976-10-00354,1976-10-00354,https://www.geipan.fr/fr/cas/1976-10-00354,DOWNLOADED,18917,d78373b24680268ea996cb6fa6e62bb598ac9723a2c91c32b74372178fb55024,GONDRECOURT-LE-CHÂTEAU (55) 21.10.1976 | GEIPAN Orange arrow icon Orange arrow icon Orange arrow icon Arrow,
https://www.geipan.fr/fr/cas/1976-10-00355,1976-10-00355,https://www.geipan.fr/fr/cas/1976-10-00355,DOWNLOADED,19149,916c7f7e371b00d9c4b5962e9907399a0ad69c78ec305385d994d4a40d6ae943,BOUZONVILLE (57) 24.10.1976 | GEIPAN Orange arrow icon Orange arrow icon Orange arrow icon Arrow,
https://www.geipan.fr/fr/cas/1976-10-00356,1976-10-00356,https://www.geipan.fr/fr/cas/1976-10-00356,DOWNLOADED,18896,b155e5039f0c9e00408f706f1c9ca55562a0c8fc628c216e38aa7dd53d64a171,CHATEL-GUYON (63) 29.10.1976 | GEIPAN Orange arrow icon Orange arrow icon Orange arrow icon Arrow,
https://www.geipan.fr/fr/cas/1976-11-00358,1976-11-00358,https://www.geipan.fr/fr/cas/1976-11-00358,DOWNLOADED,19148,6efa84898211f012e7694b75bdb726718d8e472e4dc7c41cb4a286c95371e272,CASSIS-CARNOUX (13) 04.11.1976 | GEIPAN Orange arrow icon Orange arrow icon Orange arrow icon Arrow,
https://www.geipan.fr/fr/cas/1976-11-00359,1976-11-00359,https://www.geipan.fr/fr/cas/1976-11-00359,DOWNLOADED,18631,28ad0992da857884f9ac272912500a6d786c97efb2e732ae286b3ba4e846476b,RIVES (38) 05.11.1976 | GEIPAN Orange arrow icon Orange arrow icon Orange arrow icon Arrow,
https://www.geipan.fr/fr/cas/1976-11-00360,1976-11-00360,https://www.geipan.fr/fr/cas/1976-11-00360,DOWNLOADED,18472,b96ba3dcc596ac7873a83f42102b9c65a89fd4f2831f82ed63a0195ad10671ed,BLIGNY (10) 11.11.1976 | GEIPAN Orange arrow icon Orange arrow icon Orange arrow icon Arrow,
https://www.geipan.fr/fr/cas/1976-11-00361,1976-11-00361,https://www.geipan.fr/fr/cas/1976-11-00361,DOWNLOADED,18891,9267be61b066d30ce0c3a0218f7858711378bc8a71f0c22479daee478ed281ce,LOULAY (17) 20.11.1976 | GEIPAN Orange arrow icon Orange arrow icon Orange arrow icon Arrow,
https://www.geipan.fr/fr/cas/1976-11-00362,1976-11-00362,https://www.geipan.fr/fr/cas/1976-11-00362,DOWNLOADED,18567,ec177a6880c99ef3d9481d643be7ddeac06a72b2b2bc175ee0cff1165c2836d0,MONTMEDY (55) 21.11.1976 | GEIPAN Orange arrow icon Orange arrow icon Orange arrow icon Arrow,
https://www.geipan.fr/fr/cas/1976-11-02762,1976-11-02762,https://www.geipan.fr/fr/cas/1976-11-02762,DOWNLOADED,18487,471d4a424171dafe7963ec4f89e9e2ccb4c72da51b1e571bb19078c64bfc79f1,COMMERCY (55) 20.11.1976 | GEIPAN Orange arrow icon Orange arrow icon Orange arrow icon Arrow,
https://www.geipan.fr/fr/cas/1976-11-02763,1976-11-02763,https://www.geipan.fr/fr/cas/1976-11-02763,DOWNLOADED,19692,ed5c5dda1969f540a3c4bedc5f25c821a10337e1f549c5634d641211b1a1ac20,SAINT-GEOIRS (38) 25.11.1976 | GEIPAN Orange arrow icon Orange arrow icon Orange arrow icon Arrow,
https://www.geipan.fr/fr/cas/1976-12-00365,1976-12-00365,https://www.geipan.fr/fr/cas/1976-12-00365,DOWNLOADED,19338,329a274343ca5efb833916ab69a2b76a9f9977cd7b975e753857a637621f99e1,ALLY (43) 01.12.1976 | GEIPAN Orange arrow icon Orange arrow icon Orange arrow icon Arrow,
https://www.geipan.fr/fr/cas/1976-12-00366,1976-12-00366,https://www.geipan.fr/fr/cas/1976-12-00366,DOWNLOADED,18580,9e78502ab197a4c6fdfabd00b305c97e6b0a58de884652472b6769a6c0a07ed9,SAINTE-MAXIME (83) 07.12.1976 | GEIPAN Orange arrow icon Orange arrow icon Orange arrow icon Arrow,
https://www.geipan.fr/fr/cas/1976-12-00367,1976-12-00367,https://www.geipan.fr/fr/cas/1976-12-00367,DOWNLOADED,19605,7725f133f8e591fb1bfe24f0eb2ebfe6acb13515a387c8a6f78bbe51a4d6bb25,MEYRONNES (04) 08.12.1976 | GEIPAN Orange arrow icon Orange arrow icon Orange arrow icon Arrow,
https://www.geipan.fr/fr/cas/1976-12-00368,1976-12-00368,https://www.geipan.fr/fr/cas/1976-12-00368,DOWNLOADED,18486,d5845a6cb94b4afb902eaa6e22b56d4e162e855b1247ed50f4edfda9e2856521,SAINT-TROPEZ (83) 09.12.1976 | GEIPAN Orange arrow icon Orange arrow icon Orange arrow icon Arrow,
https://www.geipan.fr/fr/cas/1976-12-00369,1976-12-00369,https://www.geipan.fr/fr/cas/1976-12-00369,DOWNLOADED,18685,b23309c8362a7eabefe181d9ed4632c31b4d6a17c8c332fc7286ff287f3f4a91,VALBONNE (06) 10.12.1976 | GEIPAN Orange arrow icon Orange arrow icon Orange arrow icon Arrow,
https://www.geipan.fr/fr/cas/1976-12-00370,1976-12-00370,https://www.geipan.fr/fr/cas/1976-12-00370,DOWNLOADED,18520,236e6f652643633496fda4d6d15580f1052418ec0e22ee7d864cf5e256f100f6,AJACCIO (2A) 14.12.1976 | GEIPAN Orange arrow icon Orange arrow icon Orange arrow icon Arrow,
https://www.geipan.fr/fr/cas/1976-12-00372,1976-12-00372,https://www.geipan.fr/fr/cas/1976-12-00372,DOWNLOADED,18470,eb6a44aed5ef492b41323cc235ba6b5630ac5340b8ebb3996bb360ea8624e29c,RENNES-SUR-LOUE (25) 18.12.1976 | GEIPAN Orange arrow icon Orange arrow icon Orange arrow icon Arrow,
https://www.geipan.fr/fr/cas/1976-12-00373,1976-12-00373,https://www.geipan.fr/fr/cas/1976-12-00373,DOWNLOADED,19229,e076a7b3400b6b61fd26189fa1f8d3c323a0d9d881fc64857b1e15ce42719b1e,PAJAY (38) 21.12.1976 | GEIPAN Orange arrow icon Orange arrow icon Orange arrow icon Arrow,
https://www.geipan.fr/fr/cas/1976-12-00374,1976-12-00374,https://www.geipan.fr/fr/cas/1976-12-00374,DOWNLOADED,18694,00d1b5f5ca2ae966c01198300736821c041cb764da8f701b7c2e00106ffd4474,COURTINE (LA) (23) 23.12.1976 | GEIPAN Orange arrow icon Orange arrow icon Orange arrow icon Arrow,
https://www.geipan.fr/fr/cas/1976-12-00375,1976-12-00375,https://www.geipan.fr/fr/cas/1976-12-00375,DOWNLOADED,18608,cf17de41921cbf4b4ddb203c03164c859b37ed4cc57e815d205b69798e90bd36,LA BACHELLERIE (24) 24.12.1976 | GEIPAN Orange arrow icon Orange arrow icon Orange arrow icon Arrow,
https://www.geipan.fr/fr/cas/1976-12-00376,1976-12-00376,https://www.geipan.fr/fr/cas/1976-12-00376,DOWNLOADED,18850,2f953ee19b74d785c360e67d2c4833c38e1d7bb360c7ccc31d10ef4547c62c74,SAINT-AMOUR (39) 26.12.1976 | GEIPAN Orange arrow icon Orange arrow icon Orange arrow icon Arrow,
https://www.geipan.fr/fr/cas/1977-01-00377,1977-01-00377,https://www.geipan.fr/fr/cas/1977-01-00377,DOWNLOADED,24781,a978f417249f07449c362d89ea73642c7155d595750976a6c54946b7e2236c78,CHATEAUDOUBLE (26) 01.01.1977 | GEIPAN Orange arrow icon Orange arrow icon Orange arrow icon Arrow,
https://www.geipan.fr/fr/cas/1977-01-00378,1977-01-00378,https://www.geipan.fr/fr/cas/1977-01-00378,DOWNLOADED,18963,551c39d3449a9614ce1c7c5509967923c3f9c0b931e88c2a953515e366c31b2a,VILLEBOIS-LAVALETTE (16) 05.01.1977 | GEIPAN Orange arrow icon Orange arrow icon Orange arrow icon Arrow,
https://www.geipan.fr/fr/cas/1977-01-00379,1977-01-00379,https://www.geipan.fr/fr/cas/1977-01-00379,DOWNLOADED,18463,127660bea87cef3d6e97625449b701cdf6dc3bbffa12737a689c5a4b26f19749,MESNIL-LE-ROI (LE) (78) 08.01.1977 | GEIPAN Orange arrow icon Orange arrow icon Orange arrow icon Arrow,
https://www.geipan.fr/fr/cas/1977-01-00380,1977-01-00380,https://www.geipan.fr/fr/cas/1977-01-00380,DOWNLOADED,19086,27e77a23f03d1a53496ce619458103daa8574b534e07f90af03031f06bb80aa2,NATIONAL (975) 10.01.1977 | GEIPAN Orange arrow icon Orange arrow icon Orange arrow icon Arrow,
https://www.geipan.fr/fr/cas/1977-01-00382,1977-01-00382,https://www.geipan.fr/fr/cas/1977-01-00382,DOWNLOADED,18508,61317a52a4d8218ca6e10e1ab59304d224fb8f828a3c852666c7ae328a7bf714,BAZOGE (LA) (72) 14.01.1977 | GEIPAN Orange arrow icon Orange arrow icon Orange arrow icon Arrow,
https://www.geipan.fr/fr/cas/1977-01-00383,1977-01-00383,https://www.geipan.fr/fr/cas/1977-01-00383,DOWNLOADED,18723,661a65a8177fc92d8c687efdd4c90cf6b56581f60577563cf1ba9267cfca650d,VAUCOULEURS (55) 16.01.1977 | GEIPAN Orange arrow icon Orange arrow icon Orange arrow icon Arrow,
https://www.geipan.fr/fr/cas/1977-01-00384,1977-01-00384,https://www.geipan.fr/fr/cas/1977-01-00384,DOWNLOADED,18407,9c448b63a541598f65249a1c3d97eed638c05b518a87fe8cca2fe4c56872f7de,PORTE-PUYMORENS (66) 17.01.1977 | GEIPAN Orange arrow icon Orange arrow icon Orange arrow icon Arrow,
https://www.geipan.fr/fr/cas/1977-01-00385,1977-01-00385,https://www.geipan.fr/fr/cas/1977-01-00385,DOWNLOADED,18869,06ad64da8f8c3f02c42233dcc0be2f8958ee4cff773a4e0a462c6a86aa1a90a3,ISSOUDUN (36) 23.01.1977 | GEIPAN Orange arrow icon Orange arrow icon Orange arrow icon Arrow,
https://www.geipan.fr/fr/cas/1977-01-00386,1977-01-00386,https://www.geipan.fr/fr/cas/1977-01-00386,DOWNLOADED,18818,832214dec1ec2ed9a10bd1debaa4f377eed870775df80fff508d84c3344d1b3d,SAINT-BENOIT (974) 24.01.1977 | GEIPAN Orange arrow icon Orange arrow icon Orange arrow icon Arrow,
https://www.geipan.fr/fr/cas/1977-01-00387,1977-01-00387,https://www.geipan.fr/fr/cas/1977-01-00387,DOWNLOADED,18686,2e931100705a6acc6561d9f7989c0df8009f5eacf39d1c588010b90c5db08f78,VEROSVRES (71) 27.01.1977 | GEIPAN Orange arrow icon Orange arrow icon Orange arrow icon Arrow,
https://www.geipan.fr/fr/cas/1977-01-01861,1977-01-01861,https://www.geipan.fr/fr/cas/1977-01-01861,DOWNLOADED,18585,efd90a9c7ff68da3f74c5e6b395d5221fa62dd647c85ca1d1f7de2b24053de8b,TOULOUSE (31) 26.01.1977 | GEIPAN Orange arrow icon Orange arrow icon Orange arrow icon Arrow,
https://www.geipan.fr/fr/cas/1977-02-00391,1977-02-00391,https://www.geipan.fr/fr/cas/1977-02-00391,DOWNLOADED,18648,90e174202fbdcafa9247d47025c1795690ec960353b79d7ff4f96b96e3f6a72c,SAINT-MARCELLIN (38) 02.02.1977 | GEIPAN Orange arrow icon Orange arrow icon Orange arrow icon Arrow,
https://www.geipan.fr/fr/cas/1977-02-00392,1977-02-00392,https://www.geipan.fr/fr/cas/1977-02-00392,DOWNLOADED,19708,98f88f34b2f27931bd150e0d8b1de801f40c94384aea8498be745ed9602aa48b,REIMS (51) 05.02.1977 | GEIPAN Orange arrow icon Orange arrow icon Orange arrow icon Arrow,
https://www.geipan.fr/fr/cas/1977-02-00394,1977-02-00394,https://www.geipan.fr/fr/cas/1977-02-00394,DOWNLOADED,19205,256b1dfc67cbabe531fa0851d34855246f622e3999c2502186c34110160c4965,LEDIGNAN (30) 09.02.1977 | GEIPAN Orange arrow icon Orange arrow icon Orange arrow icon Arrow,
https://www.geipan.fr/fr/cas/1977-02-00395,1977-02-00395,https://www.geipan.fr/fr/cas/1977-02-00395,DOWNLOADED,18498,8ef738d2a719c00697449656733b56d88b4b9cc6b850c2419f144475201c7ea6,ALBI (81) 10.02.1977 | GEIPAN Orange arrow icon Orange arrow icon Orange arrow icon Arrow,
https://www.geipan.fr/fr/cas/1977-03-00399,1977-03-00399,https://www.geipan.fr/fr/cas/1977-03-00399,DOWNLOADED,18635,d72f64a5fcabf434b5da21a491aec9ad76d13154d8797bab863f5febdb7e8fd1,BELLEVILLE-SUR-SAONE (71) 18.03.1977 | GEIPAN Orange arrow icon Orange arrow icon Orange arrow icon Arrow,
https://www.geipan.fr/fr/cas/1977-04-00402,1977-04-00402,https://www.geipan.fr/fr/cas/1977-04-00402,DOWNLOADED,18537,93f5049df7ee245480210f334ef9f22deecc2858058370f66a0e0dd865833d39,COS (09) 02.04.1977 | GEIPAN Orange arrow icon Orange arrow icon Orange arrow icon Arrow,
https://www.geipan.fr/fr/cas/1977-04-00404,1977-04-00404,https://www.geipan.fr/fr/cas/1977-04-00404,DOWNLOADED,19008,82d2bae9a3e5680c486b1b0c5ee9932671614d1a6b5d9094cd1c59573d887142,ANGERS (49) 29.04.1977 | GEIPAN Orange arrow icon Orange arrow icon Orange arrow icon Arrow,
https://www.geipan.fr/fr/cas/1977-04-00405,1977-04-00405,https://www.geipan.fr/fr/cas/1977-04-00405,DOWNLOADED,18782,045c48af792bebf512d643a05077adf7bf46e268ccb8bba652d49765e13a41c5,CAGNES-SUR-MER (06) 30.04.1977 | GEIPAN Orange arrow icon Orange arrow icon Orange arrow icon Arrow,
https://www.geipan.fr/fr/cas/1977-05-00406,1977-05-00406,https://www.geipan.fr/fr/cas/1977-05-00406,DOWNLOADED,18574,b12e950ff7bc5dc062ed2dcbb9f79811a3a0b6d67c2735eaaf54c5c5670c0db1,LAROCHE-PRES-FEYT (19) 11.05.1977 | GEIPAN Orange arrow icon Orange arrow icon Orange arrow icon Arrow,
https://www.geipan.fr/fr/cas/1977-05-00407,1977-05-00407,https://www.geipan.fr/fr/cas/1977-05-00407,DOWNLOADED,18557,587e98cbfdd7d65878b3e962d623af52ee0699bb0f65d3e3552a58b90ca935cd,CHATEAURENARD (45) 13.05.1977 | GEIPAN Orange arrow icon Orange arrow icon Orange arrow icon Arrow,
https://www.geipan.fr/fr/cas/1977-05-00409,1977-05-00409,https://www.geipan.fr/fr/cas/1977-05-00409,DOWNLOADED,18559,9388105cc39199a0ff79e4a5c0802796b696aff08e2611d38124bcf119b011f9,COUX (07) 28.05.1977 | GEIPAN Orange arrow icon Orange arrow icon Orange arrow icon Arrow,
https://www.geipan.fr/fr/cas/1977-05-00410,1977-05-00410,https://www.geipan.fr/fr/cas/1977-05-00410,DOWNLOADED,19967,074a20e4a4345789451d4602d05987487e36d6ece4779888b905f45c86951ba2,VITTEAUX (21) 30.05.1977 | GEIPAN Orange arrow icon Orange arrow icon Orange arrow icon Arrow,
https://www.geipan.fr/fr/cas/1977-05-02608,1977-05-02608,https://www.geipan.fr/fr/cas/1977-05-02608,DOWNLOADED,18622,d95b3987cac3048a20fe67e32edaac00b2fcb4c53dd57769cc6b606c9edc3404,BARCELONNETTE (04) 11.05.1977 | GEIPAN Orange arrow icon Orange arrow icon Orange arrow icon Arrow,
https://www.geipan.fr/fr/cas/1977-06-00411,1977-06-00411,https://www.geipan.fr/fr/cas/1977-06-00411,DOWNLOADED,18400,b8e59fb4822cc3bb16e821aafea7ceea260c5f751d52acdd208265ebd541704d,MEYLAN (38) 04.06.1977 | GEIPAN Orange arrow icon Orange arrow icon Orange arrow icon Arrow,
https://www.geipan.fr/fr/cas/1977-06-00412,1977-06-00412,https://www.geipan.fr/fr/cas/1977-06-00412,DOWNLOADED,19079,95d48040bae8ad231eec36537fa825a4bf13a9b351cee670ea7d35dce145f63b,SAINT-CLAUDE (39) 13.06.1977 | GEIPAN Orange arrow icon Orange arrow icon Orange arrow icon Arrow,
https://www.geipan.fr/fr/cas/1977-06-00413,1977-06-00413,https://www.geipan.fr/fr/cas/1977-06-00413,DOWNLOADED,19016,3560b1a9485576028587aea7ed7b836c849ba3d0372973a5c6c5ac659fbbe724,SAINT-POL-SUR-TERNOISE (62) 25.06.1977 | GEIPAN Orange arrow icon Orange arrow icon Orange arrow icon Arrow,
https://www.geipan.fr/fr/cas/1977-07-00414,1977-07-00414,https://www.geipan.fr/fr/cas/1977-07-00414,DOWNLOADED,18658,e8adefa63d0cd8a09056c61f0c7dfb12b4f6396421c7bd8dd51e4e793a9fbe50,NOISY-LE-ROI (78) 02.07.1977 | GEIPAN Orange arrow icon Orange arrow icon Orange arrow icon Arrow,
https://www.geipan.fr/fr/cas/1977-07-00415,1977-07-00415,https://www.geipan.fr/fr/cas/1977-07-00415,DOWNLOADED,18908,3c36894ed0858404b00b7b3a282b7142e6bddf517b1be005ff3355c0ef8861ae,URMATT (67) 19.07.1977 | GEIPAN Orange arrow icon Orange arrow icon Orange arrow icon Arrow,
https://www.geipan.fr/fr/cas/1977-07-00416,1977-07-00416,https://www.geipan.fr/fr/cas/1977-07-00416,DOWNLOADED,18726,0153e8ce731d82861ba3d03985254e1e9113f28615c8725ed5b9e50d0ff9c7cb,[D670] de SAINT-ANDRE-DE-CUBZAC (33) vers LIBOURNE (33) 20.07.1977 | GEIPAN Orange arrow icon Orange arrow icon Orange arrow icon Arrow,
https://www.geipan.fr/fr/cas/1977-07-00418,1977-07-00418,https://www.geipan.fr/fr/cas/1977-07-00418,DOWNLOADED,18964,e581674b5583677faa7cc347a03f3be2ed85bdd3dcefe18fda97c6757c65a8b9,ARBRESLE (69) 27.07.1977 | GEIPAN Orange arrow icon Orange arrow icon Orange arrow icon Arrow,
https://www.geipan.fr/fr/cas/1977-08-00419,1977-08-00419,https://www.geipan.fr/fr/cas/1977-08-00419,DOWNLOADED,19625,e310ab588b64596d1fd183d368aaefb6549c995bb5e370ef27e2bce8e1ecfc9f,LOUVIERS (27) 06.08.1977 | GEIPAN Orange arrow icon Orange arrow icon Orange arrow icon Arrow,
https://www.geipan.fr/fr/cas/1977-08-00420,1977-08-00420,https://www.geipan.fr/fr/cas/1977-08-00420,DOWNLOADED,19252,00f346eeeaa7494fb6fdc1e2986d90db21ccd1382005090d602a82e62a93351f,SAINT-BONNET-EN-CHAMPSAUR (05) 07.08.1977 | GEIPAN Orange arrow icon Orange arrow icon Orange arrow icon Arrow,
https://www.geipan.fr/fr/cas/1977-08-00421,1977-08-00421,https://www.geipan.fr/fr/cas/1977-08-00421,DOWNLOADED,18830,8d3ef420ba39091bef6bb47611908674f8fe28c03e9e0949843b921a7555da0e,ERSTEIN (67) 11.08.1977 | GEIPAN Orange arrow icon Orange arrow icon Orange arrow icon Arrow,
https://www.geipan.fr/fr/cas/1977-08-00422,1977-08-00422,https://www.geipan.fr/fr/cas/1977-08-00422,DOWNLOADED,18421,13e4c0bde03c34680e480dced03e70c19d5a577cefa01ff87013afef8cedbcb5,LILAS (LES) (93) 12.08.1977 | GEIPAN Orange arrow icon Orange arrow icon Orange arrow icon Arrow,
https://www.geipan.fr/fr/cas/1977-08-00423,1977-08-00423,https://www.geipan.fr/fr/cas/1977-08-00423,DOWNLOADED,18688,61f9736c949999ab329a9e39a709b0646112b4cfd50d136d9674fc25d43ec402,CHAUSSIN (39) 15.08.1977 | GEIPAN Orange arrow icon Orange arrow icon Orange arrow icon Arrow,
https://www.geipan.fr/fr/cas/1977-08-00425,1977-08-00425,https://www.geipan.fr/fr/cas/1977-08-00425,DOWNLOADED,18571,443ab78c8ee4ae6d4ad7957388e8b981f2c24cd60484ca0c1f723cb04516c9a0,NANCY (54) 26.08.1977 | GEIPAN Orange arrow icon Orange arrow icon Orange arrow icon Arrow,
https://www.geipan.fr/fr/cas/1977-08-02483,1977-08-02483,https://www.geipan.fr/fr/cas/1977-08-02483,DOWNLOADED,18781,8aeefb3b13f93d9dfb6cd703f51d2bfe9e918c1aab9f02d1a0c57f65c6aaab49,POUZAUGES (85) --.--.1977 | GEIPAN Orange arrow icon Orange arrow icon Orange arrow icon Arrow,
https://www.geipan.fr/fr/cas/1977-09-00427,1977-09-00427,https://www.geipan.fr/fr/cas/1977-09-00427,DOWNLOADED,18506,aa16ce8c246b3ed9bc1bd843e1c37ce2db07928b3ffb7799677c6cfbaf33a5a2,MACHILLY (74) 01.09.1977 | GEIPAN Orange arrow icon Orange arrow icon Orange arrow icon Arrow,
https://www.geipan.fr/fr/cas/1977-09-00428,1977-09-00428,https://www.geipan.fr/fr/cas/1977-09-00428,DOWNLOADED,18503,8bdb04de6a80b784314c3be83da73f8cd09dc8c4760da8f5496cec9f6a4ba8dc,TOUR-DE-SALVAGNY (LA) (69) 04.09.1977 | GEIPAN Orange arrow icon Orange arrow icon Orange arrow icon Arrow,
https://www.geipan.fr/fr/cas/1977-09-00431,1977-09-00431,https://www.geipan.fr/fr/cas/1977-09-00431,DOWNLOADED,18857,a80d57836c8d6bca276437d93b2ddf293e6f3446abde44407b662cb8d4473be3,ISLE-SUR-SEREIN (89) 13.09.1977 | GEIPAN Orange arrow icon Orange arrow icon Orange arrow icon Arrow,
https://www.geipan.fr/fr/cas/1977-09-00433,1977-09-00433,https://www.geipan.fr/fr/cas/1977-09-00433,DOWNLOADED,21876,6b0f4aeff6597e5c8180b0ca8498bf96f8291dce82f2c29355c75f37c5c8d6f5,MALAUCENE (84) 18.09.1977 | GEIPAN Orange arrow icon Orange arrow icon Orange arrow icon Arrow,
https://www.geipan.fr/fr/cas/1977-09-00434,1977-09-00434,https://www.geipan.fr/fr/cas/1977-09-00434,DOWNLOADED,18569,2b5bd9cc32c9b4bd2ac16445dde1959cb7c1915e8d0df39bab1557dbe5e769f5,ISTRES (13) 23.09.1977 | GEIPAN Orange arrow icon Orange arrow icon Orange arrow icon Arrow,
https://www.geipan.fr/fr/cas/1977-09-00435,1977-09-00435,https://www.geipan.fr/fr/cas/1977-09-00435,DOWNLOADED,23220,b231da753379d55220843e80ec8f6325b71f79107ed311dae0f9d64d9e9bdfe5,YONNE (89) 30.09.1977 | GEIPAN Orange arrow icon Orange arrow icon Orange arrow icon Arrow,
https://www.geipan.fr/fr/cas/1977-09-02761,1977-09-02761,https://www.geipan.fr/fr/cas/1977-09-02761,DOWNLOADED,19046,73570477d5d4662bab93b703edcfa93f8d2b77891b99403ae920ef21577964ab,CONFLANS-SAINTE-HONORINE (78) 05.09.1977 | GEIPAN Orange arrow icon Orange arrow icon Orange arrow icon Arrow,
https://www.geipan.fr/fr/cas/1977-10-00436,1977-10-00436,https://www.geipan.fr/fr/cas/1977-10-00436,DOWNLOADED,20414,50009f350552802cd11263320f42ffcec3a98f7677750077a0b5ceddeb9aa9f7,SARTHE (72) 02.10.1977 | GEIPAN Orange arrow icon Orange arrow icon Orange arrow icon Arrow,
https://www.geipan.fr/fr/cas/1977-10-00438,1977-10-00438,https://www.geipan.fr/fr/cas/1977-10-00438,DOWNLOADED,19133,95a0b16ac94d4cc8b7866d88690ec2740a5493bd4dd5e27ed13cfb184d9fdd9f,ESTANG (32) 08.10.1977 | GEIPAN Orange arrow icon Orange arrow icon Orange arrow icon Arrow,
https://www.geipan.fr/fr/cas/1977-10-00439,1977-10-00439,https://www.geipan.fr/fr/cas/1977-10-00439,DOWNLOADED,19323,95d9721078d43fc18b377be1fdb5307d7cbeef5b23c438579276b920ae7a4e35,SAINT-PORCHAIRE (17) 09.10.1977 | GEIPAN Orange arrow icon Orange arrow icon Orange arrow icon Arrow,
https://www.geipan.fr/fr/cas/1977-10-00440,1977-10-00440,https://www.geipan.fr/fr/cas/1977-10-00440,DOWNLOADED,18506,a8fb49dc66d497146878dff16b3d9d407ce335a1417e60e0d31cb1b61fceb3ed,SAINT-AUBIN-DE-MEDOC (33) 12.10.1977 | GEIPAN Orange arrow icon Orange arrow icon Orange arrow icon Arrow,
https://www.geipan.fr/fr/cas/1977-10-00443,1977-10-00443,https://www.geipan.fr/fr/cas/1977-10-00443,DOWNLOADED,18588,1cd08d90395c4c9b0d21397f2e97df8cd30af7509f074cefc52a7f0762cee875,CHAMPS-SUR-TARENTAINE-MARCHAL (15) 18.10.1977 | GEIPAN Orange arrow icon Orange arrow icon Orange arrow icon Arrow,
https://www.geipan.fr/fr/cas/1977-10-00445,1977-10-00445,https://www.geipan.fr/fr/cas/1977-10-00445,DOWNLOADED,18502,0371073db333ea5e7c93f6a38bd826f6edf8ac4d667d5069ab6824cdc2d4cf21,WASSY (52) 21.10.1977 | GEIPAN Orange arrow icon Orange arrow icon Orange arrow icon Arrow,
https://www.geipan.fr/fr/cas/1977-10-00446,1977-10-00446,https://www.geipan.fr/fr/cas/1977-10-00446,DOWNLOADED,20839,6b2cebef37accf43c6711e5226ba023776ed713a2630186c47edc0c159394f4e,GUISE (02) 24.10.1977 | GEIPAN Orange arrow icon Orange arrow icon Orange arrow icon Arrow,
https://www.geipan.fr/fr/cas/1977-10-00447,1977-10-00447,https://www.geipan.fr/fr/cas/1977-10-00447,DOWNLOADED,18567,b60b715d56996585b4ca931b8b36b710e4a7ea96a0d7dc5f9203b6ad6f952719,KOUROU (973) 27.10.1977 | GEIPAN Orange arrow icon Orange arrow icon Orange arrow icon Arrow,
https://www.geipan.fr/fr/cas/1977-10-00448,1977-10-00448,https://www.geipan.fr/fr/cas/1977-10-00448,DOWNLOADED,19338,a4be4c582a9b39b724837029db2ec2d58b9acd5fa75a034f09b153ead9699e71,BRETEUIL-SUR-ITON (27) 28.10.1977 | GEIPAN Orange arrow icon Orange arrow icon Orange arrow icon Arrow,
https://www.geipan.fr/fr/cas/1977-10-02653,1977-10-02653,https://www.geipan.fr/fr/cas/1977-10-02653,DOWNLOADED,19085,a8a91bcf9023444e0db01c32e0900c0bc279b1fe63dd2140a86c44f93783ac84,CONDE-SUR-ESCAUT (59) 02.10.1977 | GEIPAN Orange arrow icon Orange arrow icon Orange arrow icon Arrow,
https://www.geipan.fr/fr/cas/1977-10-02656,1977-10-02656,https://www.geipan.fr/fr/cas/1977-10-02656,DOWNLOADED,18723,968305b834e0437344b513586c7ddf81b984b70ef680d20cadfeb915e20bed45,SAINT-MARS-D'OUTILLE (72) 08.10.1977 | GEIPAN Orange arrow icon Orange arrow icon Orange arrow icon Arrow,
https://www.geipan.fr/fr/cas/1977-10-02657,1977-10-02657,https://www.geipan.fr/fr/cas/1977-10-02657,DOWNLOADED,18755,cf98563b4d3c6b650eb908d5b466fa15d00f3c8f96540f2d2f2413233d8abff4,CASSIS (13) 09.10.1977 | GEIPAN Orange arrow icon Orange arrow icon Orange arrow icon Arrow,
https://www.geipan.fr/fr/cas/1977-10-02660,1977-10-02660,https://www.geipan.fr/fr/cas/1977-10-02660,DOWNLOADED,18335,166840f598e6fbaa5657752473ff47a8a34f15e979fbfc31443ee8606dcb1353,KOUROU (973) 16.10.1977 | GEIPAN Orange arrow icon Orange arrow icon Orange arrow icon Arrow,
https://www.geipan.fr/fr/cas/1977-10-02661,1977-10-02661,https://www.geipan.fr/fr/cas/1977-10-02661,DOWNLOADED,18451,67a53512a6d545a6f28f86d8822288fbcfa42c1361208c6e8957099d6fab059b,BENQUET (40) 16.10.1977 | GEIPAN Orange arrow icon Orange arrow icon Orange arrow icon Arrow,
https://www.geipan.fr/fr/cas/1977-10-02665,1977-10-02665,https://www.geipan.fr/fr/cas/1977-10-02665,DOWNLOADED,18599,2859f26add565722e98403a531b12588111029a8648f17bcc0304ccd2f6923fc,BETHENY (51) 21.10.1977 | GEIPAN Orange arrow icon Orange arrow icon Orange arrow icon Arrow,
https://www.geipan.fr/fr/cas/1977-10-02666,1977-10-02666,https://www.geipan.fr/fr/cas/1977-10-02666,DOWNLOADED,18566,8a04063a425582f449dec0e8e2d98f3cc25772ee9ec7ccf7ac5f72963145f025,BOURAIL (988) 21.10.1977 | GEIPAN Orange arrow icon Orange arrow icon Orange arrow icon Arrow,
https://www.geipan.fr/fr/cas/1977-11-00452,1977-11-00452,https://www.geipan.fr/fr/cas/1977-11-00452,DOWNLOADED,18454,d97ccdb1900deab4dc3f63de804061ddd2a0d5ec145578645f1adbce68b7d1ab,SAINT-SEBASTIEN-DE-MORSENT (27) 04.11.1977 | GEIPAN Orange arrow icon Orange arrow icon Orange arrow icon Arrow,
https://www.geipan.fr/fr/cas/1977-11-00453,1977-11-00453,https://www.geipan.fr/fr/cas/1977-11-00453,DOWNLOADED,19190,395e462328728d082addbbe18dfa8389613455307a469a65543558a87d310d56,CHENOVE (21) 10.11.1977 | GEIPAN Orange arrow icon Orange arrow icon Orange arrow icon Arrow,
https://www.geipan.fr/fr/cas/1977-11-00454,1977-11-00454,https://www.geipan.fr/fr/cas/1977-11-00454,DOWNLOADED,18786,60f6421c98bafe16a54fc16bd9eac50a9547849cd70d845f248d842ba9c39b46,CHALONS-SUR-MARNE (51) 12.11.1977 | GEIPAN Orange arrow icon Orange arrow icon Orange arrow icon Arrow,
https://www.geipan.fr/fr/cas/1977-11-00455,1977-11-00455,https://www.geipan.fr/fr/cas/1977-11-00455,DOWNLOADED,19017,d05db6335d05f2d35311a4b671b381a227b95acce6b868281534b6aa93021597,LES ANDELYS (27) 15.11.1977 | GEIPAN Orange arrow icon Orange arrow icon Orange arrow icon Arrow,
https://www.geipan.fr/fr/cas/1977-11-00457,1977-11-00457,https://www.geipan.fr/fr/cas/1977-11-00457,DOWNLOADED,18588,ded6ce17e8cd44eb98d0fba82d4ea468d8692cd0d9b5a78ec2373718e74a45cb,NANCY (54) 24.11.1977 | GEIPAN Orange arrow icon Orange arrow icon Orange arrow icon Arrow,
https://www.geipan.fr/fr/cas/1977-11-00458,1977-11-00458,https://www.geipan.fr/fr/cas/1977-11-00458,DOWNLOADED,18596,83dda3752e74cd15c25b116f9466ecc0cc379ae3060c7cd78acbc5613fa5352c,SAINTE-CEROTTE (72) 26.11.1977 | GEIPAN Orange arrow icon Orange arrow icon Orange arrow icon Arrow,
https://www.geipan.fr/fr/cas/1977-11-00459,1977-11-00459,https://www.geipan.fr/fr/cas/1977-11-00459,DOWNLOADED,18669,c23399e35da47f5566e6cb607fcda23511e1ecc41e0341842bbc8d59c85a3683,COSNES-ET-ROMAIN (54) 30.11.1977 | GEIPAN Orange arrow icon Orange arrow icon Orange arrow icon Arrow,
https://www.geipan.fr/fr/cas/1977-11-02667,1977-11-02667,https://www.geipan.fr/fr/cas/1977-11-02667,DOWNLOADED,18365,879757ffbca574d61aebdcf86494c86f05240e7ebc7eed6576dd36bd4c4e946d,PARIS (75) 04.11.1977 | GEIPAN Orange arrow icon Orange arrow icon Orange arrow icon Arrow,
https://www.geipan.fr/fr/cas/1977-11-02668,1977-11-02668,https://www.geipan.fr/fr/cas/1977-11-02668,DOWNLOADED,18976,0dafab3c3e61db961f76e11ca2f976086b4ab83de4c6f0e2b08df51e6be3bcd1,KOUROU (973) 10.11.1977 | GEIPAN Orange arrow icon Orange arrow icon Orange arrow icon Arrow,
https://www.geipan.fr/fr/cas/1977-11-02670,1977-11-02670,https://www.geipan.fr/fr/cas/1977-11-02670,DOWNLOADED,19528,21b85d343f70bc7001331550502d6d69fb31151e37ecaa0b555a8b24ec2e9b48,MONTMORILLON (86) 19.11.1977 | GEIPAN Orange arrow icon Orange arrow icon Orange arrow icon Arrow,
https://www.geipan.fr/fr/cas/1977-12-00461,1977-12-00461,https://www.geipan.fr/fr/cas/1977-12-00461,DOWNLOADED,19385,25229482c2e17aa37c4a7ad173f14ed6dbfa9b867bfe41a3489fb78398432bcd,SAINT-CLAUDE (39) 07.12.1977 | GEIPAN Orange arrow icon Orange arrow icon Orange arrow icon Arrow,
https://www.geipan.fr/fr/cas/1977-12-00463,1977-12-00463,https://www.geipan.fr/fr/cas/1977-12-00463,DOWNLOADED,20042,57c5e5e47f0b1a80c25c8bbff52a128f7342cbee883db73ec637454654cb6c39,NATIONAL (975) 13.12.1977 | GEIPAN Orange arrow icon Orange arrow icon Orange arrow icon Arrow,
https://www.geipan.fr/fr/cas/1977-12-00465,1977-12-00465,https://www.geipan.fr/fr/cas/1977-12-00465,DOWNLOADED,19024,200dc0268e8228368a293083d5bac28152dc44a1c72edc1f7af0eb0113e2c160,CARQUEFOU (44) 17.12.1977 | GEIPAN Orange arrow icon Orange arrow icon Orange arrow icon Arrow,
https://www.geipan.fr/fr/cas/1977-12-00466,1977-12-00466,https://www.geipan.fr/fr/cas/1977-12-00466,DOWNLOADED,20951,8273f3f478661c16fe08893311c7279c69e899338ffb828f77160bf814cc1f5b,SAINTE-CEROTTE (72) 18.12.1977 | GEIPAN Orange arrow icon Orange arrow icon Orange arrow icon Arrow,
https://www.geipan.fr/fr/cas/1977-12-00468,1977-12-00468,https://www.geipan.fr/fr/cas/1977-12-00468,DOWNLOADED,18858,17e08f86b3de19d77e67cde85b780c38d780ccf4cf7274213a13e7e6d6c4cd50,POUANCE (49) 20.12.1977 | GEIPAN Orange arrow icon Orange arrow icon Orange arrow icon Arrow,
https://www.geipan.fr/fr/cas/1977-12-00470,1977-12-00470,https://www.geipan.fr/fr/cas/1977-12-00470,DOWNLOADED,19298,4e58424b8b94714c7c0173f8ffc2fc6da475d2d4c54ee620cdded0c0e0bb3418,BEAUMETTES (84) 31.12.1977 | GEIPAN Orange arrow icon Orange arrow icon Orange arrow icon Arrow,
https://www.geipan.fr/fr/cas/1977-12-02675,1977-12-02675,https://www.geipan.fr/fr/cas/1977-12-02675,DOWNLOADED,20076,3e00260a1f04197953af38370943a0c12ec3ffe4fac113a189510e3d6d39b6b2,[D109] DE CHEMILLA (39) VERS SAINT-JULIEN-SUR-SURAN (39) 19.12.1977 | GEIPAN Orange arrow icon Orange arrow icon Orange arrow icon Arrow,
https://www.geipan.fr/fr/cas/1978-01-00471,1978-01-00471,https://www.geipan.fr/fr/cas/1978-01-00471,DOWNLOADED,18344,5daef15cdeff166e5bc78b31ec626e50977e7a23ead8a0dd49c886740606cbde,HURE (33) 01.01.1978 | GEIPAN Orange arrow icon Orange arrow icon Orange arrow icon Arrow,
https://www.geipan.fr/fr/cas/1978-01-00474,1978-01-00474,https://www.geipan.fr/fr/cas/1978-01-00474,DOWNLOADED,18060,627ae8793603a38ca08c20f077e05e6eac0cbd5cc4fbe42482c1f97c418d38d8,GUEBLING (57) 07.01.1978 | GEIPAN Orange arrow icon Orange arrow icon Orange arrow icon Arrow,
https://www.geipan.fr/fr/cas/1978-01-00476,1978-01-00476,https://www.geipan.fr/fr/cas/1978-01-00476,DOWNLOADED,20061,518d14f6261bc90cbd4a9f478dfd5dce5c8d0a4a42ee90654024981a09e14119,GUIPEL (35) 13.01.1978 | GEIPAN Orange arrow icon Orange arrow icon Orange arrow icon Arrow,
https://www.geipan.fr/fr/cas/1978-01-00477,1978-01-00477,https://www.geipan.fr/fr/cas/1978-01-00477,DOWNLOADED,19374,9a88f5a69d4bd8186f54433d1edd1dfa35ae0ee12def2abf68027c1744b5c594,DOL DE BRETAGNE(35) 1978 | GEIPAN Orange arrow icon Orange arrow icon Orange arrow icon Arrow,
https://www.geipan.fr/fr/cas/1978-01-00478,1978-01-00478,https://www.geipan.fr/fr/cas/1978-01-00478,DOWNLOADED,18793,b859de6cf3e84e8d1acf82fe027760470d26c2eca105e4c274bf4b72cb4a45b8,DRANCY (93) 1978 | GEIPAN Orange arrow icon Orange arrow icon Orange arrow icon Arrow,
https://www.geipan.fr/fr/cas/1978-01-00479,1978-01-00479,https://www.geipan.fr/fr/cas/1978-01-00479,DOWNLOADED,19351,8a1001226a777a430601946eea98403794a2f1f5b74140f253973088aa802705,NOUZONVILLE (08) 1978 | GEIPAN Orange arrow icon Orange arrow icon Orange arrow icon Arrow,
https://www.geipan.fr/fr/cas/1978-01-00480,1978-01-00480,https://www.geipan.fr/fr/cas/1978-01-00480,DOWNLOADED,20517,ab525afaca15fa268268a16efe05dcb7ebf3ef33f68b25c1391d063c017ab466,SAINT-CIERS-D’ABZAC (33) 27.01.1978 | GEIPAN Orange arrow icon Orange arrow icon Orange arrow icon Arrow,
https://www.geipan.fr/fr/cas/1978-01-08159,1978-01-08159,https://www.geipan.fr/fr/cas/1978-01-08159,DOWNLOADED,19769,cb703cc6a1ba1d1c41686d37d247c4a98b58dd5e19008e5df67497021720f75e,GORDES (84) 15.01.1978 | GEIPAN Orange arrow icon Orange arrow icon Orange arrow icon Arrow,
https://www.geipan.fr/fr/cas/1978-02-00485,1978-02-00485,https://www.geipan.fr/fr/cas/1978-02-00485,DOWNLOADED,22329,660c177dc47f6cd2418de197c2d2cd3ca1d8b82a8a0326429b6e85c7109a9618,SAUTO (66) 16.02.1978 | GEIPAN Orange arrow icon Orange arrow icon Orange arrow icon Arrow,
https://www.geipan.fr/fr/cas/1978-02-00486,1978-02-00486,https://www.geipan.fr/fr/cas/1978-02-00486,DOWNLOADED,18494,52862bfa4d067bb718c30439922d458c4b348b333d9d21d01b7bc479749a9488,ETRECHY (91) 1978 | GEIPAN Orange arrow icon Orange arrow icon Orange arrow icon Arrow,
https://www.geipan.fr/fr/cas/1978-02-00489,1978-02-00489,https://www.geipan.fr/fr/cas/1978-02-00489,DOWNLOADED,18908,fa996c932429846bcc8ec1e987dbc7c699baf162ba71fbf1566198cc83e74fc3,POYA (988) 1978 | GEIPAN Orange arrow icon Orange arrow icon Orange arrow icon Arrow,
https://www.geipan.fr/fr/cas/1978-02-00490,1978-02-00490,https://www.geipan.fr/fr/cas/1978-02-00490,DOWNLOADED,19184,66bc60648e5b7bd46c1dee0290364a7676da3e412b2487429dc19ecc0424c956,BEAUVOIR SUR NIORT (79) 1978 | GEIPAN Orange arrow icon Orange arrow icon Orange arrow icon Arrow,
https://www.geipan.fr/fr/cas/1978-02-00491,1978-02-00491,https://www.geipan.fr/fr/cas/1978-02-00491,DOWNLOADED,18346,2bddc1f5c3a81af8c2cd4bc41ff8a27465c8c82a0bb18f1a4bcbc2b3c6bedabb,CHABEUIL (26) 28.02.1978 | GEIPAN Orange arrow icon Orange arrow icon Orange arrow icon Arrow,
https://www.geipan.fr/fr/cas/1978-03-00492,1978-03-00492,https://www.geipan.fr/fr/cas/1978-03-00492,DOWNLOADED,18603,afaeb47e875fd416692f85b0a299f32d379fdbd393c759d46731027f3bd1bf83,SAUMUR (49) 1978 | GEIPAN Orange arrow icon Orange arrow icon Orange arrow icon Arrow,
https://www.geipan.fr/fr/cas/1978-03-00493,1978-03-00493,https://www.geipan.fr/fr/cas/1978-03-00493,DOWNLOADED,19013,12657deb00bee01395adb317ad6201f49119ff43f976a583f791d9959b5a973b,PHALSBOURG (57) 1978 | GEIPAN Orange arrow icon Orange arrow icon Orange arrow icon Arrow,
https://www.geipan.fr/fr/cas/1978-03-00494,1978-03-00494,https://www.geipan.fr/fr/cas/1978-03-00494,DOWNLOADED,23100,d3d03b70bfb7e8f7e2babbbc5468b41c4bc386bb571215d77f2160980569b209,BENNECOURT (78) 08.03.1978 | GEIPAN Orange arrow icon Orange arrow icon Orange arrow icon Arrow,
https://www.geipan.fr/fr/cas/1978-03-00498,1978-03-00498,https://www.geipan.fr/fr/cas/1978-03-00498,DOWNLOADED,18857,c518ca906c06b2d56d5d4cbc2f45f1c6a19a824d8dd003778507e6e18703eb9f,CHATENOIS (88) 1978 | GEIPAN Orange arrow icon Orange arrow icon Orange arrow icon Arrow,
https://www.geipan.fr/fr/cas/1978-03-00499,1978-03-00499,https://www.geipan.fr/fr/cas/1978-03-00499,DOWNLOADED,18864,da77ff5dc3c7397b787599bbf7d75163effcfd62ea236047edc048d8efe25ffe,SAINT-MAIXENT L'ECOLE (79) 1978 | GEIPAN Orange arrow icon Orange arrow icon Orange arrow icon Arrow,
https://www.geipan.fr/fr/cas/1978-03-00500,1978-03-00500,https://www.geipan.fr/fr/cas/1978-03-00500,DOWNLOADED,19684,3f5e8f0dca7bd0995fe6b81525cd18c2ac097601ef815ebfb3a9c89281e7fd96,ARRAS (62) 17.03.1978 | GEIPAN Orange arrow icon Orange arrow icon Orange arrow icon Arrow,
https://www.geipan.fr/fr/cas/1978-03-00501,1978-03-00501,https://www.geipan.fr/fr/cas/1978-03-00501,DOWNLOADED,18561,0a5d7942b7ce10dc238cab2a1501db05995a027d686485bce22e2970abfb0a88,AGEN (47) 24.03.1978 | GEIPAN Orange arrow icon Orange arrow icon Orange arrow icon Arrow,
https://www.geipan.fr/fr/cas/1978-04-00504,1978-04-00504,https://www.geipan.fr/fr/cas/1978-04-00504,DOWNLOADED,18833,7fa0527bd0988c33b7cbc9c3370108d1a54f42e9c1449bfc5cc4a82d380c7fde,LE VAUDREUIL (27) 02.04.1978 | GEIPAN Orange arrow icon Orange arrow icon Orange arrow icon Arrow,
https://www.geipan.fr/fr/cas/1978-04-00505,1978-04-00505,https://www.geipan.fr/fr/cas/1978-04-00505,DOWNLOADED,18494,367f5c9ea4b3d79ff95dadc2fe2f2e2ee56cbb22e48f78267eb1c18ffa453cb4,VAUDREUIL (LE) (27) 05.04.1978 | GEIPAN Orange arrow icon Orange arrow icon Orange arrow icon Arrow,
https://www.geipan.fr/fr/cas/1978-04-00512,1978-04-00512,https://www.geipan.fr/fr/cas/1978-04-00512,DOWNLOADED,18386,ba8d8a9c79d9a6b15870c895a069ede84ab5015831397c1c4d300102ea495f82,FONTVIEILLE (13) 26.04.1978 | GEIPAN Orange arrow icon Orange arrow icon Orange arrow icon Arrow,
https://www.geipan.fr/fr/cas/1978-04-00514,1978-04-00514,https://www.geipan.fr/fr/cas/1978-04-00514,DOWNLOADED,18799,a31b9769687f3dd1f54bf218489ed30debc3ce5caf2fdbd1390ac970c52a4d8d,REIMS (51) 29.04.1978 | GEIPAN Orange arrow icon Orange arrow icon Orange arrow icon Arrow,
https://www.geipan.fr/fr/cas/1978-04-00515,1978-04-00515,https://www.geipan.fr/fr/cas/1978-04-00515,DOWNLOADED,18984,8a35102f5cd0a7e5d76833e6f3d862c0f5e886fb8b5e5965082bfdcaa31f3809,SAINT-SAUVEUR (89) 30.04.1978 | GEIPAN Orange arrow icon Orange arrow icon Orange arrow icon Arrow,
https://www.geipan.fr/fr/cas/1978-04-01878,1978-04-01878,https://www.geipan.fr/fr/cas/1978-04-01878,DOWNLOADED,18620,eeb7cefea86699549e2c8b03c76c49c3bfc5abea454a756c30b5c0e1218ed9e7,FONTENAY LE COMTE (44) 1978 | GEIPAN Orange arrow icon Orange arrow icon Orange arrow icon Arrow,
https://www.geipan.fr/fr/cas/1978-04-01879,1978-04-01879,https://www.geipan.fr/fr/cas/1978-04-01879,DOWNLOADED,19683,a75f64c6e07d2f0c88d499fbd4cfdff26bc2214b74df870de6d4ed6868bf8141,FAUVILLE (27) 23.04.1978 | GEIPAN Orange arrow icon Orange arrow icon Orange arrow icon Arrow,
https://www.geipan.fr/fr/cas/1978-05-00516,1978-05-00516,https://www.geipan.fr/fr/cas/1978-05-00516,DOWNLOADED,18743,af46b5510be317a758f62d37a49075c237e1e95c7b9ad0cbfdc6035e08280f00,GONESSE (95) 05.05.1978 | GEIPAN Orange arrow icon Orange arrow icon Orange arrow icon Arrow,
https://www.geipan.fr/fr/cas/1978-05-00517,1978-05-00517,https://www.geipan.fr/fr/cas/1978-05-00517,DOWNLOADED,18751,c171698ae07de68e5a368f8ce04f565a555965fdec704307bfe843752d6480f3,BEAUFORT EN VALLEE (49) 06.05.1978 | GEIPAN Orange arrow icon Orange arrow icon Orange arrow icon Arrow,
https://www.geipan.fr/fr/cas/1978-05-00518,1978-05-00518,https://www.geipan.fr/fr/cas/1978-05-00518,DOWNLOADED,18462,8e5f4207012cb003238f9866407149045a254c1abb3d4810fd9bfd4cb926efe6,AIGUILLES (05) 16.05.1978 | GEIPAN Orange arrow icon Orange arrow icon Orange arrow icon Arrow,
https://www.geipan.fr/fr/cas/1978-05-00519,1978-05-00519,https://www.geipan.fr/fr/cas/1978-05-00519,DOWNLOADED,18530,0a030307d0e282b0d84a44440e775c33739807c23d4cd42b39510317baf1f320,[N165] de LANDEVANT (56) vers AURAY (56) 22.05.1978 | GEIPAN Orange arrow icon Orange arrow icon Orange arrow icon Arrow,
https://www.geipan.fr/fr/cas/1978-05-00520,1978-05-00520,https://www.geipan.fr/fr/cas/1978-05-00520,DOWNLOADED,18387,071dd37bdbe4e4b4155562a1ba7d8df081524c12b4088bc87547a15606be0282,VIBRAYE (72) 26.05.1978 | GEIPAN Orange arrow icon Orange arrow icon Orange arrow icon Arrow,
https://www.geipan.fr/fr/cas/1978-05-00521,1978-05-00521,https://www.geipan.fr/fr/cas/1978-05-00521,DOWNLOADED,18451,af7d87aa6de15e98e9c132a0b0eb64a823780405c9387a7b875dd52d211ba754,BAGNERES-DE-BIGORRE (65) 28.05.1978 | GEIPAN Orange arrow icon Orange arrow icon Orange arrow icon Arrow,
https://www.geipan.fr/fr/cas/1978-05-01887,1978-05-01887,https://www.geipan.fr/fr/cas/1978-05-01887,DOWNLOADED,18871,7fc05eba17ae56f8151de96e65d0a9b491dc300549378a91a9e5cb60505c48f7,OUEGOA (988) 05.05.1978 | GEIPAN Orange arrow icon Orange arrow icon Orange arrow icon Arrow,
https://www.geipan.fr/fr/cas/1978-06-00522,1978-06-00522,https://www.geipan.fr/fr/cas/1978-06-00522,DOWNLOADED,19695,ff327d10427b97403447c4ee66ff07a9bd5ffe82e71576aa6381255b7fb29068,PLEMET (22) 04.06.1978 | GEIPAN Orange arrow icon Orange arrow icon Orange arrow icon Arrow,
https://www.geipan.fr/fr/cas/1978-06-00523,1978-06-00523,https://www.geipan.fr/fr/cas/1978-06-00523,DOWNLOADED,19054,ab013eb3cdfd44868bcb6704aa4d0b5e488a8e98d368796469e99a0950ec1a8f,PORT VILA (988) 07.06.1978 | GEIPAN Orange arrow icon Orange arrow icon Orange arrow icon Arrow,
https://www.geipan.fr/fr/cas/1978-06-00524,1978-06-00524,https://www.geipan.fr/fr/cas/1978-06-00524,DOWNLOADED,19297,27d946a6efc650c1b73d75f4342a17d9acf9b8949bced7eb4e32a0d86aebb9c3,NATIONAL (975) 15.06.1978 | GEIPAN Orange arrow icon Orange arrow icon Orange arrow icon Arrow,
https://www.geipan.fr/fr/cas/1978-06-00525,1978-06-00525,https://www.geipan.fr/fr/cas/1978-06-00525,DOWNLOADED,19790,5c42779b236c3524575c4d5e78526c1fb80368b615d3f256196b141070df5d84,GUJAN-MESTRAS (33) 19.06.1978 | GEIPAN Orange arrow icon Orange arrow icon Orange arrow icon Arrow,
https://www.geipan.fr/fr/cas/1978-06-02391,1978-06-02391,https://www.geipan.fr/fr/cas/1978-06-02391,DOWNLOADED,18785,653d5693821afa8349e63991b5a50f583a3ee957f984c70f86733f26d1e4e1a3,TAVAUX (39) 07.06.1978 | GEIPAN Orange arrow icon Orange arrow icon Orange arrow icon Arrow,
https://www.geipan.fr/fr/cas/1978-07-00526,1978-07-00526,https://www.geipan.fr/fr/cas/1978-07-00526,DOWNLOADED,18435,c27dec85cd199269dde9f29375a5a6859e5ea9827b141d245082bf556f548c54,MONTELIMAR (26) 08.07.1978 | GEIPAN Orange arrow icon Orange arrow icon Orange arrow icon Arrow,
https://www.geipan.fr/fr/cas/1978-07-00528,1978-07-00528,https://www.geipan.fr/fr/cas/1978-07-00528,DOWNLOADED,21898,ecb2228ff214acbcb6fa295de9469390f964f57a8ceb432cbe5a507078fccac4,BIERRE-LES-SEMUR (21) 18.07.1978 | GEIPAN Orange arrow icon Orange arrow icon Orange arrow icon Arrow,
https://www.geipan.fr/fr/cas/1978-07-00532,1978-07-00532,https://www.geipan.fr/fr/cas/1978-07-00532,DOWNLOADED,19224,225e20229aceee756961c90afeab35c5acb77236a040881d2a3226af4c0c7d19,ROUFFIAC-TOLOSAN (31) 27.07.1978 | GEIPAN Orange arrow icon Orange arrow icon Orange arrow icon Arrow,
https://www.geipan.fr/fr/cas/1978-07-00533,1978-07-00533,https://www.geipan.fr/fr/cas/1978-07-00533,DOWNLOADED,22664,eb545620cb90f2d32d128fe0b4b913613ca0f01947d217f432713bafba71162f,MURAT-SUR-VEBRE (81) 30.07.1978 | GEIPAN Orange arrow icon Orange arrow icon Orange arrow icon Arrow,
https://www.geipan.fr/fr/cas/1978-07-02412,1978-07-02412,https://www.geipan.fr/fr/cas/1978-07-02412,DOWNLOADED,18854,5425cebd8153703833d45da9d56d0271a55757bcdd31fc9594ea51bfa9f70e14,PIERRE-BUFFIERE (87) 22.07.1978 | GEIPAN Orange arrow icon Orange arrow icon Orange arrow icon Arrow,
https://www.geipan.fr/fr/cas/1978-07-09386,1978-07-09386,https://www.geipan.fr/fr/cas/1978-07-09386,DOWNLOADED,19879,2fd5cb95f3863e18f6eab51ea10abeb3306dd69069231cc99ab33bd55319c199,FAGET-ABBATIAL (32) 17.07.1978 | GEIPAN Orange arrow icon Orange arrow icon Orange arrow icon Arrow,
https://www.geipan.fr/fr/cas/1978-08-00534,1978-08-00534,https://www.geipan.fr/fr/cas/1978-08-00534,DOWNLOADED,18899,1de4cf981d6a64dd3e5febf26242ad193dfd22dd16de890c0669576af21f0672,HEROUVILLE (14) 06.08.1978 | GEIPAN Orange arrow icon Orange arrow icon Orange arrow icon Arrow,
https://www.geipan.fr/fr/cas/1978-08-00536,1978-08-00536,https://www.geipan.fr/fr/cas/1978-08-00536,DOWNLOADED,26223,5f7214ae630c83f2466c9b21ba7014b6df5ca314ff0445cb72b318fd2d532212,SAINT-DIZIER (52) 20.08.1978 | GEIPAN Orange arrow icon Orange arrow icon Orange arrow icon Arrow,
https://www.geipan.fr/fr/cas/1978-08-00538,1978-08-00538,https://www.geipan.fr/fr/cas/1978-08-00538,DOWNLOADED,18692,4831f43a43df018494212007547d0f29a2e2501fe20457c829d062d5015760ad,MONTPELLIER (34) 31.08.1979 | GEIPAN Orange arrow icon Orange arrow icon Orange arrow icon Arrow,
https://www.geipan.fr/fr/cas/1978-09-00539,1978-09-00539,https://www.geipan.fr/fr/cas/1978-09-00539,DOWNLOADED,18667,131fb46f8e2f1fdc9eaa45c550cdeded4e66aff87159f58b265c598bbcebc1d7,MENTON (06) 01.09.1978 | GEIPAN Orange arrow icon Orange arrow icon Orange arrow icon Arrow,
https://www.geipan.fr/fr/cas/1978-09-00540,1978-09-00540,https://www.geipan.fr/fr/cas/1978-09-00540,DOWNLOADED,20002,63143f14bd836f7d01b5090884b5b858f4a2a5f9d09eb2d4b01e560a71a59b2f,CHAMONIX (74) 04.09.1978 | GEIPAN Orange arrow icon Orange arrow icon Orange arrow icon Arrow,
https://www.geipan.fr/fr/cas/1978-09-00541,1978-09-00541,https://www.geipan.fr/fr/cas/1978-09-00541,DOWNLOADED,19198,04c00a6cc9629e1fee3e92b1601b12f1164b492be21c03fa9238147aa50b3cda,CHAROLLES (71) 07.09.1978 | GEIPAN Orange arrow icon Orange arrow icon Orange arrow icon Arrow,
https://www.geipan.fr/fr/cas/1978-09-00542,1978-09-00542,https://www.geipan.fr/fr/cas/1978-09-00542,DOWNLOADED,19345,ea648b26e13f1aaa7f0dbf1e86102e21887be8f7c52ef3e831849c2978b9d977,CORBENY (02) 08.09.1978 | GEIPAN Orange arrow icon Orange arrow icon Orange arrow icon Arrow,
https://www.geipan.fr/fr/cas/1978-09-00545,1978-09-00545,https://www.geipan.fr/fr/cas/1978-09-00545,DOWNLOADED,18423,80527bfb1d356e278a54d8db84453d4b717167832eeda8b458176a2a34276f33,GLAY (25) 15.09.1978 | GEIPAN Orange arrow icon Orange arrow icon Orange arrow icon Arrow,
https://www.geipan.fr/fr/cas/1978-09-00546,1978-09-00546,https://www.geipan.fr/fr/cas/1978-09-00546,DOWNLOADED,19354,1ba5cc8928cf7de91fdec235dc79eff79e36001e6c6a1aeecdfbed9b99ca67dd,DIJON (21) 17.09.1978 | GEIPAN Orange arrow icon Orange arrow icon Orange arrow icon Arrow,
https://www.geipan.fr/fr/cas/1978-09-00547,1978-09-00547,https://www.geipan.fr/fr/cas/1978-09-00547,DOWNLOADED,18647,fbcb8ced4fcd7b4dd32a6ddf5d0a23c0c7ecfe145ff89b83e7181971cb8aa5d9,REMIREMONT (88) 24.09.1978 | GEIPAN Orange arrow icon Orange arrow icon Orange arrow icon Arrow,
https://www.geipan.fr/fr/cas/1978-09-00548,1978-09-00548,https://www.geipan.fr/fr/cas/1978-09-00548,DOWNLOADED,18791,48796bb45162265364a97ac113e6d831e4be30b3c74de43af1866020af1a94fa,SETE (34) 27.09.1978 | GEIPAN Orange arrow icon Orange arrow icon Orange arrow icon Arrow,
https://www.geipan.fr/fr/cas/1978-09-00549,1978-09-00549,https://www.geipan.fr/fr/cas/1978-09-00549,DOWNLOADED,18463,b33586b079ba46fc3d65d17865fa8c23112b454770c7fe0b569260351bd4925c,PARIS (75) 30.09.1978 | GEIPAN Orange arrow icon Orange arrow icon Orange arrow icon Arrow,
https://www.geipan.fr/fr/cas/1978-10-00550,1978-10-00550,https://www.geipan.fr/fr/cas/1978-10-00550,DOWNLOADED,18441,e18a5099f6710ede98eeffd16c0ea7dd0873d11f4a85fd4edcbfa25d2d97d3c9,MOUZON (08) 03.10.1978 | GEIPAN Orange arrow icon Orange arrow icon Orange arrow icon Arrow,
https://www.geipan.fr/fr/cas/1978-10-00552,1978-10-00552,https://www.geipan.fr/fr/cas/1978-10-00552,DOWNLOADED,19022,0c10a387a68f6ee03f613f478b362245d03d0fcb7e2d214e4eb438a013727970,LHUIS (01) 06.10.1978 | GEIPAN Orange arrow icon Orange arrow icon Orange arrow icon Arrow,
https://www.geipan.fr/fr/cas/1978-10-00554,1978-10-00554,https://www.geipan.fr/fr/cas/1978-10-00554,DOWNLOADED,19529,eb4d6ed16a9f820fbc95cb0a8c75d77e09a827d84b49ec03db8eb90d33704d40,NIERGNIES (59) 08.10.1978 | GEIPAN Orange arrow icon Orange arrow icon Orange arrow icon Arrow,
https://www.geipan.fr/fr/cas/1978-10-00557,1978-10-00557,https://www.geipan.fr/fr/cas/1978-10-00557,DOWNLOADED,18349,bc731a69872f9807de73c0cde29f11da819d567b5d9e34f9c34f175853f0e194,BROYES (51) 12.10.1978 | GEIPAN Orange arrow icon Orange arrow icon Orange arrow icon Arrow,
https://www.geipan.fr/fr/cas/1978-10-00558,1978-10-00558,https://www.geipan.fr/fr/cas/1978-10-00558,DOWNLOADED,19038,3d9eb35b32693090d485073d74557215ad6d46730ab541ef6d7b3fb761bd987c,NATIONAL (975) 13.10.1978 | GEIPAN Orange arrow icon Orange arrow icon Orange arrow icon Arrow,
https://www.geipan.fr/fr/cas/1978-10-00559,1978-10-00559,https://www.geipan.fr/fr/cas/1978-10-00559,DOWNLOADED,19822,59533681a000168396ad50fab198d8b28cb79c42ba536225f4ddfa81951e0ad9,LABRUGUIERE (81) 15.10.1978 | GEIPAN Orange arrow icon Orange arrow icon Orange arrow icon Arrow,
https://www.geipan.fr/fr/cas/1978-10-00560,1978-10-00560,https://www.geipan.fr/fr/cas/1978-10-00560,DOWNLOADED,18213,964934877e2906340badf186de9516defebe72c9e22365e34f5efd4ebf06b9fc,CASTELJALOUX (47) 23.10.1978 | GEIPAN Orange arrow icon Orange arrow icon Orange arrow icon Arrow,
https://www.geipan.fr/fr/cas/1978-10-00561,1978-10-00561,https://www.geipan.fr/fr/cas/1978-10-00561,DOWNLOADED,18825,1e92fd7e3ad023df9b5fbe1a75c5b0983e43612190c70eb364de0e6be9fc183a,MORNANT (69) 28.10.1978 | GEIPAN Orange arrow icon Orange arrow icon Orange arrow icon Arrow,
https://www.geipan.fr/fr/cas/1978-10-00562,1978-10-00562,https://www.geipan.fr/fr/cas/1978-10-00562,DOWNLOADED,19796,94b86623ff9a5e23cd1537ef89278359581da4bd787c657edecc576755ad8297,LORMES (58) 30.10.1978 | GEIPAN Orange arrow icon Orange arrow icon Orange arrow icon Arrow,
https://www.geipan.fr/fr/cas/1978-11-00563,1978-11-00563,https://www.geipan.fr/fr/cas/1978-11-00563,DOWNLOADED,19927,7404ea19e95390e04b7dc6c965401c8b2aed8577c08010aaae3959cb93f1179f,NATIONAL (975) 02.11.1978 | GEIPAN Orange arrow icon Orange arrow icon Orange arrow icon Arrow,
https://www.geipan.fr/fr/cas/1978-11-00564,1978-11-00564,https://www.geipan.fr/fr/cas/1978-11-00564,DOWNLOADED,18848,12f2763dee221d6f1f3387ef467d5b80ea9ff28e610fb14ebf9b217f7543de8a,MAREUIL-SUR-LAY-DISSAIS (85) 06.11.1978 | GEIPAN Orange arrow icon Orange arrow icon Orange arrow icon Arrow,
https://www.geipan.fr/fr/cas/1978-11-00565,1978-11-00565,https://www.geipan.fr/fr/cas/1978-11-00565,DOWNLOADED,19596,f2742b1fe78f3faade6664bc90df37def88bb8faf7383c433af142ba75de9513,NATIONAL (975) 08.11.1978 | GEIPAN Orange arrow icon Orange arrow icon Orange arrow icon Arrow,
https://www.geipan.fr/fr/cas/1978-11-00567,1978-11-00567,https://www.geipan.fr/fr/cas/1978-11-00567,DOWNLOADED,18335,28bd171ca23d440ae909db4e707a099a8d49e4eeb7274062ec7e198519c7fc01,JAVERDAT (87) 14.11.1978 | GEIPAN Orange arrow icon Orange arrow icon Orange arrow icon Arrow,
https://www.geipan.fr/fr/cas/1978-11-00568,1978-11-00568,https://www.geipan.fr/fr/cas/1978-11-00568,DOWNLOADED,18995,332606133060b3b5dc32b5e04a5e73c94b19ec22e2c2994f5861d8d794981bb6,POINDIMIE (988) 15.11.1978 | GEIPAN Orange arrow icon Orange arrow icon Orange arrow icon Arrow,
https://www.geipan.fr/fr/cas/1978-11-00569,1978-11-00569,https://www.geipan.fr/fr/cas/1978-11-00569,DOWNLOADED,22543,f07944acdfda8c36ef764ed2e0a6c85069027543b7a7eb634860a6fe5250b1ad,MURE (LA) (38) 21.11.1978 | GEIPAN Orange arrow icon Orange arrow icon Orange arrow icon Arrow,
https://www.geipan.fr/fr/cas/1978-11-00571,1978-11-00571,https://www.geipan.fr/fr/cas/1978-11-00571,DOWNLOADED,18840,c07abfd5ba7b1a0052005ca497f399eeaf1448f317ef022f1093d70e9fb8318e,SAINT-JUNIEN (87) 25.11.1978 | GEIPAN Orange arrow icon Orange arrow icon Orange arrow icon Arrow,
https://www.geipan.fr/fr/cas/1978-11-02606,1978-11-02606,https://www.geipan.fr/fr/cas/1978-11-02606,DOWNLOADED,19486,21adeee855a7458afc716f1fb80330a8982d589762b5cd8c6169e87a15f7dc6d,MAROLLES-LES-SAINT-CALAIS (72) 21.11.1978 | GEIPAN Orange arrow icon Orange arrow icon Orange arrow icon Arrow,
https://www.geipan.fr/fr/cas/1978-12-00573,1978-12-00573,https://www.geipan.fr/fr/cas/1978-12-00573,DOWNLOADED,18701,f8acc50c2456b4e8bfc684cee6db861ec8ba9240ba9cd3e3bea85cd91f646e4c,PIERREFORT (15) 03.12.1978 | GEIPAN Orange arrow icon Orange arrow icon Orange arrow icon Arrow,
https://www.geipan.fr/fr/cas/1978-12-00575,1978-12-00575,https://www.geipan.fr/fr/cas/1978-12-00575,DOWNLOADED,18314,86792d9f72b148479dcc8cf303cec37492fc86092e9bf33870bd67ebe5c85b80,SAINT-FONS (69) 06.12.1978 | GEIPAN Orange arrow icon Orange arrow icon Orange arrow icon Arrow,
https://www.geipan.fr/fr/cas/1978-12-00576,1978-12-00576,https://www.geipan.fr/fr/cas/1978-12-00576,DOWNLOADED,18624,1d8c7ade9e4e11dd344c9a20464db093ec9660f659d08afe6b002565fdbe289a,[AERO AFR] CHAMONIX-MONT-BLANC (74) 07.12.1978 | GEIPAN Orange arrow icon Orange arrow icon Orange arrow icon Arrow,
https://www.geipan.fr/fr/cas/1978-12-00577,1978-12-00577,https://www.geipan.fr/fr/cas/1978-12-00577,DOWNLOADED,19386,d35bb2ea8cb30ee2ab2618460ba2d8fb67ba3623bc0e662a52a22339fd12ed0d,ROUSSILLON (38) 10.12.1978 | GEIPAN Orange arrow icon Orange arrow icon Orange arrow icon Arrow,
https://www.geipan.fr/fr/cas/1978-12-00578,1978-12-00578,https://www.geipan.fr/fr/cas/1978-12-00578,DOWNLOADED,19750,831e4fd359703e91f568e7b9e2116abd91d084fea2bf49e3db648ad1a19ef833,NATIONAL (975) 11.12.1978 | GEIPAN Orange arrow icon Orange arrow icon Orange arrow icon Arrow,
https://www.geipan.fr/fr/cas/1978-12-00580,1978-12-00580,https://www.geipan.fr/fr/cas/1978-12-00580,DOWNLOADED,19115,97f87f2267c3dc6e18b7fedfc5a8926d198403e6bea6fb1e02c32e6905a825f8,MEAUX (77) 19.12.1978 | GEIPAN Orange arrow icon Orange arrow icon Orange arrow icon Arrow,
https://www.geipan.fr/fr/cas/1978-12-00581,1978-12-00581,https://www.geipan.fr/fr/cas/1978-12-00581,DOWNLOADED,18664,d35618b74d86ac2b03377fa53ff96931c716110cdc4a36036c7d51670c102740,ARAMON (30) 20.12.1978 | GEIPAN Orange arrow icon Orange arrow icon Orange arrow icon Arrow,
https://www.geipan.fr/fr/cas/1978-12-00582,1978-12-00582,https://www.geipan.fr/fr/cas/1978-12-00582,DOWNLOADED,18562,3083654684e8a7e9fa72e8e25b958ef38b02defa89def09d9245e1d2e9d32322,COURNON (63) 24.12.1978 | GEIPAN Orange arrow icon Orange arrow icon Orange arrow icon Arrow,
https://www.geipan.fr/fr/cas/1978-12-00583,1978-12-00583,https://www.geipan.fr/fr/cas/1978-12-00583,DOWNLOADED,18915,fd86e072f0251f19734eaba527e9217c3d4de98a98bf0f4e833075ef665cf02e,VEYRE-MONTON (63) 25.12.1978 | GEIPAN Orange arrow icon Orange arrow icon Orange arrow icon Arrow,
https://www.geipan.fr/fr/cas/1978-12-00584,1978-12-00584,https://www.geipan.fr/fr/cas/1978-12-00584,DOWNLOADED,18030,3ad03f026a84bf4226c055c49851787a1d84d1a155d90d9bb9f77203e0da5fef,ORMOY-LA-RIVIERE (91) 29.12.1978 | GEIPAN Orange arrow icon Orange arrow icon Orange arrow icon Arrow,
https://www.geipan.fr/fr/cas/1978-12-09377,1978-12-09377,https://www.geipan.fr/fr/cas/1978-12-09377,DOWNLOADED,21807,3a4ca6568a70965c88e9e54c9b9a4ce6c640acaf2e5140a5978c94ea3cfc471a,[D17] de FONTVIEILLE (13) vers PARADOU (13) --.12.1978 | GEIPAN Orange arrow icon Orange arrow icon Orange arrow icon Arrow,
https://www.geipan.fr/fr/cas/1978-12-09607,1978-12-09607,https://www.geipan.fr/fr/cas/1978-12-09607,DOWNLOADED,19980,857b26aeaa099895da11199c03945b2605327f51ca4ba30f9fc53c85e3b3aa27,BAYONNE (64) 28.12.1978 | GEIPAN Orange arrow icon Orange arrow icon Orange arrow icon Arrow,
https://www.geipan.fr/fr/cas/1979-01-00586,1979-01-00586,https://www.geipan.fr/fr/cas/1979-01-00586,DOWNLOADED,18648,38154655768222bb52440ce115b774708a6030f7f031e88d41f9d2a542ef5c19,MAULEON LICHARRE (64) 1979 | GEIPAN Orange arrow icon Orange arrow icon Orange arrow icon Arrow,
https://www.geipan.fr/fr/cas/1979-01-00587,1979-01-00587,https://www.geipan.fr/fr/cas/1979-01-00587,DOWNLOADED,19413,10936f3a767e8e9b96288814890e258f5ed0a232a7e27851f9366efe3b610ec3,SAVERNE (67) 1979 | GEIPAN Orange arrow icon Orange arrow icon Orange arrow icon Arrow,
https://www.geipan.fr/fr/cas/1979-01-00588,1979-01-00588,https://www.geipan.fr/fr/cas/1979-01-00588,DOWNLOADED,18798,b05dcfaf061ef398d7a9550602abd52af0058a501e076b90cce3f7dfbb89d169,BANNALEC (29) 06.01.1979 | GEIPAN Orange arrow icon Orange arrow icon Orange arrow icon Arrow,
https://www.geipan.fr/fr/cas/1979-01-00589,1979-01-00589,https://www.geipan.fr/fr/cas/1979-01-00589,DOWNLOADED,18497,749fcf7c71de1ef76778d0de9dd065ae7971f39713f16f0e2c46d6f0230f4c14,NOYANT-LA-GRAVOYERE (49) 02.01.1979 | GEIPAN Orange arrow icon Orange arrow icon Orange arrow icon Arrow,
https://www.geipan.fr/fr/cas/1979-01-00590,1979-01-00590,https://www.geipan.fr/fr/cas/1979-01-00590,DOWNLOADED,19054,5d9ea15d7e90d61c929a38869d2e179ce284c9503e4a8b60087c36666da0890c,BRIVE (19) 1979 | GEIPAN Orange arrow icon Orange arrow icon Orange arrow icon Arrow,
https://www.geipan.fr/fr/cas/1979-01-00591,1979-01-00591,https://www.geipan.fr/fr/cas/1979-01-00591,DOWNLOADED,18732,88bebc57bdad09bdb8073d2f174bda3ea6c79e796728c58dd4bafbb030ca7c9a,TRELOU-SUR-MARNE (02) 13.01.1979 | GEIPAN Orange arrow icon Orange arrow icon Orange arrow icon Arrow,
https://www.geipan.fr/fr/cas/1979-01-00592,1979-01-00592,https://www.geipan.fr/fr/cas/1979-01-00592,DOWNLOADED,19489,e805f3fd275f7317e3f4d1ae5d5d346217d0a7f597af5cf296599fe4c466d9ac,COULONGES-COHAN (02) 14.01.1979 | GEIPAN Orange arrow icon Orange arrow icon Orange arrow icon Arrow,
https://www.geipan.fr/fr/cas/1979-01-00594,1979-01-00594,https://www.geipan.fr/fr/cas/1979-01-00594,DOWNLOADED,18786,9e467e89a21d9c2abd724909d627efe760e88fdbb9b023ad16094d122355166f,MARSEILLE EN BEAUVAISIS (60) 1979 | GEIPAN Orange arrow icon Orange arrow icon Orange arrow icon Arrow,
https://www.geipan.fr/fr/cas/1979-01-00595,1979-01-00595,https://www.geipan.fr/fr/cas/1979-01-00595,DOWNLOADED,19383,b6635d8a0d2d91e076da6a5201dfbd60f9b3cd36c89e75aecea100895fde78f2,(DPT) FINISTERE (29) 24.01.1979 | GEIPAN Orange arrow icon Orange arrow icon Orange arrow icon Arrow,
https://www.geipan.fr/fr/cas/1979-01-00596,1979-01-00596,https://www.geipan.fr/fr/cas/1979-01-00596,DOWNLOADED,19453,80e686e297dc2cc81561357127d22a8a180cfcfab1e6aca089b63fc838ddb253,CHATEAUNEUF-DE-GALAURE (26) 25.01.1979 | GEIPAN Orange arrow icon Orange arrow icon Orange arrow icon Arrow,
https://www.geipan.fr/fr/cas/1979-01-00597,1979-01-00597,https://www.geipan.fr/fr/cas/1979-01-00597,DOWNLOADED,18570,3239564463247f0cc042a309c71df960990c4e8963517080b77a8e9e440f36df,VALENCIENNES (59) 26.01.1979 | GEIPAN Orange arrow icon Orange arrow icon Orange arrow icon Arrow,
https://www.geipan.fr/fr/cas/1979-01-00599,1979-01-00599,https://www.geipan.fr/fr/cas/1979-01-00599,DOWNLOADED,18723,b010a81713e73857623747412ce62b3fbe14b4a16d50ef993c1a02927985807b,HOURTIN (33) 29.01.1979 | GEIPAN Orange arrow icon Orange arrow icon Orange arrow icon Arrow,
https://www.geipan.fr/fr/cas/1979-01-01845,1979-01-01845,https://www.geipan.fr/fr/cas/1979-01-01845,DOWNLOADED,18624,5acb79e7ff47908d1312c4f5d7126cf0652e1b72bd696ad9a8645117a3eebc00,AIX-EN-PROVENCE (13) 11.01.1979 | GEIPAN Orange arrow icon Orange arrow icon Orange arrow icon Arrow,
https://www.geipan.fr/fr/cas/1979-01-01846,1979-01-01846,https://www.geipan.fr/fr/cas/1979-01-01846,DOWNLOADED,19639,43f3b7079ba417037e69116b9a6486cba7e6fc754630845e07a88638cccabb7d,NEGREPELISSE (82) 1979 | GEIPAN Orange arrow icon Orange arrow icon Orange arrow icon Arrow,
https://www.geipan.fr/fr/cas/1979-01-01847,1979-01-01847,https://www.geipan.fr/fr/cas/1979-01-01847,DOWNLOADED,18644,8d35e04f8da9b326871f380a0405ad9cd836dee97aaa8c25bb5bfa195ac42b69,SAINT-MANDE (94) 13.01.1979 | GEIPAN Orange arrow icon Orange arrow icon Orange arrow icon Arrow,
https://www.geipan.fr/fr/cas/1979-02-00601,1979-02-00601,https://www.geipan.fr/fr/cas/1979-02-00601,DOWNLOADED,22369,37061c4d336e41c42614846771d0a4df2e7d8d1bbd7311c372ec05930abccdd1,BOULAY-MOSELLE (57) 04.02.1979 | GEIPAN Orange arrow icon Orange arrow icon Orange arrow icon Arrow,
https://www.geipan.fr/fr/cas/1979-02-00602,1979-02-00602,https://www.geipan.fr/fr/cas/1979-02-00602,DOWNLOADED,18717,4f645d9d9e465556b55aa34a86983b3e8ea699e8e76eac4a8f9400db89398f37,NICE (06) 06.02.1979 | GEIPAN Orange arrow icon Orange arrow icon Orange arrow icon Arrow,
https://www.geipan.fr/fr/cas/1979-02-00604,1979-02-00604,https://www.geipan.fr/fr/cas/1979-02-00604,DOWNLOADED,20423,d9f6d2b811386f7ce4f216367b2f93b37096f2bed2d5aa75a3a0d3df0a9e4494,TREVOUX (01) 1979 | GEIPAN Orange arrow icon Orange arrow icon Orange arrow icon Arrow,
https://www.geipan.fr/fr/cas/1979-02-00605,1979-02-00605,https://www.geipan.fr/fr/cas/1979-02-00605,DOWNLOADED,18340,9354a691ce9649ea58ecbdf160bbca487cfb08bebc21c5a592a81f22257d6ade,VENISSIEUX (69) 14.02.1979 | GEIPAN Orange arrow icon Orange arrow icon Orange arrow icon Arrow,
https://www.geipan.fr/fr/cas/1979-03-00607,1979-03-00607,https://www.geipan.fr/fr/cas/1979-03-00607,DOWNLOADED,20592,ab45d4c4fea8d09113348d2cab1cb526ead3138efe3634a72666d86765bc1d2a,SAINT-MARCEL (01) 11.03.1979 « LES POISSONS » | GEIPAN Orange arrow icon Orange arrow icon Orange arrow icon Arrow,
https://www.geipan.fr/fr/cas/1979-03-00608,1979-03-00608,https://www.geipan.fr/fr/cas/1979-03-00608,DOWNLOADED,19299,fbeb42541821a9cec09e55f4a36ff48c6de18a17b83f4fbba332dfbe02a468c5,LE COTEAU (42) | GEIPAN Orange arrow icon Orange arrow icon Orange arrow icon Arrow,
https://www.geipan.fr/fr/cas/1979-03-00609,1979-03-00609,https://www.geipan.fr/fr/cas/1979-03-00609,DOWNLOADED,18978,92d4021ff157cb15233426e7c3976c913911e65d162892c26d89fb1c1b469688,LANDIVISIAU (29) 1979 | GEIPAN Orange arrow icon Orange arrow icon Orange arrow icon Arrow,
https://www.geipan.fr/fr/cas/1979-03-00610,1979-03-00610,https://www.geipan.fr/fr/cas/1979-03-00610,DOWNLOADED,18913,babaa6947a89890dab6312ccbef1b7fd67d87276ce6eca459673e52a4b6c4e59,NICE (06) 1979 | GEIPAN Orange arrow icon Orange arrow icon Orange arrow icon Arrow,
https://www.geipan.fr/fr/cas/1979-03-00611,1979-03-00611,https://www.geipan.fr/fr/cas/1979-03-00611,DOWNLOADED,20125,27655b2300c2ae4cb43e49a55d4b12daa8f02c9ca140b1b6ece0921ca3b0eff0,GARDOUCH (31) 21.03.1979 | GEIPAN Orange arrow icon Orange arrow icon Orange arrow icon Arrow,
https://www.geipan.fr/fr/cas/1979-03-00612,1979-03-00612,https://www.geipan.fr/fr/cas/1979-03-00612,DOWNLOADED,18525,4446b87ff67b62308fb160001e06d7f58387588f5c3455bdf50e744c407a0741,CHEF-DU-PONT (50) 22.03.1979 | GEIPAN Orange arrow icon Orange arrow icon Orange arrow icon Arrow,
https://www.geipan.fr/fr/cas/1979-03-00613,1979-03-00613,https://www.geipan.fr/fr/cas/1979-03-00613,DOWNLOADED,18985,54600375f2e2ea2563262351dacdc59933b503e0884eab585337a8438e315197,MURVIEL LES BEZIERS (34) 1979 | GEIPAN Orange arrow icon Orange arrow icon Orange arrow icon Arrow,
https://www.geipan.fr/fr/cas/1979-03-00614,1979-03-00614,https://www.geipan.fr/fr/cas/1979-03-00614,DOWNLOADED,18785,6d96fadad51fa77e49f1d1c30b35b3900f821656f492528a689530a581bcb9cb,MORGNY-LA-POMMERAYE (76) 31.03.1979 | GEIPAN Orange arrow icon Orange arrow icon Orange arrow icon Arrow,
https://www.geipan.fr/fr/cas/1979-03-01721,1979-03-01721,https://www.geipan.fr/fr/cas/1979-03-01721,DOWNLOADED,19239,f05308ddcaa3a123125e23db3642a249ae79b4038ffa03d159ebe2acc8aa410c,JEUMONT (59) 1979 | GEIPAN Orange arrow icon Orange arrow icon Orange arrow icon Arrow,
https://www.geipan.fr/fr/cas/1979-03-01722,1979-03-01722,https://www.geipan.fr/fr/cas/1979-03-01722,DOWNLOADED,18895,c024300ffa923643f168d202c654407ea998e65689f1e52c4e2039f729b55582,MONTGUYON (17) 1979 | GEIPAN Orange arrow icon Orange arrow icon Orange arrow icon Arrow,
https://www.geipan.fr/fr/cas/1979-03-01853,1979-03-01853,https://www.geipan.fr/fr/cas/1979-03-01853,DOWNLOADED,18648,1df09e052d9478273ed5c47042cfa3c7ab413352073be1c2364fc2a66aa80b85,MOTTE-SERVOLEX (LA) (73) 18.03.1979 | GEIPAN Orange arrow icon Orange arrow icon Orange arrow icon Arrow,
https://www.geipan.fr/fr/cas/1979-04-00615,1979-04-00615,https://www.geipan.fr/fr/cas/1979-04-00615,DOWNLOADED,19684,cf7cb1252e05891addebedd9d5dec943bdedc1338c9d82821c1cd08b44f24f00,BEAUCOURT (90) 02.04.1979 | GEIPAN Orange arrow icon Orange arrow icon Orange arrow icon Arrow,
https://www.geipan.fr/fr/cas/1979-04-00616,1979-04-00616,https://www.geipan.fr/fr/cas/1979-04-00616,DOWNLOADED,18662,c33bae71b961de597c5c227d40b1e633cdf5c8f88fbec413be545e8aa8fb7f0c,COZES (17) 07.04.1979 | GEIPAN Orange arrow icon Orange arrow icon Orange arrow icon Arrow,
https://www.geipan.fr/fr/cas/1979-04-00617,1979-04-00617,https://www.geipan.fr/fr/cas/1979-04-00617,DOWNLOADED,18655,0b1d6326152069eb81643e947c8bd7f0effee29d6ccf7e9b4a7ef1c08dcf5cf4,CHATEAUGIRON (35) 1979 | GEIPAN Orange arrow icon Orange arrow icon Orange arrow icon Arrow,
https://www.geipan.fr/fr/cas/1979-04-00618,1979-04-00618,https://www.geipan.fr/fr/cas/1979-04-00618,DOWNLOADED,19127,29659d6a160b7d777203271bc9f4c07b8b7c9f521961966f2ca66aca5c4b6a89,COURTHEZON (84) 1979 | GEIPAN Orange arrow icon Orange arrow icon Orange arrow icon Arrow,
https://www.geipan.fr/fr/cas/1979-04-01876,1979-04-01876,https://www.geipan.fr/fr/cas/1979-04-01876,DOWNLOADED,18396,7e7257e89f029ea5b29e2316df66e0c2f1082eb070428405834aa89701505a39,SAINT-GERMAIN-LE-GAILLARD (50) 27.04.1979 | GEIPAN Orange arrow icon Orange arrow icon Orange arrow icon Arrow,
https://www.geipan.fr/fr/cas/1979-05-00622,1979-05-00622,https://www.geipan.fr/fr/cas/1979-05-00622,DOWNLOADED,19311,74c4868cde4d47ed65ccb3c9351d37a5350d3905352edf0e69db0492d05e5251,SELLIERES (39) 1979 | GEIPAN Orange arrow icon Orange arrow icon Orange arrow icon Arrow,
https://www.geipan.fr/fr/cas/1979-05-00623,1979-05-00623,https://www.geipan.fr/fr/cas/1979-05-00623,DOWNLOADED,19282,3ad7ada7b7a836eea28a149d60a485d919cb2c270cc3205549e238f2c904efb1,VIENNE (38) 14.05.1979 | GEIPAN Orange arrow icon Orange arrow icon Orange arrow icon Arrow,
https://www.geipan.fr/fr/cas/1979-05-00625,1979-05-00625,https://www.geipan.fr/fr/cas/1979-05-00625,DOWNLOADED,19051,54d9c58f9087716f69e1f401cc16630279ead5811783f0f461e45f44f8724f3e,LYON (69) 1979 | GEIPAN Orange arrow icon Orange arrow icon Orange arrow icon Arrow,
https://www.geipan.fr/fr/cas/1979-05-00626,1979-05-00626,https://www.geipan.fr/fr/cas/1979-05-00626,DOWNLOADED,18559,f25af95db9b8bf6ab712361e96b5861848570480a9a8b15f0941fc494e4e66cc,"[MER] LAT -1.22, LON -81.12 (EC.M) 26.05.1979 | GEIPAN Orange arrow icon Orange arrow icon Orange arrow icon Arrow",
https://www.geipan.fr/fr/cas/1979-05-00627,1979-05-00627,https://www.geipan.fr/fr/cas/1979-05-00627,DOWNLOADED,18980,1edd7cbd11547c4bfde79b7b8f0dddfe8af5ffd4a2aed366f0b0c9e0d9274c90,MERFY (51) 29.05.1979 | GEIPAN Orange arrow icon Orange arrow icon Orange arrow icon Arrow,
https://www.geipan.fr/fr/cas/1979-05-00628,1979-05-00628,https://www.geipan.fr/fr/cas/1979-05-00628,DOWNLOADED,18756,d718eabbdd3989cfc76886e99acb858d079d0264619d2846f5e1d2d62cdd25b4,AVIZE (51) 1979 | GEIPAN Orange arrow icon Orange arrow icon Orange arrow icon Arrow,
https://www.geipan.fr/fr/cas/1979-05-00629,1979-05-00629,https://www.geipan.fr/fr/cas/1979-05-00629,DOWNLOADED,18862,e724c4513ef4dbbe6ed15d532d397375e5fde8c8b995b8946e8538cc9073f20f,GENTILLY (94) 1979 | GEIPAN Orange arrow icon Orange arrow icon Orange arrow icon Arrow,
https://www.geipan.fr/fr/cas/1979-05-01720,1979-05-01720,https://www.geipan.fr/fr/cas/1979-05-01720,DOWNLOADED,19350,ba08c593869eff4af40e9c6e529e61843da226a91338625746953dba8cf2c828,LE CHATELARD (73) 1979 | GEIPAN Orange arrow icon Orange arrow icon Orange arrow icon Arrow,
https://www.geipan.fr/fr/cas/1979-06-00630,1979-06-00630,https://www.geipan.fr/fr/cas/1979-06-00630,DOWNLOADED,19354,e76b6adc367e1674f1c1f95971ed52e5a1f073b3c4c839bdcf16ef77bf300920,ARGILLY (21) 03.06.1979 | GEIPAN Orange arrow icon Orange arrow icon Orange arrow icon Arrow,
https://www.geipan.fr/fr/cas/1979-06-00631,1979-06-00631,https://www.geipan.fr/fr/cas/1979-06-00631,DOWNLOADED,19732,e3a892157f75c9852c83f024a3cedcda797b607252b50ad2292f95bb5f397efa,BOURGNEUF EN RETZ (44) 1979 | GEIPAN Orange arrow icon Orange arrow icon Orange arrow icon Arrow,
https://www.geipan.fr/fr/cas/1979-06-00632,1979-06-00632,https://www.geipan.fr/fr/cas/1979-06-00632,DOWNLOADED,19022,30d649385218a3633465702e63b5dd02717fa56d2b6d58b6adf868d6b929e0eb,CHALLAIN-LA-POTHERIE (49) 10.06.1979 | GEIPAN Orange arrow icon Orange arrow icon Orange arrow icon Arrow,
https://www.geipan.fr/fr/cas/1979-06-00633,1979-06-00633,https://www.geipan.fr/fr/cas/1979-06-00633,DOWNLOADED,19686,2b06faf711401e14cfd41a5ffff523cde6ddc382c1675117c486423bd87b6fe7,SOULAINES DHUYS (10) 1979 | GEIPAN Orange arrow icon Orange arrow icon Orange arrow icon Arrow,
https://www.geipan.fr/fr/cas/1979-06-00634,1979-06-00634,https://www.geipan.fr/fr/cas/1979-06-00634,DOWNLOADED,18812,64a6c90a84bbead9c7d02d1e85a67555fb509741424a8fbebd2ea914522d504d,"[MER] LAT 38.02, LON 17.41 (INT) 21.06.1979 | GEIPAN Orange arrow icon Orange arrow icon Orange arrow icon Arrow",
https://www.geipan.fr/fr/cas/1979-06-00635,1979-06-00635,https://www.geipan.fr/fr/cas/1979-06-00635,DOWNLOADED,22387,7f708154d4096164a60965321574e0b9af9d6ba44d5fcf5f42f625f68207d7d0,SAINT-FLORENT (45) 30.06.1979 | GEIPAN Orange arrow icon Orange arrow icon Orange arrow icon Arrow,
https://www.geipan.fr/fr/cas/1979-06-01719,1979-06-01719,https://www.geipan.fr/fr/cas/1979-06-01719,DOWNLOADED,18455,1b356eaffaca0573eb6294869ff13ded132a0145665433d91c171674751b18ed,RUEIL-MALMAISON (92) 03.06.1979 | GEIPAN Orange arrow icon Orange arrow icon Orange arrow icon Arrow,
https://www.geipan.fr/fr/cas/1979-07-00636,1979-07-00636,https://www.geipan.fr/fr/cas/1979-07-00636,DOWNLOADED,18897,c10c521baed449a1e0417ecff3d5d6d19465fef9f15b1ee8375e5c915799d140,SALON DE PROVENCE (13) 1979 | GEIPAN Orange arrow icon Orange arrow icon Orange arrow icon Arrow,
https://www.geipan.fr/fr/cas/1979-07-00637,1979-07-00637,https://www.geipan.fr/fr/cas/1979-07-00637,DOWNLOADED,19355,6086673a6e0d804d4ec0842d7cfd0cbbc3f3b2ab4b02f301b840d380cbc3a918,FOIX (09) 04.07.1979 | GEIPAN Orange arrow icon Orange arrow icon Orange arrow icon Arrow,
https://www.geipan.fr/fr/cas/1979-07-00638,1979-07-00638,https://www.geipan.fr/fr/cas/1979-07-00638,DOWNLOADED,18483,29630af591a4613603ea0c983086a2f4fe13de34752947615c09effd887e987b,CHOLET (49) 10.07.1979 | GEIPAN Orange arrow icon Orange arrow icon Orange arrow icon Arrow,
https://www.geipan.fr/fr/cas/1979-07-00639,1979-07-00639,https://www.geipan.fr/fr/cas/1979-07-00639,DOWNLOADED,22209,ca23cc522063ac5ccd1fb02e031c615112843ce2040bb77f97e603c25cb53341,FREJUS (83) 13.07.1979 | GEIPAN Orange arrow icon Orange arrow icon Orange arrow icon Arrow,
https://www.geipan.fr/fr/cas/1979-07-00640,1979-07-00640,https://www.geipan.fr/fr/cas/1979-07-00640,DOWNLOADED,18792,2591fa53f13b6437a3084a14abe456fa124539394eba164fb1fb231e5eebca9f,BEAUVAIS (60)1979 | GEIPAN Orange arrow icon Orange arrow icon Orange arrow icon Arrow,
https://www.geipan.fr/fr/cas/1979-07-00641,1979-07-00641,https://www.geipan.fr/fr/cas/1979-07-00641,DOWNLOADED,22791,3c60bc360975894e606df17147decefcab20962eb7e2842e88bfa58587900e71,POULIGUEN (LE) (44) 16.07.1979 | GEIPAN Orange arrow icon Orange arrow icon Orange arrow icon Arrow,
https://www.geipan.fr/fr/cas/1979-07-00642,1979-07-00642,https://www.geipan.fr/fr/cas/1979-07-00642,DOWNLOADED,19763,ac4d016a102e374e5da45f8b4c6fac34e0a7d71b0b437293d15f9c440ba9e938,LA GARENNE-COLOMBES (92) 1979 | GEIPAN Orange arrow icon Orange arrow icon Orange arrow icon Arrow,
https://www.geipan.fr/fr/cas/1979-07-00643,1979-07-00643,https://www.geipan.fr/fr/cas/1979-07-00643,DOWNLOADED,19235,817cf366682855fbdd1a4e5f624e9f8cdb0eb3451d533de022bda440f425d3ca,ANNECY (74) 1979 | GEIPAN Orange arrow icon Orange arrow icon Orange arrow icon Arrow,
https://www.geipan.fr/fr/cas/1979-07-00644,1979-07-00644,https://www.geipan.fr/fr/cas/1979-07-00644,DOWNLOADED,24728,07e7382d453dd1948aa61762f9a6412f773020323a3e7dc44117060cc61b9cbc,PRANLES (07) 21.07.1979 | GEIPAN Orange arrow icon Orange arrow icon Orange arrow icon Arrow,
https://www.geipan.fr/fr/cas/1979-07-00645,1979-07-00645,https://www.geipan.fr/fr/cas/1979-07-00645,DOWNLOADED,18552,c59921532567ec01988982035d311f922a021a75429cf787f987c4b9fff5aa99,SAINT-LYS (31) 23.07.1979 | GEIPAN Orange arrow icon Orange arrow icon Orange arrow icon Arrow,
https://www.geipan.fr/fr/cas/1979-07-00646,1979-07-00646,https://www.geipan.fr/fr/cas/1979-07-00646,DOWNLOADED,18442,16e0c1a8c4d890006910b39b1f0c40dd0abc6f1381c0074cbdcfd65cda9204dd,COLOMBES (92) 25.07.1979 | GEIPAN Orange arrow icon Orange arrow icon Orange arrow icon Arrow,
https://www.geipan.fr/fr/cas/1979-07-00647,1979-07-00647,https://www.geipan.fr/fr/cas/1979-07-00647,DOWNLOADED,18536,4d5c7028d0545b7a4e6fb3f6af22f03334b8022a3ff6bdeeeb7bfeb6feaaf8d2,HERBLAY (95) 28.07.1979 | GEIPAN Orange arrow icon Orange arrow icon Orange arrow icon Arrow,
https://www.geipan.fr/fr/cas/1979-07-01718,1979-07-01718,https://www.geipan.fr/fr/cas/1979-07-01718,DOWNLOADED,18438,83ad456d4802a9611f892415351bb34d639b662e8e4141f31e8cdd769042f94b,SAINT-PIERRE ET MIQUELON ( 989) 1979 | GEIPAN Orange arrow icon Orange arrow icon Orange arrow icon Arrow,
https://www.geipan.fr/fr/cas/1979-07-01862,1979-07-01862,https://www.geipan.fr/fr/cas/1979-07-01862,DOWNLOADED,18709,dd43935ab654e6730d40de8c88b09bd26bbc6f6d409587a9bbf5efa1de697149,TOULOUSE (31) 14.07.1979 | GEIPAN Orange arrow icon Orange arrow icon Orange arrow icon Arrow,
https://www.geipan.fr/fr/cas/1979-07-01863,1979-07-01863,https://www.geipan.fr/fr/cas/1979-07-01863,DOWNLOADED,23761,381d641d25e3b80d65e7c432fc005638aae63ad1183947c52bc9bab47c1a53e6,ARGENTEUIL (95) 13.07.1979 | GEIPAN Orange arrow icon Orange arrow icon Orange arrow icon Arrow,
https://www.geipan.fr/fr/cas/1979-07-02484,1979-07-02484,https://www.geipan.fr/fr/cas/1979-07-02484,DOWNLOADED,18997,e7ca540838e0516437d586679550466f94e36148a99b78a4c912bdc287479bf2,CARENTOIR (56) --.07.1979 | GEIPAN Orange arrow icon Orange arrow icon Orange arrow icon Arrow,
https://www.geipan.fr/fr/cas/1979-07-08188,1979-07-08188,https://www.geipan.fr/fr/cas/1979-07-08188,DOWNLOADED,19291,92451c15236b4e3945b5349f0d637ce843f7e328f567c845a1e5df49ff87acd7,CASTETNAU-CAMBLONG (64) 15.07.1979 | GEIPAN Orange arrow icon Orange arrow icon Orange arrow icon Arrow,
https://www.geipan.fr/fr/cas/1979-08-00649,1979-08-00649,https://www.geipan.fr/fr/cas/1979-08-00649,DOWNLOADED,18485,dbf6440a4925f791a6d1731d770b8c7c495a1974b520921324498b759589fd99,ACHERES (78) 05.08.1979 | GEIPAN Orange arrow icon Orange arrow icon Orange arrow icon Arrow,
https://www.geipan.fr/fr/cas/1979-08-00651,1979-08-00651,https://www.geipan.fr/fr/cas/1979-08-00651,DOWNLOADED,18636,756fa6c2f892023482c4f1095d573dd55128d4374028e502e8b6e2ade2bfa5b4,MIREBEAU (86) 11.08.1979 | GEIPAN Orange arrow icon Orange arrow icon Orange arrow icon Arrow,
https://www.geipan.fr/fr/cas/1979-08-00654,1979-08-00654,https://www.geipan.fr/fr/cas/1979-08-00654,DOWNLOADED,18733,59deda448c274cafd510ac81b8234933dee38b3a53959c2ead6642f45c6e49bf,BELVEDERE-CAMPOMORO (2A) 22.08.1979 | GEIPAN Orange arrow icon Orange arrow icon Orange arrow icon Arrow,
https://www.geipan.fr/fr/cas/1979-08-00655,1979-08-00655,https://www.geipan.fr/fr/cas/1979-08-00655,DOWNLOADED,18503,08673c13725be0a39fbaafbc53373a6e9cffff83413ef7c98adcb443360ba4ac,BONNEUIL-SUR-MARNE (94) 28.08.1979 | GEIPAN Orange arrow icon Orange arrow icon Orange arrow icon Arrow,
https://www.geipan.fr/fr/cas/1979-08-08386,1979-08-08386,https://www.geipan.fr/fr/cas/1979-08-08386,DOWNLOADED,19297,c82de310231e691b02531807424872aa4c6b2f0c8cdc3ad5610ee3e6aa0a6658,ATHIS-MONS (91) 24.08.1979 | GEIPAN Orange arrow icon Orange arrow icon Orange arrow icon Arrow,
https://www.geipan.fr/fr/cas/1979-09-00656,1979-09-00656,https://www.geipan.fr/fr/cas/1979-09-00656,DOWNLOADED,18716,6e97f8727333ee35e7a2836f3283c1ae2d4b7b3325b9dba86fa39005e20e5633,NOIRMOUTIER (85) 1979 | GEIPAN Orange arrow icon Orange arrow icon Orange arrow icon Arrow,
https://www.geipan.fr/fr/cas/1979-09-00657,1979-09-00657,https://www.geipan.fr/fr/cas/1979-09-00657,DOWNLOADED,18919,232ee30ec48eb7635c1a35453d229721965f555ea1395e104b41e2d6bb144595,EVRECY (14) 1979 | GEIPAN Orange arrow icon Orange arrow icon Orange arrow icon Arrow,
https://www.geipan.fr/fr/cas/1979-09-00659,1979-09-00659,https://www.geipan.fr/fr/cas/1979-09-00659,DOWNLOADED,18497,dedd38449e79ea66ed3de493b003038acd3b2c5aaa339b2513b231544c13f3ec,LYONS LA FORET (27) 19.09.1979 | GEIPAN Orange arrow icon Orange arrow icon Orange arrow icon Arrow,
https://www.geipan.fr/fr/cas/1979-09-00660,1979-09-00660,https://www.geipan.fr/fr/cas/1979-09-00660,DOWNLOADED,18962,cbc11ba2d809699abc3dca687710b6d76485a5f43ff19790094f6155087501f0,VOUILLE (86) 1979 | GEIPAN Orange arrow icon Orange arrow icon Orange arrow icon Arrow,
https://www.geipan.fr/fr/cas/1979-09-00661,1979-09-00661,https://www.geipan.fr/fr/cas/1979-09-00661,DOWNLOADED,18556,3e79abc8bbc2de1cb274937c2df0e68d35bdf1f2df2f8ffdf68dfd4648cacff9,MAUBEUGE (59) 1979 | GEIPAN Orange arrow icon Orange arrow icon Orange arrow icon Arrow,
https://www.geipan.fr/fr/cas/1979-09-00662,1979-09-00662,https://www.geipan.fr/fr/cas/1979-09-00662,DOWNLOADED,18497,e788ad08805fedc06e1f9c26ff47b484726eb8fcbcae38e3c432f40c73f86ab5,YZEURE (03) 24.09.1979 | GEIPAN Orange arrow icon Orange arrow icon Orange arrow icon Arrow,
https://www.geipan.fr/fr/cas/1979-09-00665,1979-09-00665,https://www.geipan.fr/fr/cas/1979-09-00665,DOWNLOADED,18708,50d46d5f724ab09c88d205a7037684ab92813f1931298472d32d810015104ab7,LUS LA CROIX HAUTE (26) 1979 | GEIPAN Orange arrow icon Orange arrow icon Orange arrow icon Arrow,
https://www.geipan.fr/fr/cas/1979-09-01779,1979-09-01779,https://www.geipan.fr/fr/cas/1979-09-01779,DOWNLOADED,19090,621b4743483f7541d3e4d69a8158d9cd9f4ad40b704e87c09b0ee2481c3590ef,FOUCHERANS (39) --.09.1979 | GEIPAN Orange arrow icon Orange arrow icon Orange arrow icon Arrow,
https://www.geipan.fr/fr/cas/1979-09-01865,1979-09-01865,https://www.geipan.fr/fr/cas/1979-09-01865,DOWNLOADED,18699,2bad1a81d9a39b76a7ed8f7185ee7f06d3215b146385ae06b366242312b2deef,VIEILLE-EGLISE (62) 17.09.1979 | GEIPAN Orange arrow icon Orange arrow icon Orange arrow icon Arrow,
https://www.geipan.fr/fr/cas/1979-10-00666,1979-10-00666,https://www.geipan.fr/fr/cas/1979-10-00666,DOWNLOADED,18564,3673cde2b6527ad356b89fee008ac1a32e69cb709ecfc26da2eba00753488eb2,DONCHERY (08) --.09.1979 | GEIPAN Orange arrow icon Orange arrow icon Orange arrow icon Arrow,
https://www.geipan.fr/fr/cas/1979-10-00668,1979-10-00668,https://www.geipan.fr/fr/cas/1979-10-00668,DOWNLOADED,19202,c8069db02de7cb5d4511acd8c63b6285a33061a0c46b2320a170ab33009aeed9,LOUHANS (71) 1979 | GEIPAN Orange arrow icon Orange arrow icon Orange arrow icon Arrow,
https://www.geipan.fr/fr/cas/1979-10-00673,1979-10-00673,https://www.geipan.fr/fr/cas/1979-10-00673,DOWNLOADED,19626,5e9ed60106c2ec7f1f5239a206851f881947baa3c00ad7498bbfb9cec5dc7b01,NATIONAL (975) 20.10.1979 | GEIPAN Orange arrow icon Orange arrow icon Orange arrow icon Arrow,
https://www.geipan.fr/fr/cas/1979-10-00674,1979-10-00674,https://www.geipan.fr/fr/cas/1979-10-00674,DOWNLOADED,22053,0ccf169af47654bc4e8d16b6902bc826e253fdd61e9ff3b187f9ba9183e7ee59,FRESNAY-LE-COMTE (28) 25.10.1979 | GEIPAN Orange arrow icon Orange arrow icon Orange arrow icon Arrow,
https://www.geipan.fr/fr/cas/1979-10-01866,1979-10-01866,https://www.geipan.fr/fr/cas/1979-10-01866,DOWNLOADED,18582,862246aa206bfc9b84903d6110ece83cfb5d58a81cb5b8e3a7dd4f23882fc21c,TROYES (10) 10.10.1979 | GEIPAN Orange arrow icon Orange arrow icon Orange arrow icon Arrow,
https://www.geipan.fr/fr/cas/1979-11-00675,1979-11-00675,https://www.geipan.fr/fr/cas/1979-11-00675,DOWNLOADED,18965,c1c0de151084095f34cbae87813f1e9a357c0d9034a8ba961e7659b61b75e995,LA REOLE (33) 01.11.1979 | GEIPAN Orange arrow icon Orange arrow icon Orange arrow icon Arrow,
https://www.geipan.fr/fr/cas/1979-11-00678,1979-11-00678,https://www.geipan.fr/fr/cas/1979-11-00678,DOWNLOADED,20267,0591158f73131e1d71d92a2699281f3ad540ce0c89a4ec4e97827b733397abb0,(DPT) LOIRET (45) 11.11.1979 | GEIPAN Orange arrow icon Orange arrow icon Orange arrow icon Arrow,
https://www.geipan.fr/fr/cas/1979-11-00679,1979-11-00679,https://www.geipan.fr/fr/cas/1979-11-00679,DOWNLOADED,18668,0615da7e3bf6f8b36c21309a3c86169fe8091e385a70296d5dd87bb64f473ff1,CIRCOURT (88) 14.11.1979 | GEIPAN Orange arrow icon Orange arrow icon Orange arrow icon Arrow,
https://www.geipan.fr/fr/cas/1979-11-00680,1979-11-00680,https://www.geipan.fr/fr/cas/1979-11-00680,DOWNLOADED,18467,4e0958dabaffbac3be0346f0a4fe3ae9948e4a1cd3fbc426cbf7def67a15800c,REIMS (51) 15.11.1979 | GEIPAN Orange arrow icon Orange arrow icon Orange arrow icon Arrow,
https://www.geipan.fr/fr/cas/1979-11-00681,1979-11-00681,https://www.geipan.fr/fr/cas/1979-11-00681,DOWNLOADED,18507,353cef4fab74a6ed553dcb8dc9cf62ed2c91b8d5b5986a96c96926b5f28a85fb,HOMECOURT (54) 18.11.1979 | GEIPAN Orange arrow icon Orange arrow icon Orange arrow icon Arrow,
https://www.geipan.fr/fr/cas/1979-11-00683,1979-11-00683,https://www.geipan.fr/fr/cas/1979-11-00683,DOWNLOADED,18928,209868ac772df560fb1996431b3f0e810f9ffb1f9f8326098eba880d1cac2344,CHÂTEAUPONSAC (87) 1979 | GEIPAN Orange arrow icon Orange arrow icon Orange arrow icon Arrow,
https://www.geipan.fr/fr/cas/1979-11-00685,1979-11-00685,https://www.geipan.fr/fr/cas/1979-11-00685,DOWNLOADED,24642,0cd9e5b65f8554b08208e81333042567147b052b2da40e2a5ba6b6e60e83e133,CERGY PONTOISE (95) 1979 | GEIPAN Orange arrow icon Orange arrow icon Orange arrow icon Arrow,
https://www.geipan.fr/fr/cas/1979-11-01706,1979-11-01706,https://www.geipan.fr/fr/cas/1979-11-01706,DOWNLOADED,18387,893b85c82d0583ba42dae465f0fa2fd7471c8bf74804dd8f3d023290f59a0e84,FOUSSERET (LE) (31) 29.11.1979 | GEIPAN Orange arrow icon Orange arrow icon Orange arrow icon Arrow,
https://www.geipan.fr/fr/cas/1979-11-01707,1979-11-01707,https://www.geipan.fr/fr/cas/1979-11-01707,DOWNLOADED,18222,2a8c96b055cdce85180e3dbb30d205aafa7bd00c4aececdcbb9f21e0d6bc9ea2,PONT-SAINTE-MAXENCE (60) 27.11.1979 | GEIPAN Orange arrow icon Orange arrow icon Orange arrow icon Arrow,
https://www.geipan.fr/fr/cas/1979-11-01708,1979-11-01708,https://www.geipan.fr/fr/cas/1979-11-01708,DOWNLOADED,18690,ae77b36493b602b2a61fb0beb3c88c966673317765f0ba73e8a68320cdc7f791,TILH (40) 26.11.1979 | GEIPAN Orange arrow icon Orange arrow icon Orange arrow icon Arrow,
https://www.geipan.fr/fr/cas/1979-11-01710,1979-11-01710,https://www.geipan.fr/fr/cas/1979-11-01710,DOWNLOADED,18630,f2b9699f5c111da3d865339306daa050849cc54ac1e4f6923bb8a4163553081a,PORT (LE) (974) 25.11.1979 | GEIPAN Orange arrow icon Orange arrow icon Orange arrow icon Arrow,
https://www.geipan.fr/fr/cas/1979-12-00694,1979-12-00694,https://www.geipan.fr/fr/cas/1979-12-00694,DOWNLOADED,19012,9080c76b1937e7e7cf9935bf2a466a1da03bb2a05c1b955112be0d43456b4799,PLANCOET (22) 1979 | GEIPAN Orange arrow icon Orange arrow icon Orange arrow icon Arrow,
https://www.geipan.fr/fr/cas/1979-12-00695,1979-12-00695,https://www.geipan.fr/fr/cas/1979-12-00695,DOWNLOADED,19962,f56d6e09ab906bfee506eff94728ee98b6cf5c5ad5406df6be5a54c53d420c42,NEUVY-LE-ROI (37) 07.12.1979 | GEIPAN Orange arrow icon Orange arrow icon Orange arrow icon Arrow,
https://www.geipan.fr/fr/cas/1979-12-00696,1979-12-00696,https://www.geipan.fr/fr/cas/1979-12-00696,DOWNLOADED,18372,d2c9ca3a1e31f99f3f4a0b2f73d60bdfef856772c72631f69eb360e766f38809,ARC SUR TILLE (21) 1979 | GEIPAN Orange arrow icon Orange arrow icon Orange arrow icon Arrow,
https://www.geipan.fr/fr/cas/1979-12-00699,1979-12-00699,https://www.geipan.fr/fr/cas/1979-12-00699,DOWNLOADED,18532,1d22e99ce6950361417a6e1e4866064ce701f415133f97bf9d19a75742bec5dc,PARIS (75) 12.12.1979 | GEIPAN Orange arrow icon Orange arrow icon Orange arrow icon Arrow,
https://www.geipan.fr/fr/cas/1979-12-00700,1979-12-00700,https://www.geipan.fr/fr/cas/1979-12-00700,DOWNLOADED,18437,6d6201541a603688a0880ed3b971edc609a818ec2de9928f515c79e0b62df572,VILLEMONTAIS (42) 14.12.1979 | GEIPAN Orange arrow icon Orange arrow icon Orange arrow icon Arrow,
https://www.geipan.fr/fr/cas/1979-12-00702,1979-12-00702,https://www.geipan.fr/fr/cas/1979-12-00702,DOWNLOADED,23034,4157cb3d44aaf21b3aab6d9eec4d0c549def447f71161e1ba564108e7199ec46,HAUCOURT-MOULAINE (54) 18.12.1979 | GEIPAN Orange arrow icon Orange arrow icon Orange arrow icon Arrow,
https://www.geipan.fr/fr/cas/1979-12-00703,1979-12-00703,https://www.geipan.fr/fr/cas/1979-12-00703,DOWNLOADED,21839,bce9d394c4ecee6926f1bc38c8a7eb2fbcca5d5ffaa239e70761b0263256e1af,VIGEN (LE) (87) 20.12.1979 | GEIPAN Orange arrow icon Orange arrow icon Orange arrow icon Arrow,
https://www.geipan.fr/fr/cas/1979-12-01703,1979-12-01703,https://www.geipan.fr/fr/cas/1979-12-01703,DOWNLOADED,18576,3f811534b5ee83cc22d293ccbdf7a7e14d1d57c7a7d5644e1e99c16c3611b5f6,METZ (57) 1979 | GEIPAN Orange arrow icon Orange arrow icon Orange arrow icon Arrow,
https://www.geipan.fr/fr/cas/1979-12-01704,1979-12-01704,https://www.geipan.fr/fr/cas/1979-12-01704,DOWNLOADED,23336,cbbe9ecdc3a9eaf56b738792dcbebb3b7423dc37af1aa2a3d648083dbfb5c73d,PITHIVIERS (45) 02.12.1979 | GEIPAN Orange arrow icon Orange arrow icon Orange arrow icon Arrow,
https://www.geipan.fr/fr/cas/1979-12-01705,1979-12-01705,https://www.geipan.fr/fr/cas/1979-12-01705,DOWNLOADED,22732,707ec47e0ec6eec034886dc7858abd7836fa4826c31e7088bc583651ee85299b,[D110] DE BRAUX (04) VERS ANNOT (04) 01.12.1979 | GEIPAN Orange arrow icon Orange arrow icon Orange arrow icon Arrow,
https://www.geipan.fr/fr/cas/1979-12-01871,1979-12-01871,https://www.geipan.fr/fr/cas/1979-12-01871,DOWNLOADED,18932,68f405e49e1ef61538da91657227ced6890ded6046486de4872e46c8c596c214,DECIZE (58) 1979 | GEIPAN Orange arrow icon Orange arrow icon Orange arrow icon Arrow,
https://www.geipan.fr/fr/cas/1979-12-01872,1979-12-01872,https://www.geipan.fr/fr/cas/1979-12-01872,DOWNLOADED,18022,4150def73eb5394ca9de54d80c607e3b7c69df346030e64e4bebecf6ce03d106,NANTES (44) 15.12.1979 | GEIPAN Orange arrow icon Orange arrow icon Orange arrow icon Arrow,
https://www.geipan.fr/fr/cas/1980-01-00709,1980-01-00709,https://www.geipan.fr/fr/cas/1980-01-00709,DOWNLOADED,18857,fd1d10d6274bc6fd5c3dc1bf4c83c6cf7d095b464c223d966444229d1279f383,COMPIEGNE (60)1980 | GEIPAN Orange arrow icon Orange arrow icon Orange arrow icon Arrow,
https://www.geipan.fr/fr/cas/1980-01-00711,1980-01-00711,https://www.geipan.fr/fr/cas/1980-01-00711,DOWNLOADED,19222,1f65da645fdbb248cb0e5b6d7750dc9d2658ab66bafdc6046ed3e69654f6eec0,NEUILLY-EN-THELLE (60) 03.01.1980 | GEIPAN Orange arrow icon Orange arrow icon Orange arrow icon Arrow,
https://www.geipan.fr/fr/cas/1980-01-00712,1980-01-00712,https://www.geipan.fr/fr/cas/1980-01-00712,DOWNLOADED,20155,0f63ab8631bdcda3dcd37dd7311aebf06237c3ee9ee35d1cd010e8f7c1841d6e,OISE (60) 1980 | GEIPAN Orange arrow icon Orange arrow icon Orange arrow icon Arrow,
https://www.geipan.fr/fr/cas/1980-01-00715,1980-01-00715,https://www.geipan.fr/fr/cas/1980-01-00715,DOWNLOADED,19579,ce0803266e9e10f56e5cf0b6e3c8ac4394ad18633944512bcb0134b27b45aa92,LE CROISIC (44) 1980 | GEIPAN Orange arrow icon Orange arrow icon Orange arrow icon Arrow,
https://www.geipan.fr/fr/cas/1980-01-00716,1980-01-00716,https://www.geipan.fr/fr/cas/1980-01-00716,DOWNLOADED,18365,fb612bd34761486a608817ae901ffbf229d7050dceeea4608def35786f030b6d,ETAULIERS (33) 13.01.1980 | GEIPAN Orange arrow icon Orange arrow icon Orange arrow icon Arrow,
https://www.geipan.fr/fr/cas/1980-01-00717,1980-01-00717,https://www.geipan.fr/fr/cas/1980-01-00717,DOWNLOADED,19609,423ef1e707130b58a30aee4fa56c767a8d5ce9227ad0bf7abbb162cc78963efe,BERNAVILLE (80) 16.01.1980 | GEIPAN Orange arrow icon Orange arrow icon Orange arrow icon Arrow,
https://www.geipan.fr/fr/cas/1980-01-00718,1980-01-00718,https://www.geipan.fr/fr/cas/1980-01-00718,DOWNLOADED,18737,7cad7bf88339e22ae86ff641152568f7e9c443d59b963f7ec805c2b5dc38d4e1,LOROUX-BOTTEREAU (LE) (44) 20.01.1980 | GEIPAN Orange arrow icon Orange arrow icon Orange arrow icon Arrow,
https://www.geipan.fr/fr/cas/1980-01-00720,1980-01-00720,https://www.geipan.fr/fr/cas/1980-01-00720,DOWNLOADED,21833,e23625cffa9869a3182faa56d1528d5a3dee3f235c2fcb044cbb7a9372701cfc,ANTILLES (971-972) 1980 | GEIPAN Orange arrow icon Orange arrow icon Orange arrow icon Arrow,
https://www.geipan.fr/fr/cas/1980-01-00723,1980-01-00723,https://www.geipan.fr/fr/cas/1980-01-00723,DOWNLOADED,20119,187385a3e6af740d1e682a967e5e6f048af1c1f0c332a597857174f52584c0d4,FAY-DE-BRETAGNE (44) 27.01.1980 | GEIPAN Orange arrow icon Orange arrow icon Orange arrow icon Arrow,
https://www.geipan.fr/fr/cas/1980-01-00725,1980-01-00725,https://www.geipan.fr/fr/cas/1980-01-00725,DOWNLOADED,18525,c1f5d24cf2a247ea5ac45d2b1bc90cb9b5ee6168c8868f1786de6cde454841ab,SONDERNACH (68) 31.01.1979 | GEIPAN Orange arrow icon Orange arrow icon Orange arrow icon Arrow,
https://www.geipan.fr/fr/cas/1980-01-01700,1980-01-01700,https://www.geipan.fr/fr/cas/1980-01-01700,DOWNLOADED,18376,95133ab51579acb2209aae3797e5b4db9f2ada6fa9e0758692f6f7a9f0790e6d,ROUEN (76) 25.01.1980 | GEIPAN Orange arrow icon Orange arrow icon Orange arrow icon Arrow,
https://www.geipan.fr/fr/cas/1980-01-01701,1980-01-01701,https://www.geipan.fr/fr/cas/1980-01-01701,DOWNLOADED,19305,e40cefea7f49a0e84ffd7be3d992b7e3d5a77bca0caaeede7bc04ebb3e230e8a,BOURGNEUF-EN-RETZ (44) 05.01.1980 | GEIPAN Orange arrow icon Orange arrow icon Orange arrow icon Arrow,
https://www.geipan.fr/fr/cas/1980-01-01752,1980-01-01752,https://www.geipan.fr/fr/cas/1980-01-01752,DOWNLOADED,20067,79993a37743913bfcf1229f077e10a5f04ede2ee892a64cf63a97d1a3a3fa30e,CANNES (06) 01.01.1980 | GEIPAN Orange arrow icon Orange arrow icon Orange arrow icon Arrow,
https://www.geipan.fr/fr/cas/1980-01-02288,1980-01-02288,https://www.geipan.fr/fr/cas/1980-01-02288,DOWNLOADED,18654,f7bf112d6c895388a2bc603b8a176afe0493dab085b774bec1a15d5417419383,[A7] de LYON (69) vers AVIGNON (84) --.--.1980 | GEIPAN Orange arrow icon Orange arrow icon Orange arrow icon Arrow,
https://www.geipan.fr/fr/cas/1980-01-50498,1980-01-50498,https://www.geipan.fr/fr/cas/1980-01-50498,DOWNLOADED,18648,a27e1f4413908811b1ffb58236be10ebd15cf58aaf7bfc62724e4531d8e9191e,NANCAY (18) 21.01.1980 | GEIPAN Orange arrow icon Orange arrow icon Orange arrow icon Arrow,
https://www.geipan.fr/fr/cas/1980-01-50559,1980-01-50559,https://www.geipan.fr/fr/cas/1980-01-50559,DOWNLOADED,22472,6ad07feeac18fd5e1195251ddc5b9f7089d65338085dba51d7a825ad9187f585,PANTIN (93) 30.05.1993 T2 | GEIPAN Orange arrow icon Orange arrow icon Orange arrow icon Arrow,
https://www.geipan.fr/fr/cas/1980-02-00727,1980-02-00727,https://www.geipan.fr/fr/cas/1980-02-00727,DOWNLOADED,18735,7749571f371dc59fb7c96aaacdb4f2d61caa19f19f21546e450190b1063db7e6,RAON-AUX-BOIS (88) 28.01.1980 | GEIPAN Orange arrow icon Orange arrow icon Orange arrow icon Arrow,
https://www.geipan.fr/fr/cas/1980-02-00733,1980-02-00733,https://www.geipan.fr/fr/cas/1980-02-00733,DOWNLOADED,19251,c5f0bff161e5e639d20dbe1b4dc82e8448dbec103da25682a5a63c79d96262e1,AMBIERLE (42) 13.02.1980 | GEIPAN Orange arrow icon Orange arrow icon Orange arrow icon Arrow,
https://www.geipan.fr/fr/cas/1980-02-00735,1980-02-00735,https://www.geipan.fr/fr/cas/1980-02-00735,DOWNLOADED,18885,5715a824a6c9b0f829539ab709eb9ed6a646e18e6af101903cf24f6be54b2cd6,THILLOT (LE) (88) 15.02.1980 | GEIPAN Orange arrow icon Orange arrow icon Orange arrow icon Arrow,
https://www.geipan.fr/fr/cas/1980-02-00736,1980-02-00736,https://www.geipan.fr/fr/cas/1980-02-00736,DOWNLOADED,19073,1d94a68a421baed767c92df6cf931af4f330e797f1b83ba043927c0e5c6eab60,EVREUX (27) 1980 | GEIPAN Orange arrow icon Orange arrow icon Orange arrow icon Arrow,
https://www.geipan.fr/fr/cas/1980-02-00737,1980-02-00737,https://www.geipan.fr/fr/cas/1980-02-00737,DOWNLOADED,26096,8e817ed40f9c18540e8ca7a2794c0ee558def61e36b39af3de33b4c68e921187,SAINT-REMY-DE-PROVENCE (13) 17.02.1980 | GEIPAN Orange arrow icon Orange arrow icon Orange arrow icon Arrow,
https://www.geipan.fr/fr/cas/1980-02-00738,1980-02-00738,https://www.geipan.fr/fr/cas/1980-02-00738,DOWNLOADED,21185,f6124946dc505016839b01be09f406585e8cdfe5ab7a2eed9a0998d40061ac6f,CHÂTEAUDUN (28) 1980 | GEIPAN Orange arrow icon Orange arrow icon Orange arrow icon Arrow,
https://www.geipan.fr/fr/cas/1980-02-00740,1980-02-00740,https://www.geipan.fr/fr/cas/1980-02-00740,DOWNLOADED,20022,f2f9e6e1112457757998b874501d4d7392ed9f894a564f5a5d9571b0e8d03001,LES SABLES D'OLONNE (85) 24.02.1980 | GEIPAN Orange arrow icon Orange arrow icon Orange arrow icon Arrow,
https://www.geipan.fr/fr/cas/1980-02-01697,1980-02-01697,https://www.geipan.fr/fr/cas/1980-02-01697,DOWNLOADED,18705,f2ecfc7a080140bf00f641fe74322103eb109bef5b50fb7cb5d0ae6bfe8a5ab4,VALENTIGNEY (25) 29.02.1980 | GEIPAN Orange arrow icon Orange arrow icon Orange arrow icon Arrow,
https://www.geipan.fr/fr/cas/1980-03-00743,1980-03-00743,https://www.geipan.fr/fr/cas/1980-03-00743,DOWNLOADED,20835,8fb536bf7cb0edac6635484f405e0b22f762a73c5eb4f335fd175e4495bdb0b9,SAINT-PAUL-AUX-BOIS (02) 02.03.1980 | GEIPAN Orange arrow icon Orange arrow icon Orange arrow icon Arrow,
https://www.geipan.fr/fr/cas/1980-03-00745,1980-03-00745,https://www.geipan.fr/fr/cas/1980-03-00745,DOWNLOADED,21793,d71a13215b290d38e50867f361b8fbf7a17fb9966007e79e5646a1916e9a587b,SAINT-PORCHAIRE (17) 1980 | GEIPAN Orange arrow icon Orange arrow icon Orange arrow icon Arrow,
https://www.geipan.fr/fr/cas/1980-03-00746,1980-03-00746,https://www.geipan.fr/fr/cas/1980-03-00746,DOWNLOADED,20164,6939e9bbb58e028399e8a0a42ef40f24b2958e328f4397e061af18d8e62e4595,FAVALELLO (2B) 03.03.1980 | GEIPAN Orange arrow icon Orange arrow icon Orange arrow icon Arrow,
https://www.geipan.fr/fr/cas/1980-03-00748,1980-03-00748,https://www.geipan.fr/fr/cas/1980-03-00748,DOWNLOADED,25862,144c917f49ae676072061ac0f5229c0181522174e83901b6e1eac61c05723cd2,SAINT-MENGES (08) 11.03.1980 | GEIPAN Orange arrow icon Orange arrow icon Orange arrow icon Arrow,
https://www.geipan.fr/fr/cas/1980-03-00749,1980-03-00749,https://www.geipan.fr/fr/cas/1980-03-00749,DOWNLOADED,19201,bd00e921279332719566057db80d7d7bd436b230401f2af3c8f5ce5dd68c6e3e,CUSSEY-SUR-L'OGNON (25) 17.02.1980 | GEIPAN Orange arrow icon Orange arrow icon Orange arrow icon Arrow,
https://www.geipan.fr/fr/cas/1980-03-00750,1980-03-00750,https://www.geipan.fr/fr/cas/1980-03-00750,DOWNLOADED,18810,0f09bea318579bbb483adcd538329dfda55e744baa12902c9966d22a10f6f814,AIX EN PROVENCE (13) 17.03.1980 | GEIPAN Orange arrow icon Orange arrow icon Orange arrow icon Arrow,
https://www.geipan.fr/fr/cas/1980-03-00751,1980-03-00751,https://www.geipan.fr/fr/cas/1980-03-00751,DOWNLOADED,25276,96f8606d7a872c8ed54e9331ff80dbf94a81f406ef897ccd51cf2b8626582637,EGUILLE (L') (17) 16.03.1980 | GEIPAN Orange arrow icon Orange arrow icon Orange arrow icon Arrow,
https://www.geipan.fr/fr/cas/1980-03-00752,1980-03-00752,https://www.geipan.fr/fr/cas/1980-03-00752,DOWNLOADED,19264,eb69ab8b8561ca49e04368bdf406f5b7a321dfef5c62630ef000059378b64edd,MELUN (77) 1980 | GEIPAN Orange arrow icon Orange arrow icon Orange arrow icon Arrow,
https://www.geipan.fr/fr/cas/1980-03-00753,1980-03-00753,https://www.geipan.fr/fr/cas/1980-03-00753,DOWNLOADED,20295,2ce85c9140e7f64561b8b7bd9b39f821046befad890ab11bf0295886bc8a5f8a,FONTEVRAUD L'ABBAYE (49) 1980 | GEIPAN Orange arrow icon Orange arrow icon Orange arrow icon Arrow,
https://www.geipan.fr/fr/cas/1980-03-00755,1980-03-00755,https://www.geipan.fr/fr/cas/1980-03-00755,DOWNLOADED,18608,0388cda68d26ec48549827a89d13714ec909e6f4b09c78806cca6b79ace257c6,LA SOURCE (45) 1980 | GEIPAN Orange arrow icon Orange arrow icon Orange arrow icon Arrow,
https://www.geipan.fr/fr/cas/1980-03-00757,1980-03-00757,https://www.geipan.fr/fr/cas/1980-03-00757,DOWNLOADED,20300,9d3c64ca606ff1dc7dd4a36b17c77437758ef5d7876fc9115df6396e3ea9d462,SAINT-REMY-DE-PROVENCE (13) 23.03.1980 | GEIPAN Orange arrow icon Orange arrow icon Orange arrow icon Arrow,
https://www.geipan.fr/fr/cas/1980-03-01696,1980-03-01696,https://www.geipan.fr/fr/cas/1980-03-01696,DOWNLOADED,26973,4713cb52fcffd61d853f59f3162a82f8abfc7260a909267233d5357c2e4ed629,AUTHON-DU-PERCHE (28) 10.03.1980 | GEIPAN Orange arrow icon Orange arrow icon Orange arrow icon Arrow,
https://www.geipan.fr/fr/cas/1980-03-01698,1980-03-01698,https://www.geipan.fr/fr/cas/1980-03-01698,DOWNLOADED,18461,78a92bb1db0ba248c1bea09e485ad77d39fdf4e4598b57352cb98fe18d4a59cf,GRANDFONTAINE (25) 03.03.1980 | GEIPAN Orange arrow icon Orange arrow icon Orange arrow icon Arrow,
https://www.geipan.fr/fr/cas/1980-04-00759,1980-04-00759,https://www.geipan.fr/fr/cas/1980-04-00759,DOWNLOADED,19317,d0851d60de48f51539799cdfda1f68929c49fefee88e5478dc1117f54197a587,CONFLANS-SAINTE-HONORINE (78) 02.04.1980 | GEIPAN Orange arrow icon Orange arrow icon Orange arrow icon Arrow,
https://www.geipan.fr/fr/cas/1980-04-00760,1980-04-00760,https://www.geipan.fr/fr/cas/1980-04-00760,DOWNLOADED,24031,9a41d8b35d291dfb53e653b94b571408adc4040e3486a9fdf9858f296f2f5d04,SAINT-USUGE (71) 07.04.1980 | GEIPAN Orange arrow icon Orange arrow icon Orange arrow icon Arrow,
https://www.geipan.fr/fr/cas/1980-04-00761,1980-04-00761,https://www.geipan.fr/fr/cas/1980-04-00761,DOWNLOADED,22591,c50816925a436a06a63586d027191597e3ff46bdf45bfecdd1c82ae1c5d1c11b,FAY-LE-CLOS (26) 29.03.1980 | GEIPAN Orange arrow icon Orange arrow icon Orange arrow icon Arrow,
https://www.geipan.fr/fr/cas/1980-04-00764,1980-04-00764,https://www.geipan.fr/fr/cas/1980-04-00764,DOWNLOADED,28007,a3b0a2e370858263ac9ffaff35a0918c9ba4cc78acfa634419a5caa1f7853379,(DPT) BAS-RHIN (67) 11.04.1980 | GEIPAN Orange arrow icon Orange arrow icon Orange arrow icon Arrow,
https://www.geipan.fr/fr/cas/1980-04-00765,1980-04-00765,https://www.geipan.fr/fr/cas/1980-04-00765,DOWNLOADED,18633,a143dc347fc974c58c95ffa1aa4a6cae36811980c1bad15e83a6d746b4b4e47f,METZ (57) 1980 | GEIPAN Orange arrow icon Orange arrow icon Orange arrow icon Arrow,
https://www.geipan.fr/fr/cas/1980-04-00766,1980-04-00766,https://www.geipan.fr/fr/cas/1980-04-00766,DOWNLOADED,18893,f506f37b092e4fbc3451af5ff622ec3be0b8465d15ee02af717ac773d41b6a22,PELLERIN (LE) (44) 21.04.1980 | GEIPAN Orange arrow icon Orange arrow icon Orange arrow icon Arrow,
https://www.geipan.fr/fr/cas/1980-04-01695,1980-04-01695,https://www.geipan.fr/fr/cas/1980-04-01695,DOWNLOADED,23766,f1b84a9da25c9bfedbcffc615c8255090c72d1f63bd7116d354951bd2f4cc442,CHESNAY (LE) (78) 05.04.1980 | GEIPAN Orange arrow icon Orange arrow icon Orange arrow icon Arrow,
https://www.geipan.fr/fr/cas/1980-04-50836,1980-04-50836,https://www.geipan.fr/fr/cas/1980-04-50836,DOWNLOADED,23744,fb5d27fe5cdda903e9b003e91a1e0b3784fa10f0d867015357f68afcd3985e65,PARIS (75) 05.04.1980 | GEIPAN Orange arrow icon Orange arrow icon Orange arrow icon Arrow,
https://www.geipan.fr/fr/cas/1980-05-00767,1980-05-00767,https://www.geipan.fr/fr/cas/1980-05-00767,DOWNLOADED,18806,a6385e4c11c0fbe7d5a92498d9813dcf7ab64c9314270d8ae87a3fd63f5b5aa2,VEZZANI (2B) 1980 | GEIPAN Orange arrow icon Orange arrow icon Orange arrow icon Arrow,
https://www.geipan.fr/fr/cas/1980-05-00768,1980-05-00768,https://www.geipan.fr/fr/cas/1980-05-00768,DOWNLOADED,19469,3bb5ab3e71a59edb3e79cb81f42694fc29b1c0e5c54b243f003ebd6fe8054da3,FLIXECOURT (80) 1980 | GEIPAN Orange arrow icon Orange arrow icon Orange arrow icon Arrow,
https://www.geipan.fr/fr/cas/1980-05-00769,1980-05-00769,https://www.geipan.fr/fr/cas/1980-05-00769,DOWNLOADED,22528,5ef7284bcb59a363b7bab7c0ad6d049301536cb8e0c35a63b31962d7838eaa57,SAINT-GERMAIN-LES-BUXY (71) 08.05.1980 | GEIPAN Orange arrow icon Orange arrow icon Orange arrow icon Arrow,
https://www.geipan.fr/fr/cas/1980-05-00770,1980-05-00770,https://www.geipan.fr/fr/cas/1980-05-00770,DOWNLOADED,18585,8d4049e677a027d1c57b4e4b7474611deadcea754ff85c01d2a7e51f0649b59e,VINCENNES (94) 13.05.1980 | GEIPAN Orange arrow icon Orange arrow icon Orange arrow icon Arrow,
https://www.geipan.fr/fr/cas/1980-05-00772,1980-05-00772,https://www.geipan.fr/fr/cas/1980-05-00772,DOWNLOADED,24497,745ec0f6cb8bb7a9d7cc401debc3bf406a43cb0a667444de42182e8bf7371ea2,TOULAUD (07) 08.05.1980 | GEIPAN Orange arrow icon Orange arrow icon Orange arrow icon Arrow,
https://www.geipan.fr/fr/cas/1980-05-00773,1980-05-00773,https://www.geipan.fr/fr/cas/1980-05-00773,DOWNLOADED,18513,84a35c74eddec2aa3a57b842f3b40850a79e4088388d056b99312a6af50855c8,DUCLAIR (76) 15.05.1980 | GEIPAN Orange arrow icon Orange arrow icon Orange arrow icon Arrow,
https://www.geipan.fr/fr/cas/1980-05-00774,1980-05-00774,https://www.geipan.fr/fr/cas/1980-05-00774,DOWNLOADED,19825,7fa12334dfeb3ab8761d4b3152b4b72cf86aad46656b8375091179313a8f3ac6,ROYE (80) 13.05.1980 | GEIPAN Orange arrow icon Orange arrow icon Orange arrow icon Arrow,
https://www.geipan.fr/fr/cas/1980-05-00775,1980-05-00775,https://www.geipan.fr/fr/cas/1980-05-00775,DOWNLOADED,18553,86cd043a5bd9bab5c04f356c0a90f7ac68f3f096bb32c88270de354353e8381f,HUNINGUE (68) 26.05.1980 | GEIPAN Orange arrow icon Orange arrow icon Orange arrow icon Arrow,
https://www.geipan.fr/fr/cas/1980-06-00776,1980-06-00776,https://www.geipan.fr/fr/cas/1980-06-00776,DOWNLOADED,19321,c6b37e351fc824115e0124cf0f261c0f51151e69cf9aaec31055d5be47a8388f,CHARLEVILLE-MEZIERES (08) 1980 | GEIPAN Orange arrow icon Orange arrow icon Orange arrow icon Arrow,
https://www.geipan.fr/fr/cas/1980-06-00777,1980-06-00777,https://www.geipan.fr/fr/cas/1980-06-00777,DOWNLOADED,18881,8921fba61bb13251f35a41ec1a1d67c5b4d9f04062892493c3ad256ce3c4bf11,VERSAILLES (78) 1980 | GEIPAN Orange arrow icon Orange arrow icon Orange arrow icon Arrow,
https://www.geipan.fr/fr/cas/1980-06-00778,1980-06-00778,https://www.geipan.fr/fr/cas/1980-06-00778,DOWNLOADED,19159,706ab6c92363e8c328607ae3235f49375241408bb3ac78a01cd489c275722bdc,CHANCEAUX-PRES-LOCHES (37) 19.06.1980 | GEIPAN Orange arrow icon Orange arrow icon Orange arrow icon Arrow,
https://www.geipan.fr/fr/cas/1980-07-00779,1980-07-00779,https://www.geipan.fr/fr/cas/1980-07-00779,DOWNLOADED,18486,28b4a720ad76da522b4fc5961495c8f3aaf3a0572a3984400f0a2dbbbfe15e2d,MEUDON (92) 04.07.1980 | GEIPAN Orange arrow icon Orange arrow icon Orange arrow icon Arrow,
https://www.geipan.fr/fr/cas/1980-07-00780,1980-07-00780,https://www.geipan.fr/fr/cas/1980-07-00780,DOWNLOADED,19689,65343f91dfcd04e9c90c052ba522a5a12f08a4b49e1e3bf567ce2118cd57dbc2,FONTENAY-LE-FLEURY (78) 21.07.1980 | GEIPAN Orange arrow icon Orange arrow icon Orange arrow icon Arrow,
https://www.geipan.fr/fr/cas/1980-07-00781,1980-07-00781,https://www.geipan.fr/fr/cas/1980-07-00781,DOWNLOADED,18862,f4e977950da18b808c83e79a0fd5a8805667a31a111b01518d1531695f6dc625,LE BLANC (36) 1980 | GEIPAN Orange arrow icon Orange arrow icon Orange arrow icon Arrow,
https://www.geipan.fr/fr/cas/1980-08-00782,1980-08-00782,https://www.geipan.fr/fr/cas/1980-08-00782,DOWNLOADED,19171,9e2225227c68c3cbdb9a5b8d26e91ba842851cb34e066a700e628b4663ef1f00,ISSOIRE (63) 1980 | GEIPAN Orange arrow icon Orange arrow icon Orange arrow icon Arrow,
https://www.geipan.fr/fr/cas/1980-08-00784,1980-08-00784,https://www.geipan.fr/fr/cas/1980-08-00784,DOWNLOADED,19199,f32e5206e4ebd2b075a1d18f4d160c618042299aa99d06db51d65243789c3ea1,TAVERNY (95) 1980 | GEIPAN Orange arrow icon Orange arrow icon Orange arrow icon Arrow,
https://www.geipan.fr/fr/cas/1980-08-00785,1980-08-00785,https://www.geipan.fr/fr/cas/1980-08-00785,DOWNLOADED,19045,bed91fc8d89113f8c4a1e6802291c50728ca1247a9a12031c1611005e252d864,FLAXLANDEN (68) 05.08.1980 | GEIPAN Orange arrow icon Orange arrow icon Orange arrow icon Arrow,
https://www.geipan.fr/fr/cas/1980-08-00786,1980-08-00786,https://www.geipan.fr/fr/cas/1980-08-00786,DOWNLOADED,18757,bfd5f208e656a26edab3cbfea7b94cae6a30abaf8de4bbf804bf1cfcc63a4883,COULOMMIERS (77) 1980 | GEIPAN Orange arrow icon Orange arrow icon Orange arrow icon Arrow,
https://www.geipan.fr/fr/cas/1980-08-00787,1980-08-00787,https://www.geipan.fr/fr/cas/1980-08-00787,DOWNLOADED,19048,5734896c34d3c7fd81c90c9b40bb506de80addd7340afc68b939ed9a41f57e56,NEUFCHATEL EN BRAY (76) 1980 | GEIPAN Orange arrow icon Orange arrow icon Orange arrow icon Arrow,
https://www.geipan.fr/fr/cas/1980-08-00788,1980-08-00788,https://www.geipan.fr/fr/cas/1980-08-00788,DOWNLOADED,19275,47bbc0f9a241a1cd1afe931e7cce028f39c20f641812857051d7a0210b593d4b,BUCHY (76) 14.08.1980 | GEIPAN Orange arrow icon Orange arrow icon Orange arrow icon Arrow,
https://www.geipan.fr/fr/cas/1980-08-00789,1980-08-00789,https://www.geipan.fr/fr/cas/1980-08-00789,DOWNLOADED,19098,1f28c4c226aaa69be818d10d3494144adf6dd5a58ce2f7c246cc80e6f3a54264,HONFLEUR (14) 1980 | GEIPAN Orange arrow icon Orange arrow icon Orange arrow icon Arrow,
https://www.geipan.fr/fr/cas/1980-08-00790,1980-08-00790,https://www.geipan.fr/fr/cas/1980-08-00790,DOWNLOADED,18529,2d4de69de14acb089e0870c6ca3d2edd1829e21b126b8fa899e962c0dfed228d,SALINS-LES-THERMES (73) 23.08.1980 | GEIPAN Orange arrow icon Orange arrow icon Orange arrow icon Arrow,
https://www.geipan.fr/fr/cas/1980-08-00791,1980-08-00791,https://www.geipan.fr/fr/cas/1980-08-00791,DOWNLOADED,18666,b354218e8147612d9cded550fcebbd0e8b6947721a9cccdf020d408912c473ac,SAINT-ETIENNE-DE-CUINES (73) 24.08.1980 | GEIPAN Orange arrow icon Orange arrow icon Orange arrow icon Arrow,
https://www.geipan.fr/fr/cas/1980-08-00792,1980-08-00792,https://www.geipan.fr/fr/cas/1980-08-00792,DOWNLOADED,21619,cafc00fc9df078b97428c51501258c3858c54c51aa47ab904c9a584d71aee4a1,SAINT-MARTIN-DE-CRAU (13) 24.08.1980 | GEIPAN Orange arrow icon Orange arrow icon Orange arrow icon Arrow,
https://www.geipan.fr/fr/cas/1980-08-00793,1980-08-00793,https://www.geipan.fr/fr/cas/1980-08-00793,DOWNLOADED,19347,3b2ca161698c0eea4a3940b14b2e811b97d5298019b92123e68355c3982859c2,BAGNERES DE BIGORRE (65) 1980 | GEIPAN Orange arrow icon Orange arrow icon Orange arrow icon Arrow,
https://www.geipan.fr/fr/cas/1980-08-00794,1980-08-00794,https://www.geipan.fr/fr/cas/1980-08-00794,DOWNLOADED,18871,29bdb7fa2b5048b29f67d246f1d18c9b24662f7b93ea8feceb538cb8bb7d8b58,OLLIOULES (83) 1980 | GEIPAN Orange arrow icon Orange arrow icon Orange arrow icon Arrow,
https://www.geipan.fr/fr/cas/1980-08-00795,1980-08-00795,https://www.geipan.fr/fr/cas/1980-08-00795,DOWNLOADED,20086,e21cfd7e50dc5b68a47b42fc57dcdbd5001130de363e325e6cd6886d686b8fd7,AUVERS (43) 17.08.1980 | GEIPAN Orange arrow icon Orange arrow icon Orange arrow icon Arrow,
https://www.geipan.fr/fr/cas/1980-08-01688,1980-08-01688,https://www.geipan.fr/fr/cas/1980-08-01688,DOWNLOADED,20044,b6b4f87d557075b679e6ea377108ee03f22dd27061283c13350d600132d078b3,EPINAY-SOUS-SENART (91) 23.08.1980 | GEIPAN Orange arrow icon Orange arrow icon Orange arrow icon Arrow,
https://www.geipan.fr/fr/cas/1980-08-01693,1980-08-01693,https://www.geipan.fr/fr/cas/1980-08-01693,DOWNLOADED,21484,63ab044046a6d41a855b95a1f0d7c35d7e5d7360030c9a032f8219c5979a083e,CHANAZ (73) 22.08.1980 | GEIPAN Orange arrow icon Orange arrow icon Orange arrow icon Arrow,
https://www.geipan.fr/fr/cas/1980-08-01694,1980-08-01694,https://www.geipan.fr/fr/cas/1980-08-01694,DOWNLOADED,18253,f2fa5220fc66396a7768654a9f5a08ca9e2c8463031cb75276c0618b2f83bfb3,SAINTE-SOLINE (79) 16.08.1980 | GEIPAN Orange arrow icon Orange arrow icon Orange arrow icon Arrow,
https://www.geipan.fr/fr/cas/1980-09-00796,1980-09-00796,https://www.geipan.fr/fr/cas/1980-09-00796,DOWNLOADED,24564,de9a9cb3d22f230e0cbea47deec51dfb05da401ed4812f8c0fe9a210958c6984,ONGLES (04) 30.08.1980 | GEIPAN Orange arrow icon Orange arrow icon Orange arrow icon Arrow,
https://www.geipan.fr/fr/cas/1980-09-00797,1980-09-00797,https://www.geipan.fr/fr/cas/1980-09-00797,DOWNLOADED,21308,c289d9027b862d2d8d6c6e5ba8cf1d66f2769c216c9a5764667ccf782e765e72,SAINT-PAUL (974) 17.08.1980 | GEIPAN Orange arrow icon Orange arrow icon Orange arrow icon Arrow,
https://www.geipan.fr/fr/cas/1980-09-00798,1980-09-00798,https://www.geipan.fr/fr/cas/1980-09-00798,DOWNLOADED,18794,6e210f32ce00e5272a49ba9c35f039743474177d1740118bdeb9300860d49d8f,SAINT-ROMAIN-EN-GAL (69) 05.09.1980 | GEIPAN Orange arrow icon Orange arrow icon Orange arrow icon Arrow,
https://www.geipan.fr/fr/cas/1980-09-00799,1980-09-00799,https://www.geipan.fr/fr/cas/1980-09-00799,DOWNLOADED,24052,9017e3b655f7d2e703907520391831faa0ed96b7ac70a0755626a48364fd7e47,PLESTIN-LES-GREVES (22) 05.09.1980 | GEIPAN Orange arrow icon Orange arrow icon Orange arrow icon Arrow,
https://www.geipan.fr/fr/cas/1980-09-00801,1980-09-00801,https://www.geipan.fr/fr/cas/1980-09-00801,DOWNLOADED,18492,9f93ac8c6806f95fe35751096adbba80fc8d5d5365dfefa5f0c2be65146d115b,MEYLAN (38) 01.09.1980 | GEIPAN Orange arrow icon Orange arrow icon Orange arrow icon Arrow,
https://www.geipan.fr/fr/cas/1980-09-00802,1980-09-00802,https://www.geipan.fr/fr/cas/1980-09-00802,DOWNLOADED,18441,bebf5e29ea4bd144c486363cb2e3b9d55a86dff21413116cfded39c9bf8652bb,ATHIS-MONS (91) 14.09.1980 | GEIPAN Orange arrow icon Orange arrow icon Orange arrow icon Arrow,
https://www.geipan.fr/fr/cas/1980-09-00803,1980-09-00803,https://www.geipan.fr/fr/cas/1980-09-00803,DOWNLOADED,18767,d455063cb291bed6995ea1105eaf07fe566abd18b3726f806ca0dd3f5175439e,MARTIGUES (13) 1980 | GEIPAN Orange arrow icon Orange arrow icon Orange arrow icon Arrow,
https://www.geipan.fr/fr/cas/1980-09-00804,1980-09-00804,https://www.geipan.fr/fr/cas/1980-09-00804,DOWNLOADED,18648,c7986ba74f2ab348b7b4aedafdbf9e6d2de9ef7c27d24c02caedf03579f61bf0,COURLAY (79) 10.09.1980 | GEIPAN Orange arrow icon Orange arrow icon Orange arrow icon Arrow,
https://www.geipan.fr/fr/cas/1980-09-00805,1980-09-00805,https://www.geipan.fr/fr/cas/1980-09-00805,DOWNLOADED,18658,7d9cbccf2b41c350fa46b8560a11dc6fd23bf5fe4d901c506de3b473079b001d,PONT-AUDEMER (27) 1980 | GEIPAN Orange arrow icon Orange arrow icon Orange arrow icon Arrow,
https://www.geipan.fr/fr/cas/1980-09-00806,1980-09-00806,https://www.geipan.fr/fr/cas/1980-09-00806,DOWNLOADED,20130,a750910d57733a46579867292bb3ae5bd72ccb26599fe1523d92b98c191f844e,APT-SAINT-CHRISTOL (84) 1980 | GEIPAN Orange arrow icon Orange arrow icon Orange arrow icon Arrow,
https://www.geipan.fr/fr/cas/1980-09-09348,1980-09-09348,https://www.geipan.fr/fr/cas/1980-09-09348,DOWNLOADED,20684,f8ed6889a5d588b7171eb62dcce5125bc1d3a2cf60e4484d544739881609c780,AVON-LES-ROCHES (37) 01.09.1980 | GEIPAN Orange arrow icon Orange arrow icon Orange arrow icon Arrow,
https://www.geipan.fr/fr/cas/1980-10-00808,1980-10-00808,https://www.geipan.fr/fr/cas/1980-10-00808,DOWNLOADED,21741,c94ebc71e9ab839bd701301eec0bbb1e22e4450ba7d9e02bc59630a0bedd33fc,MONTAUBAN (82) 06.10.1980 | GEIPAN Orange arrow icon Orange arrow icon Orange arrow icon Arrow,
https://www.geipan.fr/fr/cas/1980-10-00809,1980-10-00809,https://www.geipan.fr/fr/cas/1980-10-00809,DOWNLOADED,24318,e393bb1ccf389cf00894c8a9abd671fe349287e06610478539db3a0e86b7d47a,MONTHERME (08) 11.10.1980 | GEIPAN Orange arrow icon Orange arrow icon Orange arrow icon Arrow,
https://www.geipan.fr/fr/cas/1980-10-00812,1980-10-00812,https://www.geipan.fr/fr/cas/1980-10-00812,DOWNLOADED,18426,174bdc4488baa22f3f77d9691c4906c6f5b9265f2b39f4a0763bc9587914a0b0,REIMS (51) 22.10.1980 | GEIPAN Orange arrow icon Orange arrow icon Orange arrow icon Arrow,
https://www.geipan.fr/fr/cas/1980-10-00813,1980-10-00813,https://www.geipan.fr/fr/cas/1980-10-00813,DOWNLOADED,18682,52293fb2ca916fa8797d18317e434f6058a37b7ead6ae7d54677ef2de221958f,BOURGES (18) 26.10.1980 | GEIPAN Orange arrow icon Orange arrow icon Orange arrow icon Arrow,
https://www.geipan.fr/fr/cas/1980-10-01686,1980-10-01686,https://www.geipan.fr/fr/cas/1980-10-01686,DOWNLOADED,19028,9e182110d9ce337058e7526e66a49759a71033eaa34e8818760b4818bbcd9848,SAINT-SYMPHORIEN D'OZON (69) 1980 | GEIPAN Orange arrow icon Orange arrow icon Orange arrow icon Arrow,
https://www.geipan.fr/fr/cas/1980-10-01687,1980-10-01687,https://www.geipan.fr/fr/cas/1980-10-01687,DOWNLOADED,18277,43df0aa7a4da5ac97dbafc10864ff48f2f674d503ea1206f1c1bc73b3a81dfaf,NOGENT-SUR-MARNE (94) 31.10.1980 | GEIPAN Orange arrow icon Orange arrow icon Orange arrow icon Arrow,
https://www.geipan.fr/fr/cas/1980-11-00818,1980-11-00818,https://www.geipan.fr/fr/cas/1980-11-00818,DOWNLOADED,19635,338c4f6833c38ed8ac896c8f55c91026188bbf0dea7c4e5747e2676a75b02021,WATTRELOS (59) 1980 | GEIPAN Orange arrow icon Orange arrow icon Orange arrow icon Arrow,
https://www.geipan.fr/fr/cas/1980-11-00820,1980-11-00820,https://www.geipan.fr/fr/cas/1980-11-00820,DOWNLOADED,18489,cc7cec67d087ceb42be65e179dcb7ed315faf2c760fa76cce1a6e969607ba5c1,COUERON (44) 30.10.1980 | GEIPAN Orange arrow icon Orange arrow icon Orange arrow icon Arrow,
https://www.geipan.fr/fr/cas/1980-11-00821,1980-11-00821,https://www.geipan.fr/fr/cas/1980-11-00821,DOWNLOADED,49299,7aa41a5cd7fd1eb432aec080b625056c3059c009712708e6aa0c65c56775baf9,RENTREE ATMOSPHERIQUE — NATIONAL (FR) 11.11.1980 | GEIPAN Orange arrow icon Orange arrow icon Orange arrow icon Arrow,
https://www.geipan.fr/fr/cas/1980-11-00824,1980-11-00824,https://www.geipan.fr/fr/cas/1980-11-00824,DOWNLOADED,18509,eb3b4ad6d16a237303956bf5e9c0347ce5e49c9cf315293c01fa13c581d0b73d,BETON-BAZOCHES (77) 05.09.1980 | GEIPAN Orange arrow icon Orange arrow icon Orange arrow icon Arrow,
https://www.geipan.fr/fr/cas/1980-11-00825,1980-11-00825,https://www.geipan.fr/fr/cas/1980-11-00825,DOWNLOADED,18673,7e322514a55e597909c7093fd966daeb43a239c49c754dcaa9f42477bf0b2d79,CASTRES (81) 15.11.1980 | GEIPAN Orange arrow icon Orange arrow icon Orange arrow icon Arrow,
https://www.geipan.fr/fr/cas/1980-11-00831,1980-11-00831,https://www.geipan.fr/fr/cas/1980-11-00831,DOWNLOADED,18571,1fea82acab2f3670013c3e8cf717c18b5cb5a84390bf63a02da93044c160ffa0,RIEZ (04) 28.11.1980 | GEIPAN Orange arrow icon Orange arrow icon Orange arrow icon Arrow,
https://www.geipan.fr/fr/cas/1980-11-01774,1980-11-01774,https://www.geipan.fr/fr/cas/1980-11-01774,DOWNLOADED,18485,188af0aceb956cf436f1f9ada58da849aa093412ff235f135899166071c43c68,ALBI (81) 24.11.1980 | GEIPAN Orange arrow icon Orange arrow icon Orange arrow icon Arrow,
https://www.geipan.fr/fr/cas/1980-12-00833,1980-12-00833,https://www.geipan.fr/fr/cas/1980-12-00833,DOWNLOADED,18695,85f121c8cd59086ce89864624579a57dee73d8f820de0900610c6e9c554478dd,DONZERE (26) 1980 | GEIPAN Orange arrow icon Orange arrow icon Orange arrow icon Arrow,
https://www.geipan.fr/fr/cas/1980-12-00834,1980-12-00834,https://www.geipan.fr/fr/cas/1980-12-00834,DOWNLOADED,18941,d7b03716e2b2a09bbca05924dac732df97f62d059f08cee22ef2ecfd45c14f9c,LE LOROUX-BOTTEREAU (44) 1980 | GEIPAN Orange arrow icon Orange arrow icon Orange arrow icon Arrow,
https://www.geipan.fr/fr/cas/1980-12-00837,1980-12-00837,https://www.geipan.fr/fr/cas/1980-12-00837,DOWNLOADED,18777,6d5f1f47422da646ed21ab33280cdd34d3f55a09839d4efa098953fc060ed9d5,PUJOLS (33) 09.12.1980 | GEIPAN Orange arrow icon Orange arrow icon Orange arrow icon Arrow,
https://www.geipan.fr/fr/cas/1980-12-00840,1980-12-00840,https://www.geipan.fr/fr/cas/1980-12-00840,DOWNLOADED,18664,9d51f571fbef61698d9952aa18bcbe1e2dc214317c7cba2e9f69ddbac3dfc977,SARCELLES (95) 16.12.1980 | GEIPAN Orange arrow icon Orange arrow icon Orange arrow icon Arrow,
https://www.geipan.fr/fr/cas/1980-12-00842,1980-12-00842,https://www.geipan.fr/fr/cas/1980-12-00842,DOWNLOADED,18497,22b857f377cbabf2c8cb2382983c0820878dc0336b59bebc29a79e2277d106bf,BONDUES (59) 24.12.1980 | GEIPAN Orange arrow icon Orange arrow icon Orange arrow icon Arrow,
https://www.geipan.fr/fr/cas/1980-12-00843,1980-12-00843,https://www.geipan.fr/fr/cas/1980-12-00843,DOWNLOADED,20293,077ef138167d0f97eb4ec23ad59f0294adef0f66e326b49385b26067bb4cc8e1,CHEVREUSE (78) 25.12.1980 | GEIPAN Orange arrow icon Orange arrow icon Orange arrow icon Arrow,
https://www.geipan.fr/fr/cas/1980-12-01773,1980-12-01773,https://www.geipan.fr/fr/cas/1980-12-01773,DOWNLOADED,18570,19328af4fdf3229ef68efec7e50d0d7ac3263909ca3f95235e818bc29470bd9f,PETIT-LANDAU (68) 12.12.1980 | GEIPAN Orange arrow icon Orange arrow icon Orange arrow icon Arrow,
https://www.geipan.fr/fr/cas/1981-01-00847,1981-01-00847,https://www.geipan.fr/fr/cas/1981-01-00847,DOWNLOADED,18464,4ca982438c2b90bf5f95f64084c920b3a01a4c89c28f9b878fed0b00da0e568c,VAUCRESSON (92) 1981 | GEIPAN Orange arrow icon Orange arrow icon Orange arrow icon Arrow,
https://www.geipan.fr/fr/cas/1981-01-00849,1981-01-00849,https://www.geipan.fr/fr/cas/1981-01-00849,DOWNLOADED,22542,b8efe74bc008704b4c475968960174808e90058789a312cc31e906e9314f1de7,TRANS-EN-PROVENCE (83) 08.01.1981 | GEIPAN Orange arrow icon Orange arrow icon Orange arrow icon Arrow,
https://www.geipan.fr/fr/cas/1981-01-00850,1981-01-00850,https://www.geipan.fr/fr/cas/1981-01-00850,DOWNLOADED,24418,3c8bcb62e6f1b6a973980b2841eb3a14368ce0edb23dcd3e6f3be410a4ae9225,CALAIS (62) 09.01.1981 | GEIPAN Orange arrow icon Orange arrow icon Orange arrow icon Arrow,
https://www.geipan.fr/fr/cas/1981-01-00852,1981-01-00852,https://www.geipan.fr/fr/cas/1981-01-00852,DOWNLOADED,19409,f563c5ad5da16efe5a2491af437b7a3644b4aea0a50570f8ea9e6ccb43fa9ba4,VITROLLES (13) 19.01.1981 | GEIPAN Orange arrow icon Orange arrow icon Orange arrow icon Arrow,
https://www.geipan.fr/fr/cas/1981-01-00853,1981-01-00853,https://www.geipan.fr/fr/cas/1981-01-00853,DOWNLOADED,20113,edebd846a2d8d73a00f84e6c3ac50531a29935726d87713a0dba18a2f01b2d42,PITHIVIERS (45) 24.01.1981 | GEIPAN Orange arrow icon Orange arrow icon Orange arrow icon Arrow,
https://www.geipan.fr/fr/cas/1981-01-00854,1981-01-00854,https://www.geipan.fr/fr/cas/1981-01-00854,DOWNLOADED,18562,54988dd642302b6f91bf64be9f20d4481544220b0a55f8a7d2b5f1f20533cd87,SAINT-RIVOAL (29) 26.01.1981 | GEIPAN Orange arrow icon Orange arrow icon Orange arrow icon Arrow,
https://www.geipan.fr/fr/cas/1981-01-00856,1981-01-00856,https://www.geipan.fr/fr/cas/1981-01-00856,DOWNLOADED,22981,394308b2ace16fbd4333ca925be839885cefa246da606aefa8806c72d24e9c53,DRY (45) 29.01.1981 | GEIPAN Orange arrow icon Orange arrow icon Orange arrow icon Arrow,
https://www.geipan.fr/fr/cas/1981-01-01741,1981-01-01741,https://www.geipan.fr/fr/cas/1981-01-01741,DOWNLOADED,19543,54b931745b41550729b61f44e056a081ef918ac5eb4a1cd65468fd18a799b244,REIMS (51) 23.01.1981 | GEIPAN Orange arrow icon Orange arrow icon Orange arrow icon Arrow,
https://www.geipan.fr/fr/cas/1981-01-08219,1981-01-08219,https://www.geipan.fr/fr/cas/1981-01-08219,DOWNLOADED,19899,20db394d7ed7f389ea6e637d13cac7f10781c6f13a052e0f8ac4df46db3e58c8,PERPIGNAN (66) 15.01.1981 | GEIPAN Orange arrow icon Orange arrow icon Orange arrow icon Arrow,
https://www.geipan.fr/fr/cas/1981-02-00857,1981-02-00857,https://www.geipan.fr/fr/cas/1981-02-00857,DOWNLOADED,21398,311ff339de18d18231ba73765c20b55eac09715db1ca3c092d4b1202afdc77e3,TOULON (83) 01.02.1981 | GEIPAN Orange arrow icon Orange arrow icon Orange arrow icon Arrow,
https://www.geipan.fr/fr/cas/1981-02-00859,1981-02-00859,https://www.geipan.fr/fr/cas/1981-02-00859,DOWNLOADED,18733,40dc4fa8144b8f84e4de0a5091e7ab33d57aaf2fd97b51c12c7c10c8820c7a01,AULNAY-SOUS-BOIS (93) 09.02.1981 | GEIPAN Orange arrow icon Orange arrow icon Orange arrow icon Arrow,
https://www.geipan.fr/fr/cas/1981-03-00860,1981-03-00860,https://www.geipan.fr/fr/cas/1981-03-00860,DOWNLOADED,20341,2458574a7caf988767b0f39dacf26934692392f317f7490a085b3225081fa6cc,YONNE (89) 26.02.1981 | GEIPAN Orange arrow icon Orange arrow icon Orange arrow icon Arrow,
https://www.geipan.fr/fr/cas/1981-03-00861,1981-03-00861,https://www.geipan.fr/fr/cas/1981-03-00861,DOWNLOADED,19170,065ae92bbc6db5cbeb83482757fcf05ddf8b8aab6632c8b8b3c0e1c97d7fd07d,CLAMECY (58) 08.03.1981 | GEIPAN Orange arrow icon Orange arrow icon Orange arrow icon Arrow,
https://www.geipan.fr/fr/cas/1981-03-00863,1981-03-00863,https://www.geipan.fr/fr/cas/1981-03-00863,DOWNLOADED,18629,5ca576a5a67389b62f02d3753cd7dc0af8dbf09ceb5f2db37ce0a6c2816c11b4,SOLER (LE) (66) 23.02.1981 | GEIPAN Orange arrow icon Orange arrow icon Orange arrow icon Arrow,
https://www.geipan.fr/fr/cas/1981-03-00864,1981-03-00864,https://www.geipan.fr/fr/cas/1981-03-00864,DOWNLOADED,21495,bc0a268787fbe7d09ece6a3eef4831c2caeb387c670d25082a3dcaf97136ea8d,METZ (57) 30.03.1981 | GEIPAN Orange arrow icon Orange arrow icon Orange arrow icon Arrow,
https://www.geipan.fr/fr/cas/1981-04-00865,1981-04-00865,https://www.geipan.fr/fr/cas/1981-04-00865,DOWNLOADED,18600,050d77aefab2c19a3e9dec1fde7d05401404ced7bc38a31fd003f546ec995b2a,OISSEL (76) 1981 | GEIPAN Orange arrow icon Orange arrow icon Orange arrow icon Arrow,
https://www.geipan.fr/fr/cas/1981-04-00866,1981-04-00866,https://www.geipan.fr/fr/cas/1981-04-00866,DOWNLOADED,18789,35d141ce3634b5141744da1327211163592addb9f9cae3754b408e267281ed29,SAINT-QUENTIN (02) 1981 | GEIPAN Orange arrow icon Orange arrow icon Orange arrow icon Arrow,
https://www.geipan.fr/fr/cas/1981-05-00867,1981-05-00867,https://www.geipan.fr/fr/cas/1981-05-00867,DOWNLOADED,20798,0848ea517f163f7bc9fe82187139bbba40302484acd9ee5408428bda74d4115b,BELFORT (90) 04.05.1981 | GEIPAN Orange arrow icon Orange arrow icon Orange arrow icon Arrow,
https://www.geipan.fr/fr/cas/1981-05-00868,1981-05-00868,https://www.geipan.fr/fr/cas/1981-05-00868,DOWNLOADED,18810,03754f6248a97e79ae3aef0a84d02ab53d91b235b8043448a20a5cecb5a756a7,SAINT-MACAIRE (33) 1981 | GEIPAN Orange arrow icon Orange arrow icon Orange arrow icon Arrow,
https://www.geipan.fr/fr/cas/1981-05-00869,1981-05-00869,https://www.geipan.fr/fr/cas/1981-05-00869,DOWNLOADED,24437,31bc773861ec6ee05cd7b1cb17bd0bdfa8a57d6cd91f221540fd4303c7eeb32c,TERNAY (41) 22.05.1981 | GEIPAN Orange arrow icon Orange arrow icon Orange arrow icon Arrow,
https://www.geipan.fr/fr/cas/1981-05-01750,1981-05-01750,https://www.geipan.fr/fr/cas/1981-05-01750,DOWNLOADED,18992,5218e5ab59dc51c1e705bc3890ab188b93f2e7c9d8c18e0ae34bf903c49a2612,QUESSOY (22) 04.05.1981 | GEIPAN Orange arrow icon Orange arrow icon Orange arrow icon Arrow,
https://www.geipan.fr/fr/cas/1981-06-00870,1981-06-00870,https://www.geipan.fr/fr/cas/1981-06-00870,DOWNLOADED,18339,cea3aaf7feb62475e39cbe97877da6530c759fe0270a06e639e450f34763a89a,LYON (69) 05.05.1981 | GEIPAN Orange arrow icon Orange arrow icon Orange arrow icon Arrow,
https://www.geipan.fr/fr/cas/1981-06-00871,1981-06-00871,https://www.geipan.fr/fr/cas/1981-06-00871,DOWNLOADED,19837,842508169927bd90bef6303b679db0125f7d2f3fcd79a233d3f357cbc8ea4a64,SAINT-DENIS (974) 07.06.1981 | GEIPAN Orange arrow icon Orange arrow icon Orange arrow icon Arrow,
https://www.geipan.fr/fr/cas/1981-07-00874,1981-07-00874,https://www.geipan.fr/fr/cas/1981-07-00874,DOWNLOADED,18426,8b608f04c71b12a837cb2e1600522ed0cc1cc3a209ac4c7e789fef72f45ddb33,BLANC-MESNIL (LE) (93) 28.03.1981 | GEIPAN Orange arrow icon Orange arrow icon Orange arrow icon Arrow,
https://www.geipan.fr/fr/cas/1981-07-00877,1981-07-00877,https://www.geipan.fr/fr/cas/1981-07-00877,DOWNLOADED,18519,4e07f64abd1ffefb25d9abd80f8b2e6807a8888ad81ec0ed22e25665f2492478,HYERES (83) 16.07.1981 | GEIPAN Orange arrow icon Orange arrow icon Orange arrow icon Arrow,
https://www.geipan.fr/fr/cas/1981-07-00878,1981-07-00878,https://www.geipan.fr/fr/cas/1981-07-00878,DOWNLOADED,18695,43b4865aa0f9a39510d94819be486205880e5fedc923a783a026882359173f07,SENS (89) 1981 | GEIPAN Orange arrow icon Orange arrow icon Orange arrow icon Arrow,
https://www.geipan.fr/fr/cas/1981-07-00879,1981-07-00879,https://www.geipan.fr/fr/cas/1981-07-00879,DOWNLOADED,18758,9602544c982b045d3d503e2880e9847e0673658d465b7a17d3829de499a46b0b,PLOERMEL (56) 1981 | GEIPAN Orange arrow icon Orange arrow icon Orange arrow icon Arrow,
https://www.geipan.fr/fr/cas/1981-08-00880,1981-08-00880,https://www.geipan.fr/fr/cas/1981-08-00880,DOWNLOADED,18673,2136214e1ca00de199acf8e91642822ed036992bd8abe1a754265caeb3eca76c,BORGO (2B) 03.08.1981 | GEIPAN Orange arrow icon Orange arrow icon Orange arrow icon Arrow,
https://www.geipan.fr/fr/cas/1981-08-00881,1981-08-00881,https://www.geipan.fr/fr/cas/1981-08-00881,DOWNLOADED,18946,2c3424d39f27c929771046c103cf8f17c04e1da6b40c9b84cfc2da5523fa9d84,SAINT-ASTIER ( 24) 1981 | GEIPAN Orange arrow icon Orange arrow icon Orange arrow icon Arrow,
https://www.geipan.fr/fr/cas/1981-08-00882,1981-08-00882,https://www.geipan.fr/fr/cas/1981-08-00882,DOWNLOADED,20015,0c352e1b470b0831ff76fde46ed524b6710568def19f442007a97c4c3794fbb7,VACQUERIETTE-ERQUIERES (62) 11.08.1981 | GEIPAN Orange arrow icon Orange arrow icon Orange arrow icon Arrow,
https://www.geipan.fr/fr/cas/1981-08-00883,1981-08-00883,https://www.geipan.fr/fr/cas/1981-08-00883,DOWNLOADED,18986,6535d96709486bf5b7401cd4d04c8bbdb88f88cee973ac9c225b2f64e1d15d29,MORZINE (74) 05.08.1981 | GEIPAN Orange arrow icon Orange arrow icon Orange arrow icon Arrow,
https://www.geipan.fr/fr/cas/1981-08-01682,1981-08-01682,https://www.geipan.fr/fr/cas/1981-08-01682,DOWNLOADED,18810,2a4cb85d3f4953fa39f211479687f288eb78ae8ffe869e78a9015b58c56d5d5b,ROUBAIX (59) 1981 | GEIPAN Orange arrow icon Orange arrow icon Orange arrow icon Arrow,
https://www.geipan.fr/fr/cas/1981-09-00887,1981-09-00887,https://www.geipan.fr/fr/cas/1981-09-00887,DOWNLOADED,19227,f9dcfed00765b157fc9d708f50ac3f87896232a1fd7993274908c752d273e26d,LA CHAPELLE LA REINE (77) 1981 | GEIPAN Orange arrow icon Orange arrow icon Orange arrow icon Arrow,
https://www.geipan.fr/fr/cas/1981-09-00888,1981-09-00888,https://www.geipan.fr/fr/cas/1981-09-00888,DOWNLOADED,18543,12917b05b5977cfcaac25e6aa68280cf8e17a6bab2faf61a75674ed605b3e90e,RIEDISHEIM (68) 22.09.1981 | GEIPAN Orange arrow icon Orange arrow icon Orange arrow icon Arrow,
https://www.geipan.fr/fr/cas/1981-09-50782,1981-09-50782,https://www.geipan.fr/fr/cas/1981-09-50782,DOWNLOADED,21206,c8d0bc92e87347bc2f66232ff54fe31c5397108a1d754fdb47a7bcd8f06fd5ff,SAINTE-LEOCADIE (66) 19.09.1981 | GEIPAN Orange arrow icon Orange arrow icon Orange arrow icon Arrow,
https://www.geipan.fr/fr/cas/1981-09-50785,1981-09-50785,https://www.geipan.fr/fr/cas/1981-09-50785,DOWNLOADED,20933,83b61f4e8d13e0b15c9691e685b5c6d0d9b726ceab46769ad18b1bd7bba5be75,CORNEILLA-DE-CONFLENT (66) 27.09.1981 | GEIPAN Orange arrow icon Orange arrow icon Orange arrow icon Arrow,
https://www.geipan.fr/fr/cas/1981-10-00889,1981-10-00889,https://www.geipan.fr/fr/cas/1981-10-00889,DOWNLOADED,23533,b37957f32cfa9f7589a7e31b6b76131c2266319cca1dd901b43979c512d92dcb,VERNET-LES-BAINS (66) 03.10.1981 | GEIPAN Orange arrow icon Orange arrow icon Orange arrow icon Arrow,
https://www.geipan.fr/fr/cas/1981-10-00890,1981-10-00890,https://www.geipan.fr/fr/cas/1981-10-00890,DOWNLOADED,21115,333d29a40cb5a6d5987d5cc1217e5550c912d8d1157956985c1253aa4f8039f4,OLLIOULES (83) 14.10.1981 | GEIPAN Orange arrow icon Orange arrow icon Orange arrow icon Arrow,
https://www.geipan.fr/fr/cas/1981-10-00891,1981-10-00891,https://www.geipan.fr/fr/cas/1981-10-00891,DOWNLOADED,23827,03dd6cc029ff989362c1b4fb73e633bfc1e54cc5040db315ef3dae33bbde2787,SAINT-PIERRE (974) 22.10.1981 | GEIPAN Orange arrow icon Orange arrow icon Orange arrow icon Arrow,
https://www.geipan.fr/fr/cas/1981-10-01678,1981-10-01678,https://www.geipan.fr/fr/cas/1981-10-01678,DOWNLOADED,23706,d6fe0b85497ad682df116bc9456121bd37a3629169375c095356297ed032b73d,SAINT-HILAIRE (91) 04.10.1981 | GEIPAN Orange arrow icon Orange arrow icon Orange arrow icon Arrow,
https://www.geipan.fr/fr/cas/1981-10-01680,1981-10-01680,https://www.geipan.fr/fr/cas/1981-10-01680,DOWNLOADED,18686,a6ad32bc81e2e4f7cd4dad02ed4766d02bef5c419259ec7118d70d2f74bcb1f1,PLAN-D'AUPS-SAINTE-BAUME (83) 09.10.19891 | GEIPAN Orange arrow icon Orange arrow icon Orange arrow icon Arrow,
https://www.geipan.fr/fr/cas/1981-10-01681,1981-10-01681,https://www.geipan.fr/fr/cas/1981-10-01681,DOWNLOADED,18762,6e5123adcb4ba15284f092f69ce8211c781cbfb64520f88262d92904dcd3d0b5,ANGOULEME (16) --.10.1981 | GEIPAN Orange arrow icon Orange arrow icon Orange arrow icon Arrow,
https://www.geipan.fr/fr/cas/1981-10-08550,1981-10-08550,https://www.geipan.fr/fr/cas/1981-10-08550,DOWNLOADED,21911,8a1613d3f3b5f3f1ecf8004284913da08fa5bde0336206c44cc9c7a00ab335ac,OUVILLE-L'ABBAYE (76) --.10.1981 | GEIPAN Orange arrow icon Orange arrow icon Orange arrow icon Arrow,
https://www.geipan.fr/fr/cas/1981-11-00893,1981-11-00893,https://www.geipan.fr/fr/cas/1981-11-00893,DOWNLOADED,19339,ea36613d3bdefbb69de39f47cff340630cc28545a92b7ca6d12c8c9569c344f3,MARSEILLE (13) 01.11.1981 | GEIPAN Orange arrow icon Orange arrow icon Orange arrow icon Arrow,
https://www.geipan.fr/fr/cas/1981-11-00894,1981-11-00894,https://www.geipan.fr/fr/cas/1981-11-00894,DOWNLOADED,19099,65bf2dbafb3747e1dcff7b0040140e1cb823a1b239bcbdc1e604f66d1e0a983a,LOURDES (65) 1981 | GEIPAN Orange arrow icon Orange arrow icon Orange arrow icon Arrow,
https://www.geipan.fr/fr/cas/1981-11-00895,1981-11-00895,https://www.geipan.fr/fr/cas/1981-11-00895,DOWNLOADED,19218,541b02ceb7e89b3ed088dff65485a108072485b132b86ee9227666e5c7d0f6d1,FERRETTE (68) 1981 | GEIPAN Orange arrow icon Orange arrow icon Orange arrow icon Arrow,
https://www.geipan.fr/fr/cas/1981-11-00898,1981-11-00898,https://www.geipan.fr/fr/cas/1981-11-00898,DOWNLOADED,26338,df625bb28eb05ebb253bcaef18fd64716d757c8dcf32c650870d46ec79b61902,FEIGNIES (59) 06.11.1981 | GEIPAN Orange arrow icon Orange arrow icon Orange arrow icon Arrow,
https://www.geipan.fr/fr/cas/1981-11-00899,1981-11-00899,https://www.geipan.fr/fr/cas/1981-11-00899,DOWNLOADED,18471,5767cff9c4c869ca7b6d0b607fc5017380675fe1c075c3e60632a517cf45f7c5,CREST (26) 05.10.1981 | GEIPAN Orange arrow icon Orange arrow icon Orange arrow icon Arrow,
https://www.geipan.fr/fr/cas/1981-11-00900,1981-11-00900,https://www.geipan.fr/fr/cas/1981-11-00900,DOWNLOADED,26826,f1e765b2d8f9f4a80f3f2b4931962c9e73ef572bbbf240d948761ad751cfbc11,"GUIPAVAS, BREST (29) 22.11.1981 | GEIPAN Orange arrow icon Orange arrow icon Orange arrow icon Arrow",
https://www.geipan.fr/fr/cas/1981-11-00901,1981-11-00901,https://www.geipan.fr/fr/cas/1981-11-00901,DOWNLOADED,18893,0afa4619aca498bf95bafe86249fababe7f5d762046d916143de1a15ae10b3f7,LHUIS (01) 22.11.1981 | GEIPAN Orange arrow icon Orange arrow icon Orange arrow icon Arrow,
https://www.geipan.fr/fr/cas/1981-11-01677,1981-11-01677,https://www.geipan.fr/fr/cas/1981-11-01677,DOWNLOADED,18819,139275a3d9114029823143b0911bf53ea204f791b04c840ff29f779bb826993c,BOURG SAINT-MAURICE (38) 1981 | GEIPAN Orange arrow icon Orange arrow icon Orange arrow icon Arrow,
https://www.geipan.fr/fr/cas/1981-11-01679,1981-11-01679,https://www.geipan.fr/fr/cas/1981-11-01679,DOWNLOADED,18747,981d982225b9d20eceeae44212249cc6abaa4eb329fb56814712c898c0c01234,SAINT-FIACRE (77) 01.11.1981 | GEIPAN Orange arrow icon Orange arrow icon Orange arrow icon Arrow,
https://www.geipan.fr/fr/cas/1981-12-00902,1981-12-00902,https://www.geipan.fr/fr/cas/1981-12-00902,DOWNLOADED,18955,4f5e11377ccdad5b61755ef4a6326a63981a75182c51ef7ec80d9c5ef900f2c1,PONTVALLAIN (72) 1981 | GEIPAN Orange arrow icon Orange arrow icon Orange arrow icon Arrow,
https://www.geipan.fr/fr/cas/1981-12-00903,1981-12-00903,https://www.geipan.fr/fr/cas/1981-12-00903,DOWNLOADED,18953,602d1d43b61d156a810a9788a75c35c730f18964b32c5a2be42d385fda14ab16,DRAVEIL (91) 1981 | GEIPAN Orange arrow icon Orange arrow icon Orange arrow icon Arrow,
https://www.geipan.fr/fr/cas/1981-12-00905,1981-12-00905,https://www.geipan.fr/fr/cas/1981-12-00905,DOWNLOADED,19455,9555da3bf57c51c5361e083619d05ff622ba52613b74a98a644b71779df8302b,BOURGOIN-JALLIEU (38) 1981 | GEIPAN Orange arrow icon Orange arrow icon Orange arrow icon Arrow,
https://www.geipan.fr/fr/cas/1981-12-00906,1981-12-00906,https://www.geipan.fr/fr/cas/1981-12-00906,DOWNLOADED,22965,079b0c08614ee9b57ac413679eb7020710761f9e975690ef298c1294b9e92370,CAUDAN (56) 21.12.1981 | GEIPAN Orange arrow icon Orange arrow icon Orange arrow icon Arrow,
https://www.geipan.fr/fr/cas/1981-12-00907,1981-12-00907,https://www.geipan.fr/fr/cas/1981-12-00907,DOWNLOADED,19150,8043649798bbfb214b939c7cd237159ef4949c8ffc6b3a9ebbf867f217989cd8,AVIGNON (84) 24.12.1981 | GEIPAN Orange arrow icon Orange arrow icon Orange arrow icon Arrow,
https://www.geipan.fr/fr/cas/1982-01-00908,1982-01-00908,https://www.geipan.fr/fr/cas/1982-01-00908,DOWNLOADED,18778,4c8dc4e0d9eaa7bc8fa7d6ed19f19a5f9a30745d063c2eaacd6d66c9cab495e1,HAYANGE (57) 1982 | GEIPAN Orange arrow icon Orange arrow icon Orange arrow icon Arrow,
https://www.geipan.fr/fr/cas/1982-01-00909,1982-01-00909,https://www.geipan.fr/fr/cas/1982-01-00909,DOWNLOADED,18728,d29175e9476e147bc08bb15d754668f6a9960c69050b24c68ce55bfe6b6777a9,LATOUR DE FRANCE (66) 1981 | GEIPAN Orange arrow icon Orange arrow icon Orange arrow icon Arrow,
https://www.geipan.fr/fr/cas/1982-01-00910,1982-01-00910,https://www.geipan.fr/fr/cas/1982-01-00910,DOWNLOADED,23183,bc160bcdd5230edd7c97f8d12c02df6993c2b8ba632bd0838316ac441f745679,NICE (06) 19.12.1981 | GEIPAN Orange arrow icon Orange arrow icon Orange arrow icon Arrow,
https://www.geipan.fr/fr/cas/1982-01-00911,1982-01-00911,https://www.geipan.fr/fr/cas/1982-01-00911,DOWNLOADED,24464,d075ac5513f3345763a8444a1267738ad61ce3d27eb1fec26b1a5ffc2b07400a,MARTIGUES (13) 12.01.1982 | GEIPAN Orange arrow icon Orange arrow icon Orange arrow icon Arrow,
https://www.geipan.fr/fr/cas/1982-01-00912,1982-01-00912,https://www.geipan.fr/fr/cas/1982-01-00912,DOWNLOADED,25116,530302b755e6b8d01b275124d964c11a31c5ac116b4b6250ebda5eb1df8480c3,GERNELLE (08) 17.01.1982 | GEIPAN Orange arrow icon Orange arrow icon Orange arrow icon Arrow,
https://www.geipan.fr/fr/cas/1982-01-00913,1982-01-00913,https://www.geipan.fr/fr/cas/1982-01-00913,DOWNLOADED,25932,0db9c30c05d4845e262ac4abb8c2dd88ec35dbd16dbdd8d055f649052db961e9,TRANCRAINVILLE (28) 23.01.1982 | GEIPAN Orange arrow icon Orange arrow icon Orange arrow icon Arrow,
https://www.geipan.fr/fr/cas/1982-01-00914,1982-01-00914,https://www.geipan.fr/fr/cas/1982-01-00914,DOWNLOADED,23628,22c67f9dd1221a924d39585ba2ae4cfb73f2647d1a726513446ed90c010c5cb9,SAINT-MITRE-LES-REMPARTS (13) 14.01.1982 | GEIPAN Orange arrow icon Orange arrow icon Orange arrow icon Arrow,
https://www.geipan.fr/fr/cas/1982-01-00915,1982-01-00915,https://www.geipan.fr/fr/cas/1982-01-00915,DOWNLOADED,20594,18366125db83bfa1a5f140ca00946123959ae4f10afd39aed0888941106606d6,HOMBOURG-HAUT (57) 27.01.1982 | GEIPAN Orange arrow icon Orange arrow icon Orange arrow icon Arrow,
https://www.geipan.fr/fr/cas/1982-02-00916,1982-02-00916,https://www.geipan.fr/fr/cas/1982-02-00916,DOWNLOADED,18430,a68ccd29197f673dba79355cde6ff67ba8d7bd30ebabb09b5014c29e7e6b7037,AMIENS (80) 15.02.1982 | GEIPAN Orange arrow icon Orange arrow icon Orange arrow icon Arrow,
https://www.geipan.fr/fr/cas/1982-02-00917,1982-02-00917,https://www.geipan.fr/fr/cas/1982-02-00917,DOWNLOADED,18532,fcf37a404b6ebbc836578cd3cce6374d30e760ca4b3afa963376e2a211817aaf,CRAU (LA) (83) 19.02.1982 | GEIPAN Orange arrow icon Orange arrow icon Orange arrow icon Arrow,
https://www.geipan.fr/fr/cas/1982-02-00918,1982-02-00918,https://www.geipan.fr/fr/cas/1982-02-00918,DOWNLOADED,18736,ed7017ceea1f08ea8febcd1c13b41e89ea3c6b84452606217bcbcc0a15af4606,GUENANGE (57) 1982 | GEIPAN Orange arrow icon Orange arrow icon Orange arrow icon Arrow,
https://www.geipan.fr/fr/cas/1982-02-01676,1982-02-01676,https://www.geipan.fr/fr/cas/1982-02-01676,DOWNLOADED,19039,fdcaf0d3328909b58aeaf0c9d43dd5013e44617d74217740177f499d4f0829fb,BEAUGENCY (45) 1982 | GEIPAN Orange arrow icon Orange arrow icon Orange arrow icon Arrow,
https://www.geipan.fr/fr/cas/1982-03-00920,1982-03-00920,https://www.geipan.fr/fr/cas/1982-03-00920,DOWNLOADED,22314,b3c41a0157543cf2abb907190ade4e46bdb3d6cf9f060e4f80641546e6758811,SALINS (77) 27.02.1982 | GEIPAN Orange arrow icon Orange arrow icon Orange arrow icon Arrow,
https://www.geipan.fr/fr/cas/1982-03-00922,1982-03-00922,https://www.geipan.fr/fr/cas/1982-03-00922,DOWNLOADED,18509,1082b6dc9aa260e1dc8acfb41b3d84acd5fb4c833ad589114587376c8095afe0,SAINT-HERBLAIN (44) 01.02.1982 | GEIPAN Orange arrow icon Orange arrow icon Orange arrow icon Arrow,
https://www.geipan.fr/fr/cas/1982-03-00923,1982-03-00923,https://www.geipan.fr/fr/cas/1982-03-00923,DOWNLOADED,18376,bc00df79be886adbbd149102164011a0cb196cb5a5cce0d8ba0250014a54e7b0,VILLARD-DE-LANS (38) 12.03.1982 | GEIPAN Orange arrow icon Orange arrow icon Orange arrow icon Arrow,
https://www.geipan.fr/fr/cas/1982-03-00924,1982-03-00924,https://www.geipan.fr/fr/cas/1982-03-00924,DOWNLOADED,18459,0b97c274b8abc194b5f39747f8bc8b7124b8ad23d384922e033d1f93bf8ea534,VILLE-EN-TARDENOIS (51) 12.03.1982 | GEIPAN Orange arrow icon Orange arrow icon Orange arrow icon Arrow,
https://www.geipan.fr/fr/cas/1982-03-00925,1982-03-00925,https://www.geipan.fr/fr/cas/1982-03-00925,DOWNLOADED,18749,526a5a56918536139eb1c5f19353332fd451048e2759855cd8f39f749737e080,LAUZET-UBAYE (04) 30.03.1982 | GEIPAN Orange arrow icon Orange arrow icon Orange arrow icon Arrow,
https://www.geipan.fr/fr/cas/1982-04-00926,1982-04-00926,https://www.geipan.fr/fr/cas/1982-04-00926,DOWNLOADED,22022,20bfa154671e2c663e585c862150e291508c2a0d38aaf4989f0a6b3b1f0aabc0,THUMERIES (59) 04.04.1982 | GEIPAN Orange arrow icon Orange arrow icon Orange arrow icon Arrow,
https://www.geipan.fr/fr/cas/1982-04-00927,1982-04-00927,https://www.geipan.fr/fr/cas/1982-04-00927,DOWNLOADED,18520,c1c04622c6a5201ffca43c7675a5f1b7a1428816dfc471d19b2b9106b8004a05,BEAUVOIS-EN-CAMBRESIS (59) 12.04.1982 | GEIPAN Orange arrow icon Orange arrow icon Orange arrow icon Arrow,
https://www.geipan.fr/fr/cas/1982-04-00928,1982-04-00928,https://www.geipan.fr/fr/cas/1982-04-00928,DOWNLOADED,23869,40da2482ccb22600173651cf4b936f1fbc91f74e9659851041f23e5b888d1ca7,GROIX (56) 14.04.1982 | GEIPAN Orange arrow icon Orange arrow icon Orange arrow icon Arrow,
https://www.geipan.fr/fr/cas/1982-04-00929,1982-04-00929,https://www.geipan.fr/fr/cas/1982-04-00929,DOWNLOADED,19018,5c0852d98ea5a161706529c447a59f63902d1f97e192748b34ec2d186f128b84,TARDET (64) 22.04.1982 | GEIPAN Orange arrow icon Orange arrow icon Orange arrow icon Arrow,
https://www.geipan.fr/fr/cas/1982-04-00930,1982-04-00930,https://www.geipan.fr/fr/cas/1982-04-00930,DOWNLOADED,23010,46688ea8cbaf80a907897e77318037acc978bcfddcc615e46100970c551634e7,CIOTAT (LA) (13) 21.04.1982 | GEIPAN Orange arrow icon Orange arrow icon Orange arrow icon Arrow,
https://www.geipan.fr/fr/cas/1982-04-01675,1982-04-01675,https://www.geipan.fr/fr/cas/1982-04-01675,DOWNLOADED,18955,15a435232c8092f9397929fc6efb6b91089e4f796e16204dccbd68f737936e77,TAMPON (LE) (974) 03.04.1982 | GEIPAN Orange arrow icon Orange arrow icon Orange arrow icon Arrow,
https://www.geipan.fr/fr/cas/1982-05-00931,1982-05-00931,https://www.geipan.fr/fr/cas/1982-05-00931,DOWNLOADED,20852,8dcad1ab9f4b997dfa06672938076f7a80ddbf53bdaa8f1ca543cdf427a36362,SAINT-ALEXANDRE (30) 28.04.1982 | GEIPAN Orange arrow icon Orange arrow icon Orange arrow icon Arrow,
https://www.geipan.fr/fr/cas/1982-05-00932,1982-05-00932,https://www.geipan.fr/fr/cas/1982-05-00932,DOWNLOADED,18445,8ddeecde186e4b00f60c0eba20716dc529ee45f2cb3469f69bd01e1d86e06d68,SEYSSINET-PARISET (38) 10.05.1982 | GEIPAN Orange arrow icon Orange arrow icon Orange arrow icon Arrow,
https://www.geipan.fr/fr/cas/1982-05-00933,1982-05-00933,https://www.geipan.fr/fr/cas/1982-05-00933,DOWNLOADED,20018,ffe0c16e0f2c83cfb59a3a756534c280f956a4c654b7a34794f64649528de209,SUIPPES (51) 16.05.1982 | GEIPAN Orange arrow icon Orange arrow icon Orange arrow icon Arrow,
https://www.geipan.fr/fr/cas/1982-06-00934,1982-06-00934,https://www.geipan.fr/fr/cas/1982-06-00934,DOWNLOADED,18803,59c447a27080f1cc304572593ac92f8801384ba2fb53748936fdab0d218fec3b,SAINT-DENIS (974) 16.06.1982 | GEIPAN Orange arrow icon Orange arrow icon Orange arrow icon Arrow,
https://www.geipan.fr/fr/cas/1982-06-00935,1982-06-00935,https://www.geipan.fr/fr/cas/1982-06-00935,DOWNLOADED,18855,0cb85c7ac636534d03dcf21e09a5b3f4f16887a44f50bdc15b1c8948aa930024,NANTES CHÂTEAU-BOUGON (44) 1982 | GEIPAN Orange arrow icon Orange arrow icon Orange arrow icon Arrow,
https://www.geipan.fr/fr/cas/1982-06-08557,1982-06-08557,https://www.geipan.fr/fr/cas/1982-06-08557,DOWNLOADED,19229,22977016b015e5a74338abe06ecc11463fb1d1182e68826f719bdd53cb452df1,VIEILLE-CHAPELLE (62) --.06.1982 | GEIPAN Orange arrow icon Orange arrow icon Orange arrow icon Arrow,
https://www.geipan.fr/fr/cas/1982-07-00936,1982-07-00936,https://www.geipan.fr/fr/cas/1982-07-00936,DOWNLOADED,18538,74c588259d5eee1ac516bf4bdeee43b6ccba8866fd081a46e6c89564b4259684,THEZE (64) 03.07.1982 | GEIPAN Orange arrow icon Orange arrow icon Orange arrow icon Arrow,
https://www.geipan.fr/fr/cas/1982-07-00937,1982-07-00937,https://www.geipan.fr/fr/cas/1982-07-00937,DOWNLOADED,18682,ec9e41db4f9ff66400ded5922c2b44d860e0a17b4d503c097d78fb3b3fb60e97,ETANG-SALE (L') (974) 05.07.1982 | GEIPAN Orange arrow icon Orange arrow icon Orange arrow icon Arrow,
https://www.geipan.fr/fr/cas/1982-08-00939,1982-08-00939,https://www.geipan.fr/fr/cas/1982-08-00939,DOWNLOADED,22398,099ab7d7d756305eb0c046dcde69c2ba6b76c561e96bd2c379f140e02e72a497,MONT-SAINT-AIGNAN (76) 06.08.1982 | GEIPAN Orange arrow icon Orange arrow icon Orange arrow icon Arrow,
https://www.geipan.fr/fr/cas/1982-09-00940,1982-09-00940,https://www.geipan.fr/fr/cas/1982-09-00940,DOWNLOADED,18981,41e5a4d2a124e4a7b1e58a7433ed613becfc1446c573996d57ad2038d4f6734a,SAINT-BENOIT (974) 1982 | GEIPAN Orange arrow icon Orange arrow icon Orange arrow icon Arrow,
https://www.geipan.fr/fr/cas/1982-09-00941,1982-09-00941,https://www.geipan.fr/fr/cas/1982-09-00941,DOWNLOADED,21711,0ec5d7a1c8a9d93fcecbe6fb2da0f39b429af6f2da798191225c49bdbb327dce,VILLEBON-SUR-YVETTE (91) 06.09.1982 | GEIPAN Orange arrow icon Orange arrow icon Orange arrow icon Arrow,
https://www.geipan.fr/fr/cas/1982-10-00944,1982-10-00944,https://www.geipan.fr/fr/cas/1982-10-00944,DOWNLOADED,18689,63fb59552d1d5e233e6ace40f43f838ce71273e13477b1631e41e7bfd380250f,ECUEILLE (36) 1982 | GEIPAN Orange arrow icon Orange arrow icon Orange arrow icon Arrow,
https://www.geipan.fr/fr/cas/1982-11-00951,1982-11-00951,https://www.geipan.fr/fr/cas/1982-11-00951,DOWNLOADED,18488,14892c08220bfca5a46b7cd8e5ec7e568e3edacd0e68c90822ec9796ccf22f9d,ROUEN (76) 1982 | GEIPAN Orange arrow icon Orange arrow icon Orange arrow icon Arrow,
https://www.geipan.fr/fr/cas/1983-01-00954,1983-01-00954,https://www.geipan.fr/fr/cas/1983-01-00954,DOWNLOADED,18914,343b6cd2dbe8b7b2fad0f09af44ca72ec4ff39f15595d072a2d2aed4c092ffcf,SAINT-AMANT ROCHE SAVINE (63) 1983 | GEIPAN Orange arrow icon Orange arrow icon Orange arrow icon Arrow,
https://www.geipan.fr/fr/cas/1983-01-00956,1983-01-00956,https://www.geipan.fr/fr/cas/1983-01-00956,DOWNLOADED,19582,e87c8ef42057cbaed46d66ff91040b6b0680a05ebeb2e0bff8e905ebf28e5485,"PASSAGE (LE), ROMAGNIEU (38) 23.01.1983 | GEIPAN Orange arrow icon Orange arrow icon Orange arrow icon Arrow",
https://www.geipan.fr/fr/cas/1983-01-00959,1983-01-00959,https://www.geipan.fr/fr/cas/1983-01-00959,DOWNLOADED,19198,3fb92b5704b72f0536061780a8ee7b62ed78688e838d856723ea928b1053e30f,"LAMBESC, AIX-EN-PROVENCE (13) 26.01.1983 | GEIPAN Orange arrow icon Orange arrow icon Orange arrow icon Arrow",
https://www.geipan.fr/fr/cas/1983-01-00961,1983-01-00961,https://www.geipan.fr/fr/cas/1983-01-00961,DOWNLOADED,18439,e5bf1aca26e983e43f6584e8faa0fd5f106ac2350403e76a78271f1cdc62099e,CAINE (LA) (14) 28.01.1983 | GEIPAN Orange arrow icon Orange arrow icon Orange arrow icon Arrow,
https://www.geipan.fr/fr/cas/1983-01-00962,1983-01-00962,https://www.geipan.fr/fr/cas/1983-01-00962,DOWNLOADED,18631,56c247b52fdef65f14faf4326cf60231bcc0c1243a988a365e8461cdc80f5f9a,CERISY LA SALLE (50) 1983 | GEIPAN Orange arrow icon Orange arrow icon Orange arrow icon Arrow,
https://www.geipan.fr/fr/cas/1983-02-00965,1983-02-00965,https://www.geipan.fr/fr/cas/1983-02-00965,DOWNLOADED,18559,737f91e5758d55668aadb110b38a76dc7eebd2916160ca37a9b0c732d9ba7c97,SAINT-HILAIRE-DE-LUSIGNAN (47) 06.02.1983 | GEIPAN Orange arrow icon Orange arrow icon Orange arrow icon Arrow,
https://www.geipan.fr/fr/cas/1983-03-00968,1983-03-00968,https://www.geipan.fr/fr/cas/1983-03-00968,DOWNLOADED,25111,7d70706bc747ca99fb6ecb30b870ee73d0f9295c5cbef8f68e4658fc64d550f7,PLOUARZEL (29) 14.03.1983 | GEIPAN Orange arrow icon Orange arrow icon Orange arrow icon Arrow,
https://www.geipan.fr/fr/cas/1983-04-00969,1983-04-00969,https://www.geipan.fr/fr/cas/1983-04-00969,DOWNLOADED,19300,5099a4ca13719e54469c13f511769bb9928db0f334ed064c5bb984a7fc439d3f,AIGREFEUILLE (17) 15.03.1983 | GEIPAN Orange arrow icon Orange arrow icon Orange arrow icon Arrow,
https://www.geipan.fr/fr/cas/1983-04-00970,1983-04-00970,https://www.geipan.fr/fr/cas/1983-04-00970,DOWNLOADED,19203,941ee73514b7ee6e4cd81bb8e7b12f3a1b81e2ccbed532d338a78de8cf0d77b4,AUNAY SUR ODON (14) 13.04.1983 | GEIPAN Orange arrow icon Orange arrow icon Orange arrow icon Arrow,
https://www.geipan.fr/fr/cas/1983-04-00971,1983-04-00971,https://www.geipan.fr/fr/cas/1983-04-00971,DOWNLOADED,22806,612fbd00e420604366abb2e3367d9e0d6d39dd7402106c0eaa9c558fad70d2f7,SOMMAUTHE (08) 20.04.1983 | GEIPAN Orange arrow icon Orange arrow icon Orange arrow icon Arrow,
https://www.geipan.fr/fr/cas/1983-04-00972,1983-04-00972,https://www.geipan.fr/fr/cas/1983-04-00972,DOWNLOADED,18985,029f6583a40cab38edd7a6ca11d1432f755adc39818520a3db09319f0550ba65,LA VERPILLIERE (38) 1983 | GEIPAN Orange arrow icon Orange arrow icon Orange arrow icon Arrow,
https://www.geipan.fr/fr/cas/1983-04-00973,1983-04-00973,https://www.geipan.fr/fr/cas/1983-04-00973,DOWNLOADED,20512,7dd99996555f7819514109727e35db7acd34efd4b108e6f4c43ecb17cfc2255a,FRELAND (68) 24.04.1983 | GEIPAN Orange arrow icon Orange arrow icon Orange arrow icon Arrow,
https://www.geipan.fr/fr/cas/1983-04-00974,1983-04-00974,https://www.geipan.fr/fr/cas/1983-04-00974,DOWNLOADED,23753,2331f9b626f2f5267c70ddf144b407327319cde8b28b28d62626cdc74585c057,(DPT) PYRENNES-ATLANTIQUES (64) 29.04.1983 | GEIPAN Orange arrow icon Orange arrow icon Orange arrow icon Arrow,
https://www.geipan.fr/fr/cas/1983-05-00975,1983-05-00975,https://www.geipan.fr/fr/cas/1983-05-00975,DOWNLOADED,19055,1af451f26c572000b7fec977f85c26e0c7791a1ae2a5b9fd11ae13b03ab5281b,VESCOVATO (2B) 1983 | GEIPAN Orange arrow icon Orange arrow icon Orange arrow icon Arrow,
https://www.geipan.fr/fr/cas/1983-05-00976,1983-05-00976,https://www.geipan.fr/fr/cas/1983-05-00976,DOWNLOADED,21577,6ba8d616e71e935a6c03b224c973c51b70cf442a3a4088f59755d893517eed54,BARREME (04) 09.05.1983 | GEIPAN Orange arrow icon Orange arrow icon Orange arrow icon Arrow,
https://www.geipan.fr/fr/cas/1983-05-00977,1983-05-00977,https://www.geipan.fr/fr/cas/1983-05-00977,DOWNLOADED,20283,403357a63968bacda009675e052b7543b667e8a009f6246286c253b559cb4893,LABATUT (40) 05.05.1983 | GEIPAN Orange arrow icon Orange arrow icon Orange arrow icon Arrow,
https://www.geipan.fr/fr/cas/1983-06-00978,1983-06-00978,https://www.geipan.fr/fr/cas/1983-06-00978,DOWNLOADED,30069,63ed4432742f6062435853ab5b149613d5c975c6199f83d9ea18d770fc1cc9f7,RENTREE ATMOSPHERIQUE — NATIONAL (FR) 06.06.1983 | GEIPAN Orange arrow icon Orange arrow icon Orange arrow icon Arrow,
https://www.geipan.fr/fr/cas/1983-07-00985,1983-07-00985,https://www.geipan.fr/fr/cas/1983-07-00985,DOWNLOADED,18610,1c2f0ac04cc26f3f8fed57a7cf6be7b25b05d7524c512c927cccd64a4cf1ee19,AVON (77) 15.07.1983 | GEIPAN Orange arrow icon Orange arrow icon Orange arrow icon Arrow,
https://www.geipan.fr/fr/cas/1983-07-00986,1983-07-00986,https://www.geipan.fr/fr/cas/1983-07-00986,DOWNLOADED,18570,e79c609e71d8dc78c547a2cdb2826818bf7aa2e9637eaa5a77b0df42c18e1cd6,BOUSSAY (37) 15.07.1983 | GEIPAN Orange arrow icon Orange arrow icon Orange arrow icon Arrow,
https://www.geipan.fr/fr/cas/1983-07-01725,1983-07-01725,https://www.geipan.fr/fr/cas/1983-07-01725,DOWNLOADED,18713,3110f96c7de2e5b0cd34e2d0e98e1bfa73f0440b6af33fcc7b17f74bc2571df7,MILLY LA FORET (91)1983 | GEIPAN Orange arrow icon Orange arrow icon Orange arrow icon Arrow,
https://www.geipan.fr/fr/cas/1983-07-08593,1983-07-08593,https://www.geipan.fr/fr/cas/1983-07-08593,DOWNLOADED,19464,c85da5b8b1104adee27b2d05fa2df5e77916cc719b0a70cd0ed3d87542b0108c,SAINT-PIERRE-DE-CHARTREUSE (38) --.07.1983 | GEIPAN Orange arrow icon Orange arrow icon Orange arrow icon Arrow,
https://www.geipan.fr/fr/cas/1983-07-08982,1983-07-08982,https://www.geipan.fr/fr/cas/1983-07-08982,DOWNLOADED,19007,ccfa93cf94fc26298bbc1af5b9dd2091a7bc4619f6bc1b38b7dc4982ef4653c2,SAINT-HILAIRE-DE-LAVIT (48) --.07.1983 | GEIPAN Orange arrow icon Orange arrow icon Orange arrow icon Arrow,
https://www.geipan.fr/fr/cas/1983-08-00992,1983-08-00992,https://www.geipan.fr/fr/cas/1983-08-00992,DOWNLOADED,19964,a1f1f4797dd17ffa26819c3057e8a72b4bcdd48f3e43d1315d0ff471bb6c1e93,SOMMERECOURT (52) 17.07.1983 | GEIPAN Orange arrow icon Orange arrow icon Orange arrow icon Arrow,
https://www.geipan.fr/fr/cas/1983-09-00993,1983-09-00993,https://www.geipan.fr/fr/cas/1983-09-00993,DOWNLOADED,18521,fa2c9117a50c7dc716f697587c6e24e9d92e5195f6dfa0f8dbacc0b2d9a06eaa,SAINT-GRATIEN (95) 11.09.1983 | GEIPAN Orange arrow icon Orange arrow icon Orange arrow icon Arrow,
https://www.geipan.fr/fr/cas/1983-09-00994,1983-09-00994,https://www.geipan.fr/fr/cas/1983-09-00994,DOWNLOADED,20256,374b0b6a7077d0227a194f50c2904e3d69a3da37ea24864130a24dd8ae5edfc7,POLYNESIE (987)1983 | GEIPAN Orange arrow icon Orange arrow icon Orange arrow icon Arrow,
https://www.geipan.fr/fr/cas/1983-09-00995,1983-09-00995,https://www.geipan.fr/fr/cas/1983-09-00995,DOWNLOADED,19351,85277eb1d3b40d180d3771e83509d289f55033c23861c841230b12e88acd458f,VITRY LE FRANCOIS (51) 1983 | GEIPAN Orange arrow icon Orange arrow icon Orange arrow icon Arrow,
https://www.geipan.fr/fr/cas/1983-09-00996,1983-09-00996,https://www.geipan.fr/fr/cas/1983-09-00996,DOWNLOADED,18589,262346eaaa2305935483b1c2c0978b715cd6929815fbd1e62efbf02875b546a5,HAY-LES-ROSES (L') (94) 28.09.1983 | GEIPAN Orange arrow icon Orange arrow icon Orange arrow icon Arrow,
https://www.geipan.fr/fr/cas/1983-09-01674,1983-09-01674,https://www.geipan.fr/fr/cas/1983-09-01674,DOWNLOADED,23840,fb5f60c8ca22f5cbe64315e63b97fd16c15dc3ecefb5a120d77ca565e5d1d804,BEAUVEZER (04) 25.09.1983 | GEIPAN Orange arrow icon Orange arrow icon Orange arrow icon Arrow,
https://www.geipan.fr/fr/cas/1983-09-01726,1983-09-01726,https://www.geipan.fr/fr/cas/1983-09-01726,DOWNLOADED,19029,b00a7f177ecab7b25eba14c8a4a5f95205c4b3ae835d64864c8d7a8151bfd425,CANET-EN-ROUSSILLON (66) 26.09.1983 | GEIPAN Orange arrow icon Orange arrow icon Orange arrow icon Arrow,
https://www.geipan.fr/fr/cas/1983-10-00999,1983-10-00999,https://www.geipan.fr/fr/cas/1983-10-00999,DOWNLOADED,18580,7151340dac50e853fc07d7b82717124d9c2a79245d6035f6f127c72e31051cc6,SAINT-CHAMOND (42) 1983 | GEIPAN Orange arrow icon Orange arrow icon Orange arrow icon Arrow,
https://www.geipan.fr/fr/cas/1983-10-01000,1983-10-01000,https://www.geipan.fr/fr/cas/1983-10-01000,DOWNLOADED,19655,708a54e2a872da60ba98ab50a909401f2bb0075d8509b8647dd3010db694bb46,(DPT) POLYNESIE FRANCAISE (987) 26.09.1983 | GEIPAN Orange arrow icon Orange arrow icon Orange arrow icon Arrow,
https://www.geipan.fr/fr/cas/1983-11-01002,1983-11-01002,https://www.geipan.fr/fr/cas/1983-11-01002,DOWNLOADED,20618,b59b39b07995471d23b7d6ec2c7ce3569a29bc2e0d66ec106681bb7138ea0686,AMBERNAC (16) 31.10.1983 « PEUPLIER» | GEIPAN Orange arrow icon Orange arrow icon Orange arrow icon Arrow,
https://www.geipan.fr/fr/cas/1983-11-01004,1983-11-01004,https://www.geipan.fr/fr/cas/1983-11-01004,DOWNLOADED,21341,522620faa12d2c3ce5cc79f785a6a32c6b8bcc4b3c2305e347653d00e78fbe09,RENTREE ATMOSPHERIQUE — NATIONAL (FR) 15.11.1983 | GEIPAN Orange arrow icon Orange arrow icon Orange arrow icon Arrow,
https://www.geipan.fr/fr/cas/1983-11-01006,1983-11-01006,https://www.geipan.fr/fr/cas/1983-11-01006,DOWNLOADED,25931,a755d641eb24b6e7dabb5ec2cbd8d1b158fc3e7ab8bae94d9ce5e5190e0c4871,RENTREE ATMOSPHERIQUE — NATIONAL (FR) 17.11.1983 | GEIPAN Orange arrow icon Orange arrow icon Orange arrow icon Arrow,
https://www.geipan.fr/fr/cas/1983-11-01007,1983-11-01007,https://www.geipan.fr/fr/cas/1983-11-01007,DOWNLOADED,19233,cae51a437060d824df6aeccdc43899181b9f28d18ee2704d0d139746b3ac9c19,MOSELLE (57) 1983 | GEIPAN Orange arrow icon Orange arrow icon Orange arrow icon Arrow,
https://www.geipan.fr/fr/cas/1983-11-01011,1983-11-01011,https://www.geipan.fr/fr/cas/1983-11-01011,DOWNLOADED,18433,935676c047daee74c9ba0a9e45c715024e96c4a45f731a384a12223beb6d09a2,BRIVE-LA-GAILLARDE (19) 26.11.1983 | GEIPAN Orange arrow icon Orange arrow icon Orange arrow icon Arrow,
https://www.geipan.fr/fr/cas/1983-12-01013,1983-12-01013,https://www.geipan.fr/fr/cas/1983-12-01013,DOWNLOADED,18628,098293f8807e61b17e3d69b07e2bdaadc7515f1da83012e79582366c07d0bf66,SARREGUEMINES (57) 1983 | GEIPAN Orange arrow icon Orange arrow icon Orange arrow icon Arrow,
https://www.geipan.fr/fr/cas/1983-12-01014,1983-12-01014,https://www.geipan.fr/fr/cas/1983-12-01014,DOWNLOADED,18474,efc4f25f2b53104c52d7a3a40e4ab9e74f719f6bfe5a528779ba737a35057913,YERRES (91) 08.12.1983 | GEIPAN Orange arrow icon Orange arrow icon Orange arrow icon Arrow,
https://www.geipan.fr/fr/cas/1984-01-01016,1984-01-01016,https://www.geipan.fr/fr/cas/1984-01-01016,DOWNLOADED,21429,5f90c7ce3b0463d49bae879a604dcafc1f3b9f7d51babae4859f9c6be678ea15,[A9] DE NIMES (30) VERS MONTPELLIER (34) 05.01.1984 T1 | GEIPAN Orange arrow icon Orange arrow icon Orange arrow icon Arrow,
https://www.geipan.fr/fr/cas/1984-01-50572,1984-01-50572,https://www.geipan.fr/fr/cas/1984-01-50572,DOWNLOADED,21434,6c6299d6c12b3744eb4bb0cc6bce179c03e314a78ca02857a382c96cdcbfa078,[A9] de NIMES (30) vers MONTPELLIER (34) 05.01.1984 T2 | GEIPAN Orange arrow icon Orange arrow icon Orange arrow icon Arrow,
https://www.geipan.fr/fr/cas/1984-02-01018,1984-02-01018,https://www.geipan.fr/fr/cas/1984-02-01018,DOWNLOADED,18669,8afe3ae04f9de4e1d928fe9b53ccab32ec3795e3dfeb87688939c1a468b13a33,SAINT-LOUP LAMAIRE (79) 1984 | GEIPAN Orange arrow icon Orange arrow icon Orange arrow icon Arrow,
https://www.geipan.fr/fr/cas/1984-02-01019,1984-02-01019,https://www.geipan.fr/fr/cas/1984-02-01019,DOWNLOADED,18548,cfb0fe21f82dbb5bf1014d2474739f162599fe6bb27e626b867ff04935b5caae,[D211] vers SAINT-MEDARD-EN-JALLES (33) 21.02.1984 | GEIPAN Orange arrow icon Orange arrow icon Orange arrow icon Arrow,
https://www.geipan.fr/fr/cas/1984-02-01020,1984-02-01020,https://www.geipan.fr/fr/cas/1984-02-01020,DOWNLOADED,19015,b36f430c068892b89308ec0e57a2330bfca43b8f71fe707f18427e31e90d9a9d,PLOUGUENAST (29) 1984 | GEIPAN Orange arrow icon Orange arrow icon Orange arrow icon Arrow,
https://www.geipan.fr/fr/cas/1984-03-01021,1984-03-01021,https://www.geipan.fr/fr/cas/1984-03-01021,DOWNLOADED,18864,ec3274faf8a8f52aaaf244803e008e147942582382c4e14fa8d21f98576b44e1,MOREUIL (80) 1984 | GEIPAN Orange arrow icon Orange arrow icon Orange arrow icon Arrow,
https://www.geipan.fr/fr/cas/1984-03-01023,1984-03-01023,https://www.geipan.fr/fr/cas/1984-03-01023,DOWNLOADED,20128,0a09da21242d6bc3de9154fa9548973421cfcf18726ee37aa6087a7668277c5c,BOULAUR (32) 24.03.1984 | GEIPAN Orange arrow icon Orange arrow icon Orange arrow icon Arrow,
https://www.geipan.fr/fr/cas/1984-03-50655,1984-03-50655,https://www.geipan.fr/fr/cas/1984-03-50655,DOWNLOADED,28060,163a3753f09ae0d95b2e2ac603ff2ffc1690ef1913a6246cde155041353e276f,FOA (LA) (988) 05.03.1984 | GEIPAN Orange arrow icon Orange arrow icon Orange arrow icon Arrow,
https://www.geipan.fr/fr/cas/1984-03-50656,1984-03-50656,https://www.geipan.fr/fr/cas/1984-03-50656,DOWNLOADED,28037,c4cd7b1100555fce957114b4010fcfa54543db0f867418472809d8764f533f8b,FOA (LA) (988) 02.03.1984 | GEIPAN Orange arrow icon Orange arrow icon Orange arrow icon Arrow,
https://www.geipan.fr/fr/cas/1984-03-50657,1984-03-50657,https://www.geipan.fr/fr/cas/1984-03-50657,DOWNLOADED,28039,fb44a2a6bc2cdc4497f21cd5327b52f28f44a22529b559fca700ff8d83b71e75,FOA (LA) (988) --.03.1984 | GEIPAN Orange arrow icon Orange arrow icon Orange arrow icon Arrow,
https://www.geipan.fr/fr/cas/1984-04-01024,1984-04-01024,https://www.geipan.fr/fr/cas/1984-04-01024,DOWNLOADED,18989,2af46f1117ca357e5a32f46337bf1e6ebb3cb5430740d6dc5394d80b4c5bafba,ISERE (38) 27.04.1984 | GEIPAN Orange arrow icon Orange arrow icon Orange arrow icon Arrow,
https://www.geipan.fr/fr/cas/1984-07-01027,1984-07-01027,https://www.geipan.fr/fr/cas/1984-07-01027,DOWNLOADED,19805,3d2b2603921d69da7c8f2e1389f92de36c17b302eb1cb250dbf101a4087113b4,TOURNUS (71) 1984 | GEIPAN Orange arrow icon Orange arrow icon Orange arrow icon Arrow,
https://www.geipan.fr/fr/cas/1984-08-01028,1984-08-01028,https://www.geipan.fr/fr/cas/1984-08-01028,DOWNLOADED,18415,77dba520a8248f3a7b68a29b021cca7e6dac4c9e6717b88c36cbd464704ab389,SOLLIERES-SARDIERES (73) 02.08.1984 | GEIPAN Orange arrow icon Orange arrow icon Orange arrow icon Arrow,
https://www.geipan.fr/fr/cas/1984-08-01030,1984-08-01030,https://www.geipan.fr/fr/cas/1984-08-01030,DOWNLOADED,18827,c2fd4d901d88ead6b18b253a3999afe5c36dbfe29f2740313117a5b709f40249,COULAINES (72) 1984 | GEIPAN Orange arrow icon Orange arrow icon Orange arrow icon Arrow,
https://www.geipan.fr/fr/cas/1984-09-01031,1984-09-01031,https://www.geipan.fr/fr/cas/1984-09-01031,DOWNLOADED,23087,995f2e767915d8d57ccf9d9d2667f9887f016d74efce506d07381bba174ceb8a,COUDRAY-SAINT-GERMER (LE) (60) 03.09.1984 | GEIPAN Orange arrow icon Orange arrow icon Orange arrow icon Arrow,
https://www.geipan.fr/fr/cas/1984-09-01032,1984-09-01032,https://www.geipan.fr/fr/cas/1984-09-01032,DOWNLOADED,20484,0cf2fbc46afc73414141c2cffbcd9c3262392a0fd3e172a1f76a71c8ab3d2395,COMINES (59) 28.09.1984 | GEIPAN Orange arrow icon Orange arrow icon Orange arrow icon Arrow,
https://www.geipan.fr/fr/cas/1984-10-01033,1984-10-01033,https://www.geipan.fr/fr/cas/1984-10-01033,DOWNLOADED,18558,846b149c4cd74f3833cb9f5d37d4235f321d9498efcce5cec23883745748b23f,SAINT-CRICQ-CHALOSSE (40) 02.10.1984 | GEIPAN Orange arrow icon Orange arrow icon Orange arrow icon Arrow,
https://www.geipan.fr/fr/cas/1984-10-01036,1984-10-01036,https://www.geipan.fr/fr/cas/1984-10-01036,DOWNLOADED,18823,bc67bb7800af91487aa95167b4ba86adef28d64a789b75b194b398d571730cdf,LE LUC (83) 1984 | GEIPAN Orange arrow icon Orange arrow icon Orange arrow icon Arrow,
https://www.geipan.fr/fr/cas/1984-11-01038,1984-11-01038,https://www.geipan.fr/fr/cas/1984-11-01038,DOWNLOADED,19614,ff6ce639a3b1bdac4541f53134a8c98874139473227c5987e65e63fd27d90e8d,SAINT-DENIS LES BAINS (974) 1984 | GEIPAN Orange arrow icon Orange arrow icon Orange arrow icon Arrow,
https://www.geipan.fr/fr/cas/1984-12-01044,1984-12-01044,https://www.geipan.fr/fr/cas/1984-12-01044,DOWNLOADED,24390,cb4da3cf06221d7e64cef811871c9f41883a5f59c3ac2f77ff716d30b28e1009,"VILLERS-LES-LUXEUIL, MARNANS (70, 38) 14.12.1984 | GEIPAN Orange arrow icon Orange arrow icon Orange arrow icon Arrow",
https://www.geipan.fr/fr/cas/1985-01-01045,1985-01-01045,https://www.geipan.fr/fr/cas/1985-01-01045,DOWNLOADED,18397,a66f9a9d7fe67c5a8b237ff4d4c4675d8808bc26ad7d845f755c0475a45e6b44,VAL-DE-REUIL (27) 06.01.1985 | GEIPAN Orange arrow icon Orange arrow icon Orange arrow icon Arrow,
https://www.geipan.fr/fr/cas/1985-01-01046,1985-01-01046,https://www.geipan.fr/fr/cas/1985-01-01046,DOWNLOADED,24088,dda73f85d6273cc4ef200a37b3982b4676eb23e216da4eec64399d9cf586e6fe,BEDOIN (84) 14.01.1985 | GEIPAN Orange arrow icon Orange arrow icon Orange arrow icon Arrow,
https://www.geipan.fr/fr/cas/1985-01-01047,1985-01-01047,https://www.geipan.fr/fr/cas/1985-01-01047,DOWNLOADED,19173,8f671125b3d21dcb8bb2756b8408ea3df90800054b8f3b264ad73c7d0631ef53,COSNE D'ALLIER (03) 21.01.1985 | GEIPAN Orange arrow icon Orange arrow icon Orange arrow icon Arrow,
https://www.geipan.fr/fr/cas/1985-01-01048,1985-01-01048,https://www.geipan.fr/fr/cas/1985-01-01048,DOWNLOADED,23287,d16b35bdfa40a609e13bed8b653db8fec371da80068ac486b9e3c0cc0e271bc6,(DPT) LOT (46) 24.01.1985 | GEIPAN Orange arrow icon Orange arrow icon Orange arrow icon Arrow,
https://www.geipan.fr/fr/cas/1985-01-01049,1985-01-01049,https://www.geipan.fr/fr/cas/1985-01-01049,DOWNLOADED,19081,213e78b1f1311f8ba4887690dee0161891f82bd48feb00f429276f0d6553c71f,MOIRANS EN MONTAGNE (39) 1985 | GEIPAN Orange arrow icon Orange arrow icon Orange arrow icon Arrow,
https://www.geipan.fr/fr/cas/1985-01-01050,1985-01-01050,https://www.geipan.fr/fr/cas/1985-01-01050,DOWNLOADED,20433,7d6053a6accbc23da330f904f2a9c96f43f6f23fd8f8d356dadc197c4d4daf21,ABONDANCE (74) 22.02.1985 | GEIPAN Orange arrow icon Orange arrow icon Orange arrow icon Arrow,
https://www.geipan.fr/fr/cas/1985-01-01723,1985-01-01723,https://www.geipan.fr/fr/cas/1985-01-01723,DOWNLOADED,18437,5f9c2746d8b55e3b3ffe3b9e52f631babdb1122af49acd793c903b28f45e57df,PRUSLY-SUR-OURCE (21) 24.01.1985 | GEIPAN Orange arrow icon Orange arrow icon Orange arrow icon Arrow,
https://www.geipan.fr/fr/cas/1985-02-01052,1985-02-01052,https://www.geipan.fr/fr/cas/1985-02-01052,DOWNLOADED,22495,e7571176dfb82969e2d1cfb046237f6d06f768bed2b625f23b7b3424ff1b8721,UREPEL (64) 02.02.1985 | GEIPAN Orange arrow icon Orange arrow icon Orange arrow icon Arrow,
https://www.geipan.fr/fr/cas/1985-02-01056,1985-02-01056,https://www.geipan.fr/fr/cas/1985-02-01056,DOWNLOADED,18797,dd70c299acba4090d87c8bc8f7cb53a69ce3836e8d362a608c142ff4ff626029,LANNILIS (29) 1985 | GEIPAN Orange arrow icon Orange arrow icon Orange arrow icon Arrow,
https://www.geipan.fr/fr/cas/1985-02-01057,1985-02-01057,https://www.geipan.fr/fr/cas/1985-02-01057,DOWNLOADED,18438,da845351445e7a0de659dd9709149e8f2d15c247ad197678e980a105b05aacbd,TOURCOING (59) 14.02.1985 | GEIPAN Orange arrow icon Orange arrow icon Orange arrow icon Arrow,
https://www.geipan.fr/fr/cas/1985-02-01059,1985-02-01059,https://www.geipan.fr/fr/cas/1985-02-01059,DOWNLOADED,18942,5b54e6add3bdaef600ab9013eff92e2c9756edb204b4257890c010d6f60ea763,OUZOUER SUR LOIRE (45) 1985 | GEIPAN Orange arrow icon Orange arrow icon Orange arrow icon Arrow,
https://www.geipan.fr/fr/cas/1985-02-01060,1985-02-01060,https://www.geipan.fr/fr/cas/1985-02-01060,DOWNLOADED,18777,10789d8483249ac48d1ce9b4e61484bb00836e6d86a8cbcd753977116f0ee78d,BAIS (53) 1985 | GEIPAN Orange arrow icon Orange arrow icon Orange arrow icon Arrow,
https://www.geipan.fr/fr/cas/1985-02-01062,1985-02-01062,https://www.geipan.fr/fr/cas/1985-02-01062,DOWNLOADED,19045,2f137aa416f94f4fdb52aa480dc714221b3868f4e0006e1c4110ba7908231424,FALAISE (14) 1985 | GEIPAN Orange arrow icon Orange arrow icon Orange arrow icon Arrow,
https://www.geipan.fr/fr/cas/1985-02-01063,1985-02-01063,https://www.geipan.fr/fr/cas/1985-02-01063,DOWNLOADED,21438,3f63ead2de0afef1e740107f742eb4508787e6470976b83091ea0f2f1c4d9772,SAINT-SULPICE-DE-ROYAN (17) 25.02.1985 | GEIPAN Orange arrow icon Orange arrow icon Orange arrow icon Arrow,
https://www.geipan.fr/fr/cas/1985-02-01724,1985-02-01724,https://www.geipan.fr/fr/cas/1985-02-01724,DOWNLOADED,18533,7851a389a40109e2ddc97506bcbd75fd7615452c5c10a93a5bd73ae56fd15ff8,PRALOGNAN-LA-VANOISE (73) 01.02.1985 | GEIPAN Orange arrow icon Orange arrow icon Orange arrow icon Arrow,
https://www.geipan.fr/fr/cas/1985-03-01065,1985-03-01065,https://www.geipan.fr/fr/cas/1985-03-01065,DOWNLOADED,18356,2479114fb502415e8b15129885be55d733d3408c320158e9be19664acb97a57d,MONTPELLIER (34) 06.03.1985 | GEIPAN Orange arrow icon Orange arrow icon Orange arrow icon Arrow,
https://www.geipan.fr/fr/cas/1985-03-01066,1985-03-01066,https://www.geipan.fr/fr/cas/1985-03-01066,DOWNLOADED,18524,d27ecf5509653834d0c867f9ca025afdedbb2706eb0f077b3169f91b1ba90680,NANTERRE (92) 08.03.1985 | GEIPAN Orange arrow icon Orange arrow icon Orange arrow icon Arrow,
https://www.geipan.fr/fr/cas/1985-03-01673,1985-03-01673,https://www.geipan.fr/fr/cas/1985-03-01673,DOWNLOADED,18671,dd41168bd63ba316d2d5e003c1d36d2237f2cc7f9606414e2143c6a433049219,SAINT-SEINE L'ABBAYE (21) 1985 | GEIPAN Orange arrow icon Orange arrow icon Orange arrow icon Arrow,
https://www.geipan.fr/fr/cas/1985-04-01067,1985-04-01067,https://www.geipan.fr/fr/cas/1985-04-01067,DOWNLOADED,19025,8951ab32be0a1a1076efff6540b4c4e049a54ddad39d6c57f119e2997b9e8dfb,GRANDRIEU (48) 1985 | GEIPAN Orange arrow icon Orange arrow icon Orange arrow icon Arrow,
https://www.geipan.fr/fr/cas/1985-05-01068,1985-05-01068,https://www.geipan.fr/fr/cas/1985-05-01068,DOWNLOADED,24790,591295818d6a6d82691eb7f4853092f572e412575066dad32586fb16d4eabfdb,SAINT-MALO-DES-TROIS-FONTAINES (56) 25.05.1985 | GEIPAN Orange arrow icon Orange arrow icon Orange arrow icon Arrow,
https://www.geipan.fr/fr/cas/1985-06-01069,1985-06-01069,https://www.geipan.fr/fr/cas/1985-06-01069,DOWNLOADED,18305,4847954d777c896861f6e60aa2b65ca11d54958af3e3354fec54e91f0715c286,GAN (64) 05.06.1985 | GEIPAN Orange arrow icon Orange arrow icon Orange arrow icon Arrow,
https://www.geipan.fr/fr/cas/1985-06-01070,1985-06-01070,https://www.geipan.fr/fr/cas/1985-06-01070,DOWNLOADED,18564,f0b1982abb1b154c552e9aa22e3752b17d5fe05a10c8792fd2759d6ba78a7bcd,MOUCHY-LE-CHATEL (60) 26.06.1985 | GEIPAN Orange arrow icon Orange arrow icon Orange arrow icon Arrow,
https://www.geipan.fr/fr/cas/1985-07-01072,1985-07-01072,https://www.geipan.fr/fr/cas/1985-07-01072,DOWNLOADED,19219,31f1db314a75406063e56e7cc86d433efb583771a478c2dfce6666dbb324b855,SAINT-GERMAIN (10) 20.07.1985 | GEIPAN Orange arrow icon Orange arrow icon Orange arrow icon Arrow,
https://www.geipan.fr/fr/cas/1985-07-01073,1985-07-01073,https://www.geipan.fr/fr/cas/1985-07-01073,DOWNLOADED,23675,f41818aad84210fb07e2bb5e403aae51ee30a3339aef3161472ad49ece91d2a9,PLOERMEL (56) 22.07.1985 | GEIPAN Orange arrow icon Orange arrow icon Orange arrow icon Arrow,
https://www.geipan.fr/fr/cas/1985-07-09142,1985-07-09142,https://www.geipan.fr/fr/cas/1985-07-09142,DOWNLOADED,19910,48fb0640db9d47d5f6e4d97ed16269b197a28545b294fc44d0b4c7273e952f10,PLOEMEUR (56) 22.07.1985 | GEIPAN Orange arrow icon Orange arrow icon Orange arrow icon Arrow,
https://www.geipan.fr/fr/cas/1985-08-01074,1985-08-01074,https://www.geipan.fr/fr/cas/1985-08-01074,DOWNLOADED,18628,afe5c219ae4276e5fb90b26ae203cd74267243e57391952d2ccab7b762e2d2f9,BARRAS (04) 01.08.1985 | GEIPAN Orange arrow icon Orange arrow icon Orange arrow icon Arrow,
https://www.geipan.fr/fr/cas/1985-09-01076,1985-09-01076,https://www.geipan.fr/fr/cas/1985-09-01076,DOWNLOADED,23423,f212a0de91384b0737e6f08b12975759a8e4afc6e3a04cf1765077af6c9c9910,RENTREE ATMOSPHERIQUE (69) 03.09.1985 | GEIPAN Orange arrow icon Orange arrow icon Orange arrow icon Arrow,
https://www.geipan.fr/fr/cas/1985-09-01077,1985-09-01077,https://www.geipan.fr/fr/cas/1985-09-01077,DOWNLOADED,18341,2da1e7b468a6de33b3adcc238bd877d5f11f7c45f8752c1aafc3600b0c09d3cc,DOLE (39) 12.09.1985 | GEIPAN Orange arrow icon Orange arrow icon Orange arrow icon Arrow,
https://www.geipan.fr/fr/cas/1985-09-01078,1985-09-01078,https://www.geipan.fr/fr/cas/1985-09-01078,DOWNLOADED,19522,1bc9222fb7e1e72190963c5ce285625b0a29012a26afacf327e410a2c8731759,SAINT-PIERRE (974) 1985 | GEIPAN Orange arrow icon Orange arrow icon Orange arrow icon Arrow,
https://www.geipan.fr/fr/cas/1985-09-01079,1985-09-01079,https://www.geipan.fr/fr/cas/1985-09-01079,DOWNLOADED,18527,3a79b585dc7e428c5372571f036015d4c5c1d185a423c82adcb8a51799f60f54,REVENTIN-VAUGRIS (38) 14.09.1985 | GEIPAN Orange arrow icon Orange arrow icon Orange arrow icon Arrow,
https://www.geipan.fr/fr/cas/1985-09-01080,1985-09-01080,https://www.geipan.fr/fr/cas/1985-09-01080,DOWNLOADED,19448,9d5cb2b7b1532eb52721a06ce8b98bacfdee4f438b32a4f3b1794e0bea09aa93,MARSEILLE (13) 1985 | GEIPAN Orange arrow icon Orange arrow icon Orange arrow icon Arrow,
https://www.geipan.fr/fr/cas/1985-09-01081,1985-09-01081,https://www.geipan.fr/fr/cas/1985-09-01081,DOWNLOADED,18817,6864986ac897319f2792c3a181a1bc5f095c4c3d4476ba52df1cc44d1f53cec8,BARJAC (07) 1985 | GEIPAN Orange arrow icon Orange arrow icon Orange arrow icon Arrow,
https://www.geipan.fr/fr/cas/1985-10-01082,1985-10-01082,https://www.geipan.fr/fr/cas/1985-10-01082,DOWNLOADED,19236,dfd58f96d47a50873c160804eaed80275edb4fb4fd348914c0d1f0c5c2c3c3b9,CAHORS (46) 1985 | GEIPAN Orange arrow icon Orange arrow icon Orange arrow icon Arrow,
https://www.geipan.fr/fr/cas/1985-10-01083,1985-10-01083,https://www.geipan.fr/fr/cas/1985-10-01083,DOWNLOADED,18772,eb95631013dd22209264f65eec06fbf59820f31683bc8f5586a4fd9caa9f384a,DANNEMARIE (68) 1985 | GEIPAN Orange arrow icon Orange arrow icon Orange arrow icon Arrow,
https://www.geipan.fr/fr/cas/1985-11-01085,1985-11-01085,https://www.geipan.fr/fr/cas/1985-11-01085,DOWNLOADED,18713,b90698e6923cf931fc79fb9505fd9d9db26241e39a82013f2871ada091e0672a,FRESNES (94) 16.11.1985 | GEIPAN Orange arrow icon Orange arrow icon Orange arrow icon Arrow,
https://www.geipan.fr/fr/cas/1985-12-01086,1985-12-01086,https://www.geipan.fr/fr/cas/1985-12-01086,DOWNLOADED,18969,31f88fa71d9ede9cfbad6d675ecb6106ec50d317bd05f6333e0e7f324c1b7945,VILLERS BOCAGE (80) 1985 | GEIPAN Orange arrow icon Orange arrow icon Orange arrow icon Arrow,
https://www.geipan.fr/fr/cas/1986-01-01087,1986-01-01087,https://www.geipan.fr/fr/cas/1986-01-01087,DOWNLOADED,18436,9b06bde33d5b2c33809473bb0e3db03810d5473ee3f53c89d5f1b69a27ff6f96,VANNAIRE (21) 03.01.1986 | GEIPAN Orange arrow icon Orange arrow icon Orange arrow icon Arrow,
https://www.geipan.fr/fr/cas/1986-03-01088,1986-03-01088,https://www.geipan.fr/fr/cas/1986-03-01088,DOWNLOADED,18914,341f2764252be1ba5376141585ec50219f687e845e6e992c283db9d0d2f32c84,MAISONNAIS-SUR-TARDOIRE (87) 01.03.1986 | GEIPAN Orange arrow icon Orange arrow icon Orange arrow icon Arrow,
https://www.geipan.fr/fr/cas/1986-03-01090,1986-03-01090,https://www.geipan.fr/fr/cas/1986-03-01090,DOWNLOADED,18441,bf915ffcdbe5c222884fff59f6631bcd44c3ed558bf09c8fb504aa786af8e8ef,SAUSSAY (28) 17.03.1986 | GEIPAN Orange arrow icon Orange arrow icon Orange arrow icon Arrow,
https://www.geipan.fr/fr/cas/1986-03-01091,1986-03-01091,https://www.geipan.fr/fr/cas/1986-03-01091,DOWNLOADED,18583,36833b9358b767a0d990083c49fdc6aa7715c73b3df9311d9cc100ce039a725c,[D929] vers SARRANCOLIN (65) 22.03.1986 | GEIPAN Orange arrow icon Orange arrow icon Orange arrow icon Arrow,
https://www.geipan.fr/fr/cas/1986-04-01092,1986-04-01092,https://www.geipan.fr/fr/cas/1986-04-01092,DOWNLOADED,18292,5d071f621ffd945dc9184ea3cd5de7ef31f1e37cd2c338d74bd6ab0e5d292028,MULHOUSE (68) 14.04.1986 | GEIPAN Orange arrow icon Orange arrow icon Orange arrow icon Arrow,
https://www.geipan.fr/fr/cas/1986-04-01093,1986-04-01093,https://www.geipan.fr/fr/cas/1986-04-01093,DOWNLOADED,18435,01a1aa147c1185487bbb5d1a920a080fc7f356a20a19ceafd68db46ae53b69a5,MASSY (91) 1986 | GEIPAN Orange arrow icon Orange arrow icon Orange arrow icon Arrow,
https://www.geipan.fr/fr/cas/1986-07-08173,1986-07-08173,https://www.geipan.fr/fr/cas/1986-07-08173,DOWNLOADED,18786,cfef84429bf3961e86618043e6d8400c4d64aebf6562099d62d7a09570bcc773,CAZALS (82) 28.07.1986 | GEIPAN Orange arrow icon Orange arrow icon Orange arrow icon Arrow,
https://www.geipan.fr/fr/cas/1986-08-08648,1986-08-08648,https://www.geipan.fr/fr/cas/1986-08-08648,DOWNLOADED,19161,ec1f8e17b0c47ce0c371c1ab8c29eb11f8b701c29313cc41ad6b1be9940384a8,NOYON (60) --.08.1986 | GEIPAN Orange arrow icon Orange arrow icon Orange arrow icon Arrow,
https://www.geipan.fr/fr/cas/1986-09-01097,1986-09-01097,https://www.geipan.fr/fr/cas/1986-09-01097,DOWNLOADED,18688,5efd1a63df11df088d835aa682b9929a769ec4c0bd97bd6ba6b26cf365606798,IVRY SUR SEINE (94) 1986 | GEIPAN Orange arrow icon Orange arrow icon Orange arrow icon Arrow,
https://www.geipan.fr/fr/cas/1986-09-02382,1986-09-02382,https://www.geipan.fr/fr/cas/1986-09-02382,DOWNLOADED,21178,0e30f58bff289071574b5d37f4276f74630e6a83acfcac557f96037c4f2c3611,VELIZY-VILLACOUBLAY (78) 15.09.1986 | GEIPAN Orange arrow icon Orange arrow icon Orange arrow icon Arrow,
https://www.geipan.fr/fr/cas/1986-10-01098,1986-10-01098,https://www.geipan.fr/fr/cas/1986-10-01098,DOWNLOADED,18511,67c6452f76dc012cfa1f8d7ce2dc63d55656cdbeaa0ce7304e2ce884840e96a5,VILLEMOMBLE (93) 06.10.1986 | GEIPAN Orange arrow icon Orange arrow icon Orange arrow icon Arrow,
https://www.geipan.fr/fr/cas/1986-10-01100,1986-10-01100,https://www.geipan.fr/fr/cas/1986-10-01100,DOWNLOADED,18461,2d24efabc7bb44af965eba44e390d539293d835aaa5f8e67f75d8b8fb40157b8,CACHAN (94) 20.10.1986 | GEIPAN Orange arrow icon Orange arrow icon Orange arrow icon Arrow,
https://www.geipan.fr/fr/cas/1986-11-01101,1986-11-01101,https://www.geipan.fr/fr/cas/1986-11-01101,DOWNLOADED,21259,b725bd9044aeee9ed82aaa7499987b466b004036daee2ba449125cd8b3d81770,VENDIN-LE-VIEL (62) HENIN-BEAUMONT (62) 12.11.1986 | GEIPAN Orange arrow icon Orange arrow icon Orange arrow icon Arrow,
https://www.geipan.fr/fr/cas/1986-11-01102,1986-11-01102,https://www.geipan.fr/fr/cas/1986-11-01102,DOWNLOADED,19213,f8f515cd0e6c7460cfb527878fa72508c6a7c86954458a5c74570307469b5dd2,PRE EN PAIL (53) 1986 | GEIPAN Orange arrow icon Orange arrow icon Orange arrow icon Arrow,
https://www.geipan.fr/fr/cas/1987-01-01103,1987-01-01103,https://www.geipan.fr/fr/cas/1987-01-01103,DOWNLOADED,18875,105bec9b92c551c8768cb4c82b39bb6391fdad10bc5aa9dab2531ed3a79b8a0c,DREUX (28) 1987 | GEIPAN Orange arrow icon Orange arrow icon Orange arrow icon Arrow,
https://www.geipan.fr/fr/cas/1987-03-01104,1987-03-01104,https://www.geipan.fr/fr/cas/1987-03-01104,DOWNLOADED,19031,25c32e9abea6dbbcccc986545a03fdd90b2fc0e0187c1b4764ae39c1e685bb70,(DEP) CORSE-DU-SUD (2A) 08.03.1987 | GEIPAN Orange arrow icon Orange arrow icon Orange arrow icon Arrow,
https://www.geipan.fr/fr/cas/1987-03-01105,1987-03-01105,https://www.geipan.fr/fr/cas/1987-03-01105,DOWNLOADED,18377,db4494a0a01f3de84083edaf8a33c36b67a057dd7fb63ecccfa233b48a17a2a4,SELONCOURT (25) 12.03.1987 | GEIPAN Orange arrow icon Orange arrow icon Orange arrow icon Arrow,
https://www.geipan.fr/fr/cas/1987-07-01106,1987-07-01106,https://www.geipan.fr/fr/cas/1987-07-01106,DOWNLOADED,18413,d7f4462349b1e8cb1d11a0eb780029621cd1225116beccae5c881e5f509e83b5,LANDSER (68) 09.07.1987 | GEIPAN Orange arrow icon Orange arrow icon Orange arrow icon Arrow,
https://www.geipan.fr/fr/cas/1987-07-01107,1987-07-01107,https://www.geipan.fr/fr/cas/1987-07-01107,DOWNLOADED,18289,4488ba89887a4983d708ab6c2e31788ffac57151863f117da4a7549324d802c8,TOULON SUR ARROUX (71) 1987 | GEIPAN Orange arrow icon Orange arrow icon Orange arrow icon Arrow,
https://www.geipan.fr/fr/cas/1987-09-01108,1987-09-01108,https://www.geipan.fr/fr/cas/1987-09-01108,DOWNLOADED,21842,34e10c426d4ad0ba423dbc2228b149c5af2f4ba3c15b4eb8578f23b5da6d3baa,RENTREE ATMOSPHERIQUE — NATIONAL (FR) 01.09.1987 | GEIPAN Orange arrow icon Orange arrow icon Orange arrow icon Arrow,
https://www.geipan.fr/fr/cas/1987-09-01110,1987-09-01110,https://www.geipan.fr/fr/cas/1987-09-01110,DOWNLOADED,21518,80025cb90c323ee072b8581d81608624b5997cbc27a40a50e31d4ac30559a401,NORT-SUR-ERDRE (44) 07.09.1987 « JOE LE TAXI » | GEIPAN Orange arrow icon Orange arrow icon Orange arrow icon Arrow,
https://www.geipan.fr/fr/cas/1987-09-01111,1987-09-01111,https://www.geipan.fr/fr/cas/1987-09-01111,DOWNLOADED,25734,90011ed1e3bb9377f7c67f7c752d7ece20c507e30fbb84f0cde6f43130b8e5f5,(DEP) CHER (18) 18.08.1987 | GEIPAN Orange arrow icon Orange arrow icon Orange arrow icon Arrow,
https://www.geipan.fr/fr/cas/1987-09-01113,1987-09-01113,https://www.geipan.fr/fr/cas/1987-09-01113,DOWNLOADED,18436,f284988e66e616300f4b2b1996d50627c5a905970ebf0fda894b7faf1f6aa0c0,ARRAS (62) 29.09.1987 | GEIPAN Orange arrow icon Orange arrow icon Orange arrow icon Arrow,
https://www.geipan.fr/fr/cas/1987-10-01114,1987-10-01114,https://www.geipan.fr/fr/cas/1987-10-01114,DOWNLOADED,18819,3ebacfd258e7fb98bc116ab0247d4dcea994db5a486fd7a6674fe6cd14e3a7b8,VERNOUX EN VIVARAIS (07) 1987 | GEIPAN Orange arrow icon Orange arrow icon Orange arrow icon Arrow,
https://www.geipan.fr/fr/cas/1987-10-01116,1987-10-01116,https://www.geipan.fr/fr/cas/1987-10-01116,DOWNLOADED,18484,12a7fe28240153c0da64546b7cd4d98e7dcf8a5dd6dadcfe52c0f5265d560a15,GUEUTTEVILLE-LES-GRES (76) 04.10.1987 | GEIPAN Orange arrow icon Orange arrow icon Orange arrow icon Arrow,
https://www.geipan.fr/fr/cas/1987-11-01118,1987-11-01118,https://www.geipan.fr/fr/cas/1987-11-01118,DOWNLOADED,23898,8395477373b59845628e8923339c3991d9f8caa8cd175c2e889d507bae94e4c6,MONTFORT-SUR-MEU (35) 27.11.1987 | GEIPAN Orange arrow icon Orange arrow icon Orange arrow icon Arrow,
https://www.geipan.fr/fr/cas/1987-12-01119,1987-12-01119,https://www.geipan.fr/fr/cas/1987-12-01119,DOWNLOADED,18342,05c9e50054de1db8641c4bd6c4495dbbc76858ee67982e160f5ce524b89fcc50,TOURCOING (59) 08.12.1987 | GEIPAN Orange arrow icon Orange arrow icon Orange arrow icon Arrow,
https://www.geipan.fr/fr/cas/1987-12-01120,1987-12-01120,https://www.geipan.fr/fr/cas/1987-12-01120,DOWNLOADED,19448,395aefa59af0d9fd28c5089058a6b5cb0a19b4eb86780d18d62b5c9548c0154e,MOUSSAN (11) 12.12.1987 | GEIPAN Orange arrow icon Orange arrow icon Orange arrow icon Arrow,
https://www.geipan.fr/fr/cas/1988-01-01121,1988-01-01121,https://www.geipan.fr/fr/cas/1988-01-01121,DOWNLOADED,21684,5724bb550c97b1701164fc05897811ec50a72f7601eee46d8594c9677e8435fa,HAYANGE (57) 17.01.1988 | GEIPAN Orange arrow icon Orange arrow icon Orange arrow icon Arrow,
https://www.geipan.fr/fr/cas/1988-01-01123,1988-01-01123,https://www.geipan.fr/fr/cas/1988-01-01123,DOWNLOADED,18123,de6ea80474f27348f0aeedc54142469966a967c8ffbc4aebfb2a542cb40af439,PORT-LA-NOUVELLE (11) 26.01.1988 | GEIPAN Orange arrow icon Orange arrow icon Orange arrow icon Arrow,
https://www.geipan.fr/fr/cas/1988-02-01125,1988-02-01125,https://www.geipan.fr/fr/cas/1988-02-01125,DOWNLOADED,18409,49741df0c345268c1a5498bab78cc9830cbd59b94b9afe709810b76045cde51e,CALAIS (62) 1988 | GEIPAN Orange arrow icon Orange arrow icon Orange arrow icon Arrow,
https://www.geipan.fr/fr/cas/1988-02-01126,1988-02-01126,https://www.geipan.fr/fr/cas/1988-02-01126,DOWNLOADED,18541,5d8d86d0adfbdbba8d64dc43b346ee1009946ece4b0a95d74d4c20ab0ef893fc,GIVRY (71) 06.02.1988 | GEIPAN Orange arrow icon Orange arrow icon Orange arrow icon Arrow,
https://www.geipan.fr/fr/cas/1988-03-01130,1988-03-01130,https://www.geipan.fr/fr/cas/1988-03-01130,DOWNLOADED,18503,d62cf8ad8ad8acde184b2997f4f558472bef4843b6cf6d344e48eb29fc2158ec,VALENSOLE (04) 12.03.1988 | GEIPAN Orange arrow icon Orange arrow icon Orange arrow icon Arrow,
https://www.geipan.fr/fr/cas/1988-03-01131,1988-03-01131,https://www.geipan.fr/fr/cas/1988-03-01131,DOWNLOADED,18327,6521c5f8e407ed648d202e66ae76b31f9779bd197bad4ca1d84d2b35007356e1,LOPERHET (29) 22.09.1988 | GEIPAN Orange arrow icon Orange arrow icon Orange arrow icon Arrow,
https://www.geipan.fr/fr/cas/1988-04-01133,1988-04-01133,https://www.geipan.fr/fr/cas/1988-04-01133,DOWNLOADED,18548,4d3b05d6c5b81b30b56ce4f641ef98d71e6e8afd086087621675d97f611c2926,MARINES (95) 1988 | GEIPAN Orange arrow icon Orange arrow icon Orange arrow icon Arrow,
https://www.geipan.fr/fr/cas/1988-04-01134,1988-04-01134,https://www.geipan.fr/fr/cas/1988-04-01134,DOWNLOADED,18377,79ab701ce32ca20efe3d77c7d96116e45037df9362f0df453397f2648017edfe,NANCY (54) 21.04.1988 | GEIPAN Orange arrow icon Orange arrow icon Orange arrow icon Arrow,
https://www.geipan.fr/fr/cas/1988-04-02015,1988-04-02015,https://www.geipan.fr/fr/cas/1988-04-02015,DOWNLOADED,19580,dfcf27d13fc630f900c3c3deb888bb0ffc30302118470fb26b43fdbe1f892f1d,JOUARS-PONTCHARTRAIN (78) --.--.198- | GEIPAN Orange arrow icon Orange arrow icon Orange arrow icon Arrow,
https://www.geipan.fr/fr/cas/1988-05-01135,1988-05-01135,https://www.geipan.fr/fr/cas/1988-05-01135,DOWNLOADED,18465,ce565be3172b3981eb51a2a8821660f5b110f933357e155fa7faa98b98cee216,ROCHEFORT SUR MER (17) 1988 | GEIPAN Orange arrow icon Orange arrow icon Orange arrow icon Arrow,
https://www.geipan.fr/fr/cas/1988-06-01136,1988-06-01136,https://www.geipan.fr/fr/cas/1988-06-01136,DOWNLOADED,22798,8c788c83e9910073b8fd1bed29841d6409f1fa2575e5febc39330a9ca9a9eb69,HULLUCH (62) 28.06.1988 | GEIPAN Orange arrow icon Orange arrow icon Orange arrow icon Arrow,
https://www.geipan.fr/fr/cas/1988-07-01138,1988-07-01138,https://www.geipan.fr/fr/cas/1988-07-01138,DOWNLOADED,18290,06636ec97b93662957a9479bc17743bd50006f46c4a2ba3f779b7351f8186e6d,BROMMAT (12) 18.07.1988 | GEIPAN Orange arrow icon Orange arrow icon Orange arrow icon Arrow,
https://www.geipan.fr/fr/cas/1988-07-01139,1988-07-01139,https://www.geipan.fr/fr/cas/1988-07-01139,DOWNLOADED,18478,8c187e62eaf6745a86b2a3c6ba2191cb62551b43238a82e9166bf8f156670744,REVIGNY SUR ORNAIN (55) 1988 | GEIPAN Orange arrow icon Orange arrow icon Orange arrow icon Arrow,
https://www.geipan.fr/fr/cas/1988-08-01140,1988-08-01140,https://www.geipan.fr/fr/cas/1988-08-01140,DOWNLOADED,18420,e9a6d4d93384b8d42cb69c18d3787c8172867640693783d0c059369f3d1a9168,SAINTE-MAXIME (83) 06.08.1988 | GEIPAN Orange arrow icon Orange arrow icon Orange arrow icon Arrow,
https://www.geipan.fr/fr/cas/1988-08-01141,1988-08-01141,https://www.geipan.fr/fr/cas/1988-08-01141,DOWNLOADED,24513,698782569f3270233f8a46c9562ff22be37242a320c86305bd09f827e99e8dde,MOREZ (39) 11.08.1988 | GEIPAN Orange arrow icon Orange arrow icon Orange arrow icon Arrow,
https://www.geipan.fr/fr/cas/1988-08-01142,1988-08-01142,https://www.geipan.fr/fr/cas/1988-08-01142,DOWNLOADED,18204,ec1144163db1253d05bd3a822a3761f4b8c0c5bdcfc74c842cc9c3839a57152e,MAISONS-ALFORT (94) 13.08.1988 | GEIPAN Orange arrow icon Orange arrow icon Orange arrow icon Arrow,
https://www.geipan.fr/fr/cas/1988-08-01143,1988-08-01143,https://www.geipan.fr/fr/cas/1988-08-01143,DOWNLOADED,18374,e00319c2701392392e081f74ccda87b7f72d596d478e802641a4de0d09009b43,BRIGNOLES (83) 17.08.1988 | GEIPAN Orange arrow icon Orange arrow icon Orange arrow icon Arrow,
https://www.geipan.fr/fr/cas/1988-08-01144,1988-08-01144,https://www.geipan.fr/fr/cas/1988-08-01144,DOWNLOADED,18726,fcf37591b7a4482503b1e9db4c5f990a1bf6efcf65e50bec53459262bc28f33a,NONTRON (24) 09.08.1988 | GEIPAN Orange arrow icon Orange arrow icon Orange arrow icon Arrow,
https://www.geipan.fr/fr/cas/1988-09-01146,1988-09-01146,https://www.geipan.fr/fr/cas/1988-09-01146,DOWNLOADED,25042,a87581fb0aa81b9e61fd049918d39d9f3f58a05a72b1646732ba64a6e5a6c577,BOURGOGNE SEPTEMBRE 1988 | GEIPAN Orange arrow icon Orange arrow icon Orange arrow icon Arrow,
https://www.geipan.fr/fr/cas/1988-09-01147,1988-09-01147,https://www.geipan.fr/fr/cas/1988-09-01147,DOWNLOADED,18390,0f0d8452c9382f1be2a07d95fa98bd542191f9584b3b1509894b710a6d5b472c,SELONCOURT (25) 07.09.1988 | GEIPAN Orange arrow icon Orange arrow icon Orange arrow icon Arrow,
https://www.geipan.fr/fr/cas/1988-09-01148,1988-09-01148,https://www.geipan.fr/fr/cas/1988-09-01148,DOWNLOADED,20174,50c6f2eacb0cc4f8dce579606911a0bb65205163d1946b99ec19e1f4dc283560,"TOURNAI-SUR-DIVE (61), SAINT-LAMBERT-SUR-DIVE (61) 06.09.1988 | GEIPAN Orange arrow icon Orange arrow icon Orange arrow icon Arrow",
https://www.geipan.fr/fr/cas/1988-10-01149,1988-10-01149,https://www.geipan.fr/fr/cas/1988-10-01149,DOWNLOADED,18659,c1add6e5a7092c44b69a4a550ffa7bf96f80bea11e70f924e03b45da4630290e,GANNAT (03) 1988 | GEIPAN Orange arrow icon Orange arrow icon Orange arrow icon Arrow,
https://www.geipan.fr/fr/cas/1988-10-01150,1988-10-01150,https://www.geipan.fr/fr/cas/1988-10-01150,DOWNLOADED,18646,cadf17782d73bf614b79d990ca7c6e24ef65b4dfe88a6666cfa19066c0446a56,SAINT-SULPICE-LE-DUNOIS (23) 13.10.1988 | GEIPAN Orange arrow icon Orange arrow icon Orange arrow icon Arrow,
https://www.geipan.fr/fr/cas/1988-10-01151,1988-10-01151,https://www.geipan.fr/fr/cas/1988-10-01151,DOWNLOADED,17847,1376a5458e6920a123d9fc8820b2031a22ba7ac0da90291d5775ba530e3df75a,PISSOS (40) 19.10.1988 | GEIPAN Orange arrow icon Orange arrow icon Orange arrow icon Arrow,
https://www.geipan.fr/fr/cas/1988-10-01152,1988-10-01152,https://www.geipan.fr/fr/cas/1988-10-01152,DOWNLOADED,18664,20bd0875f97405e60f755799226a527f4c3f6389ad7f8cd3da61dc90f904f5c3,SISTERON (04) 20.10.1988 | GEIPAN Orange arrow icon Orange arrow icon Orange arrow icon Arrow,
https://www.geipan.fr/fr/cas/1988-10-01153,1988-10-01153,https://www.geipan.fr/fr/cas/1988-10-01153,DOWNLOADED,22733,b159df166ecb4529fbed7c9cad8cff197c9617cada949c389bbe823c0f38b7aa,NUKU-HIVA (987) 22.10.1988 | GEIPAN Orange arrow icon Orange arrow icon Orange arrow icon Arrow,
https://www.geipan.fr/fr/cas/1988-12-01155,1988-12-01155,https://www.geipan.fr/fr/cas/1988-12-01155,DOWNLOADED,21811,e4fc578953252f519964ce50f8f3553eaaf1ae902aecf446944d66d632b6a42a,SAINT-MICHEL-DE-VILLADEIX (24) 01.12.1988 | GEIPAN Orange arrow icon Orange arrow icon Orange arrow icon Arrow,
https://www.geipan.fr/fr/cas/1988-12-01156,1988-12-01156,https://www.geipan.fr/fr/cas/1988-12-01156,DOWNLOADED,18873,171fe15f5d53aa2914b30f10b36d44e5688ecd908037b66bb5a4600d51d36c69,RUES-DES-VIGNES (LES) (59) 16.12.1988 | GEIPAN Orange arrow icon Orange arrow icon Orange arrow icon Arrow,
https://www.geipan.fr/fr/cas/1988-12-01157,1988-12-01157,https://www.geipan.fr/fr/cas/1988-12-01157,DOWNLOADED,20484,16bdb4f07314c6fd2c0ddab8d6f61543f2763286f871cc23da12b002054551f6,MONTDARDIER (30) 18.12.1988 | GEIPAN Orange arrow icon Orange arrow icon Orange arrow icon Arrow,
https://www.geipan.fr/fr/cas/1988-12-01159,1988-12-01159,https://www.geipan.fr/fr/cas/1988-12-01159,DOWNLOADED,32247,9a2ae50c0c9ba9d379a740b99835181325a82e3990524b49a1dec7aaa965ea29,DEBRIS SPATIAUX (RETOMBEE) — NATIONAL (FR) 21.12.1988 | GEIPAN Orange arrow icon Orange arrow icon Orange arrow icon Arrow,
https://www.geipan.fr/fr/cas/1988-12-02714,1988-12-02714,https://www.geipan.fr/fr/cas/1988-12-02714,DOWNLOADED,19008,11bcd102324be89a838e9efde9872f98992d1ec311519741f216aefad9d18b7b,NOISY-LE-SEC (93) --.12.1988 | GEIPAN Orange arrow icon Orange arrow icon Orange arrow icon Arrow,
https://www.geipan.fr/fr/cas/1988-12-08554,1988-12-08554,https://www.geipan.fr/fr/cas/1988-12-08554,DOWNLOADED,19395,d810e47569d984cd7f73fcc81c739002ba7b2d8275d1e846fdde0479e6b392b1,SAINT-PHILBERT-DE-GRAND-LIEU (44) 04.12.1988 | GEIPAN Orange arrow icon Orange arrow icon Orange arrow icon Arrow,
https://www.geipan.fr/fr/cas/1989-01-01162,1989-01-01162,https://www.geipan.fr/fr/cas/1989-01-01162,DOWNLOADED,18334,7f80f93de8366c5395fd75cf470ce7ffc63e7710e484fa4836eaaa2c4cf7e749,SAINT-MARTIN-DE-BOSCHERVILLE (76) 12.01.1989 | GEIPAN Orange arrow icon Orange arrow icon Orange arrow icon Arrow,
https://www.geipan.fr/fr/cas/1989-01-01164,1989-01-01164,https://www.geipan.fr/fr/cas/1989-01-01164,DOWNLOADED,18954,e319acb154bea333775028a9263a2a3a4851e0e5f7b3a2d5034e3e735179e2b1,SAINT-ANDRE-DE-L'EURE (27) 15.01.1989 | GEIPAN Orange arrow icon Orange arrow icon Orange arrow icon Arrow,
https://www.geipan.fr/fr/cas/1989-01-01165,1989-01-01165,https://www.geipan.fr/fr/cas/1989-01-01165,DOWNLOADED,20246,b6c23e883e3144bc711e4f0d078a8f1609326e1001803dfe41ff7e49fa6cf772,(DPT) CREUSE (23) 27.01.1989 | GEIPAN Orange arrow icon Orange arrow icon Orange arrow icon Arrow,
https://www.geipan.fr/fr/cas/1989-02-01167,1989-02-01167,https://www.geipan.fr/fr/cas/1989-02-01167,DOWNLOADED,21636,cfc2465321e64729c6cd2c194be405eeda16812b3c35854f80b0e1ad1de9869f,SUD OUEST 1989 | GEIPAN Orange arrow icon Orange arrow icon Orange arrow icon Arrow,
https://www.geipan.fr/fr/cas/1989-02-01168,1989-02-01168,https://www.geipan.fr/fr/cas/1989-02-01168,DOWNLOADED,18484,6c4a0f7947baeb4819bef3893c85c65777f94062de759329c8b5bc2d09e75bf2,BALLAISON (74) 07.02.1989 | GEIPAN Orange arrow icon Orange arrow icon Orange arrow icon Arrow,
https://www.geipan.fr/fr/cas/1989-03-01170,1989-03-01170,https://www.geipan.fr/fr/cas/1989-03-01170,DOWNLOADED,19044,fae313b91a6eb1ba450406a6ee7ca00c99399540b3d95198ff8637c12ef51db0,MAYET (72) 03.03.1989 | GEIPAN Orange arrow icon Orange arrow icon Orange arrow icon Arrow,
https://www.geipan.fr/fr/cas/1989-03-01171,1989-03-01171,https://www.geipan.fr/fr/cas/1989-03-01171,DOWNLOADED,18528,6e45c0d5212a59c51bf9f81f6bc495215d5c88637ccd86777cbce7b813095918,FIRMI (12) 12.03.1989 | GEIPAN Orange arrow icon Orange arrow icon Orange arrow icon Arrow,
https://www.geipan.fr/fr/cas/1989-03-01172,1989-03-01172,https://www.geipan.fr/fr/cas/1989-03-01172,DOWNLOADED,20647,c003a9e01578a9e84f19f2e862d4a91ffb2b8793a6d7e36d3cfc94de2db096bc,"AURORE BOREALE — SAINT-PIERRE-QUIBERON, BENNECOURT (56, 78) 13.03.1989 | GEIPAN Orange arrow icon Orange arrow icon Orange arrow icon Arrow",
https://www.geipan.fr/fr/cas/1989-05-01175,1989-05-01175,https://www.geipan.fr/fr/cas/1989-05-01175,DOWNLOADED,18606,a43964041d539c8df848082a756734bab21dda05d9171b31aa589f5378c97c26,CHANAC (48) 1989 | GEIPAN Orange arrow icon Orange arrow icon Orange arrow icon Arrow,
https://www.geipan.fr/fr/cas/1989-05-01176,1989-05-01176,https://www.geipan.fr/fr/cas/1989-05-01176,DOWNLOADED,19568,b3a010b7a2227d86daaac29ea9a22f48d152ba022782e0fb68a08f26727766a1,NEUVELLE-LES-LURE (LA) (70) 30.05.1989 | GEIPAN Orange arrow icon Orange arrow icon Orange arrow icon Arrow,
https://www.geipan.fr/fr/cas/1989-06-01177,1989-06-01177,https://www.geipan.fr/fr/cas/1989-06-01177,DOWNLOADED,18835,8e5e10bcd7346beeeb9e7420e9740ca8a2bdf9d59269c8bb8f70f01cb31fbb0d,MEAUX (77) 1989 | GEIPAN Orange arrow icon Orange arrow icon Orange arrow icon Arrow,
https://www.geipan.fr/fr/cas/1989-06-01178,1989-06-01178,https://www.geipan.fr/fr/cas/1989-06-01178,DOWNLOADED,19317,89e549bb1f46f273c629312de562f4a4c2f14131d3d9bebf6b0334bc1d3badbd,LES SABLES D'OLONNE (85) 28.06.1989 | GEIPAN Orange arrow icon Orange arrow icon Orange arrow icon Arrow,
https://www.geipan.fr/fr/cas/1989-07-01179,1989-07-01179,https://www.geipan.fr/fr/cas/1989-07-01179,DOWNLOADED,22563,c01e8b96c4594707a63ae395d0cbc9f425a457f2c3e704fffba6263774d90b45,« LAC D'OPALE (LE) » ESTAING (65) 18.07.1989 | GEIPAN Orange arrow icon Orange arrow icon Orange arrow icon Arrow,
https://www.geipan.fr/fr/cas/1989-08-01181,1989-08-01181,https://www.geipan.fr/fr/cas/1989-08-01181,DOWNLOADED,18396,5604eb729cd7ea9f4caf9d973931840395bb90b3a9b3720527697473e4905cb4,CONQUET (LE) (29) 19.08.1989 | GEIPAN Orange arrow icon Orange arrow icon Orange arrow icon Arrow,
https://www.geipan.fr/fr/cas/1989-09-01182,1989-09-01182,https://www.geipan.fr/fr/cas/1989-09-01182,DOWNLOADED,18403,005bb76fd033681dc860db305187cf0f07ad12efaf2ef90a03d6f7deacce5d5e,PARIS (75) 05.09.1988 | GEIPAN Orange arrow icon Orange arrow icon Orange arrow icon Arrow,
https://www.geipan.fr/fr/cas/1989-09-01666,1989-09-01666,https://www.geipan.fr/fr/cas/1989-09-01666,DOWNLOADED,20039,ebe3de3d552d3a82f0fe1aba2702af28632c1f7b741bdc6c6e4e89558ae290e3,« LES TUILES » BERTRE (81) 04.09.1989 | GEIPAN Orange arrow icon Orange arrow icon Orange arrow icon Arrow,
https://www.geipan.fr/fr/cas/1989-10-01185,1989-10-01185,https://www.geipan.fr/fr/cas/1989-10-01185,DOWNLOADED,18415,c9a6a3a5d0f8d67f6a035da4f2b1533a2ee3ec0d49ef6c1d088c9a4619e052ee,[AERO CTL] ROCHELLE (LA) (25) --.10.1989 | GEIPAN Orange arrow icon Orange arrow icon Orange arrow icon Arrow,
https://www.geipan.fr/fr/cas/1989-10-01187,1989-10-01187,https://www.geipan.fr/fr/cas/1989-10-01187,DOWNLOADED,22910,276f1c3406b898efaa7b052b6aea82810ff069d504b90801b3b80aee0c92816e,SAINT-PRIEST (07) 14.10.1989 | GEIPAN Orange arrow icon Orange arrow icon Orange arrow icon Arrow,
https://www.geipan.fr/fr/cas/1989-10-01189,1989-10-01189,https://www.geipan.fr/fr/cas/1989-10-01189,DOWNLOADED,18220,bdd8270ad29806f4499887388469a325983a8da3bbb06c03e59f43f2bd2f591c,BENAGUES (09) 26.10.1989 | GEIPAN Orange arrow icon Orange arrow icon Orange arrow icon Arrow,
https://www.geipan.fr/fr/cas/1989-10-01650,1989-10-01650,https://www.geipan.fr/fr/cas/1989-10-01650,DOWNLOADED,18335,1ba32c2984784669ce04e9bc9a78579a9847cbfa872ea25ca066df84d37f28f3,CHATEL-DE-NEUVRE (03) 25.10.1989 | GEIPAN Orange arrow icon Orange arrow icon Orange arrow icon Arrow,
https://www.geipan.fr/fr/cas/1989-10-01668,1989-10-01668,https://www.geipan.fr/fr/cas/1989-10-01668,DOWNLOADED,21591,eff3b460cdd89f047a2f4d063a11b4878be6d7c1f9592bb709c5810918f4fbf8,« LE TROU NORMAND » BRIX (50) 27.10.1989 | GEIPAN Orange arrow icon Orange arrow icon Orange arrow icon Arrow,
https://www.geipan.fr/fr/cas/1989-11-01191,1989-11-01191,https://www.geipan.fr/fr/cas/1989-11-01191,DOWNLOADED,21977,9b6a6aefb5d5830c8aa108705bc444fdc11db039885eda740974d095dae87a6b,MIRECOURT (88) 22.11.1989 | GEIPAN Orange arrow icon Orange arrow icon Orange arrow icon Arrow,
https://www.geipan.fr/fr/cas/1989-11-01192,1989-11-01192,https://www.geipan.fr/fr/cas/1989-11-01192,DOWNLOADED,18458,c99ab52ca286c65189660510137a01f201542e744dc1cbe7d0458ed191d0dd5d,HAVRE (LE) (76) 25.11.1989 | GEIPAN Orange arrow icon Orange arrow icon Orange arrow icon Arrow,
https://www.geipan.fr/fr/cas/1989-11-02475,1989-11-02475,https://www.geipan.fr/fr/cas/1989-11-02475,DOWNLOADED,18755,31f25a7f723fac5fe8abeff5eea425ad924cab214196e10d85a5cd42bc11f8d7,DIEPPE (76) --.11.1989 | GEIPAN Orange arrow icon Orange arrow icon Orange arrow icon Arrow,
https://www.geipan.fr/fr/cas/1990-01-01193,1990-01-01193,https://www.geipan.fr/fr/cas/1990-01-01193,DOWNLOADED,19808,210246fcd81e1fdffb0f38add04e3aeb8a49c267fb47daed8e978096219fe8a2,MAURIAC (15) 1990 | GEIPAN Orange arrow icon Orange arrow icon Orange arrow icon Arrow,
https://www.geipan.fr/fr/cas/1990-01-02287,1990-01-02287,https://www.geipan.fr/fr/cas/1990-01-02287,DOWNLOADED,18351,2b28cdb13bc152bb355dc4f7617b128036e9de8f243aa64be7e61deb1ee218ce,TERNANT (21) --.--.199- | GEIPAN Orange arrow icon Orange arrow icon Orange arrow icon Arrow,
https://www.geipan.fr/fr/cas/1990-02-01195,1990-02-01195,https://www.geipan.fr/fr/cas/1990-02-01195,DOWNLOADED,18311,31482d17c2f73a19edd3133a44e0d3d107a1b8b389b2a835546ed59f3133db9b,ARS SUR MOSELLE (57) 1990 | GEIPAN Orange arrow icon Orange arrow icon Orange arrow icon Arrow,
https://www.geipan.fr/fr/cas/1990-03-01196,1990-03-01196,https://www.geipan.fr/fr/cas/1990-03-01196,DOWNLOADED,18259,a3e30a462eea2f648b8b209ede9153d18eecaacee9bb4182d67b68329d797f21,BINIC (22) 22.03.1990 | GEIPAN Orange arrow icon Orange arrow icon Orange arrow icon Arrow,
https://www.geipan.fr/fr/cas/1990-04-01197,1990-04-01197,https://www.geipan.fr/fr/cas/1990-04-01197,DOWNLOADED,18431,a7508f5aa516551d7ec90ecab681e7dce9cf9f37fcf847bbad4366c49003126b,BLERE (37) 10.04.1990 | GEIPAN Orange arrow icon Orange arrow icon Orange arrow icon Arrow,
https://www.geipan.fr/fr/cas/1990-04-01654,1990-04-01654,https://www.geipan.fr/fr/cas/1990-04-01654,DOWNLOADED,21791,d0d1398eb5b30e99c6fd681f06c917b72386b59da94fd4832514082b98445856,BEAUNE-D'ALLIER (03) 30.04.1990 | GEIPAN Orange arrow icon Orange arrow icon Orange arrow icon Arrow,
https://www.geipan.fr/fr/cas/1990-04-01657,1990-04-01657,https://www.geipan.fr/fr/cas/1990-04-01657,DOWNLOADED,18199,9abbc062cc46e69048c4a769f14ffcf90b60b8ac3ccf5dd43e2a7f3005f04413,CALAIS (62) 19.04.1990 | GEIPAN Orange arrow icon Orange arrow icon Orange arrow icon Arrow,
https://www.geipan.fr/fr/cas/1990-05-01199,1990-05-01199,https://www.geipan.fr/fr/cas/1990-05-01199,DOWNLOADED,18648,1f317531db96ffe4947a3c9516bf29766c681213858b7b752ace52c7ff984d53,THIANT (59) MAI 1990 | GEIPAN Orange arrow icon Orange arrow icon Orange arrow icon Arrow,
https://www.geipan.fr/fr/cas/1990-05-01201,1990-05-01201,https://www.geipan.fr/fr/cas/1990-05-01201,DOWNLOADED,18377,27f5b70ce1801ef5f72856a8b2cdcb60cc4ecf87ca33ef4fb1b19fce7114c082,SIVRY-COURTRY (77) 04.05.1990 | GEIPAN Orange arrow icon Orange arrow icon Orange arrow icon Arrow,
https://www.geipan.fr/fr/cas/1990-05-01204,1990-05-01204,https://www.geipan.fr/fr/cas/1990-05-01204,DOWNLOADED,18606,ed2fd2626be086ea6eb4fa89e6a8b3394d03eae53157bb0327b8408c02c94809,RIBECOURT-DRESLINCOURT (60) 1990 | GEIPAN Orange arrow icon Orange arrow icon Orange arrow icon Arrow,
https://www.geipan.fr/fr/cas/1990-05-01205,1990-05-01205,https://www.geipan.fr/fr/cas/1990-05-01205,DOWNLOADED,18300,38b343b02cd302c6c04d8177990e7f498491d377092edc0f86d6c00c38c139fb,MONTS (37) 26.05.1990 | GEIPAN Orange arrow icon Orange arrow icon Orange arrow icon Arrow,
https://www.geipan.fr/fr/cas/1990-05-01649,1990-05-01649,https://www.geipan.fr/fr/cas/1990-05-01649,DOWNLOADED,22404,3a9797d9e3f18715e19d9276a155474f9cc363796bad19bb0f50044a3a1b06f1,BOU (45) 02.05.1990 | GEIPAN Orange arrow icon Orange arrow icon Orange arrow icon Arrow,
https://www.geipan.fr/fr/cas/1990-05-01651,1990-05-01651,https://www.geipan.fr/fr/cas/1990-05-01651,DOWNLOADED,19329,89c0f0dd76e27c784fcbfc9b4cdaceb9845fabf9eedc0f4b7c951c203f06faa2,PLEINE-FOUGERES (35) 1990 | GEIPAN Orange arrow icon Orange arrow icon Orange arrow icon Arrow,
https://www.geipan.fr/fr/cas/1990-06-01206,1990-06-01206,https://www.geipan.fr/fr/cas/1990-06-01206,DOWNLOADED,21445,c1987397e643ea4d04ff529570d8c2e188048bc664be1498d2324f4732ff7b72,TUBUAI (987) 13.06.1990 | GEIPAN Orange arrow icon Orange arrow icon Orange arrow icon Arrow,
https://www.geipan.fr/fr/cas/1990-06-01825,1990-06-01825,https://www.geipan.fr/fr/cas/1990-06-01825,DOWNLOADED,18687,814feafef406bb78fbffd38c35426fc4409bd566577f2e6cdcaecd53bf5eef00,STRASBOURG (67) --.--.1990 ou 1991 | GEIPAN Orange arrow icon Orange arrow icon Orange arrow icon Arrow,
https://www.geipan.fr/fr/cas/1990-07-01208,1990-07-01208,https://www.geipan.fr/fr/cas/1990-07-01208,DOWNLOADED,23819,f8d76ea7f44aa31bf0b7e2088fad5062ec8480469de5585ddc851968417eadb6,"[MER] LAT 44.76, LON -4.32 (INT) 03.07.1990 | GEIPAN Orange arrow icon Orange arrow icon Orange arrow icon Arrow",
https://www.geipan.fr/fr/cas/1990-07-01209,1990-07-01209,https://www.geipan.fr/fr/cas/1990-07-01209,DOWNLOADED,20684,1b9521a4abce72c075804994b010019aad1cc898d6095f939a0df2a118d58c7c,CAORCHES-SAINT-NICOLAS (27) 06.07.1990 | GEIPAN Orange arrow icon Orange arrow icon Orange arrow icon Arrow,
https://www.geipan.fr/fr/cas/1990-07-01210,1990-07-01210,https://www.geipan.fr/fr/cas/1990-07-01210,DOWNLOADED,20853,4afa34e08a8ae3e15e078dae49b781b5163ca6ef125aaf23e9c4e5b1962b9a8e,(DPT) PAS-DE-CALAIS (62) 17.07.1990 | GEIPAN Orange arrow icon Orange arrow icon Orange arrow icon Arrow,
https://www.geipan.fr/fr/cas/1990-07-02028,1990-07-02028,https://www.geipan.fr/fr/cas/1990-07-02028,DOWNLOADED,19845,89e11cfc8092b8cfb569ea87dd498251fd992383f634f7d6a22bc36c2d086703,ILE-D'OLONNE (L') (85) --.--.199- | GEIPAN Orange arrow icon Orange arrow icon Orange arrow icon Arrow,
https://www.geipan.fr/fr/cas/1990-07-08305,1990-07-08305,https://www.geipan.fr/fr/cas/1990-07-08305,DOWNLOADED,20633,8bea32ecf93523b067c4c39f4cc2f67f885369518fb2778753a8f3c9c64134fc,VILLERS-SAINT-GENEST (60) --.07.1990 | GEIPAN Orange arrow icon Orange arrow icon Orange arrow icon Arrow,
https://www.geipan.fr/fr/cas/1990-08-01211,1990-08-01211,https://www.geipan.fr/fr/cas/1990-08-01211,DOWNLOADED,19523,a30a0d53da70d619cca8229237ca21131ef10595cd7a78e7a687eb9897a759d1,LASSAY-LES-CHATEAUX (53) 19.08.1990 | GEIPAN Orange arrow icon Orange arrow icon Orange arrow icon Arrow,
https://www.geipan.fr/fr/cas/1990-08-01212,1990-08-01212,https://www.geipan.fr/fr/cas/1990-08-01212,DOWNLOADED,18346,9d6e113e4554cc30c03984e93d68689cd97fed4f411e408220d25c3ebc5a9352,ARZENC-DE-RANDON (48) 23.08.1990 | GEIPAN Orange arrow icon Orange arrow icon Orange arrow icon Arrow,
https://www.geipan.fr/fr/cas/1990-09-01214,1990-09-01214,https://www.geipan.fr/fr/cas/1990-09-01214,DOWNLOADED,19033,193473ae57fe4240126b703e820b4e12f94b8056b67a438fa9382effcf67ed95,LONGUENESSE (62) 08.09.1990 | GEIPAN Orange arrow icon Orange arrow icon Orange arrow icon Arrow,
https://www.geipan.fr/fr/cas/1990-09-01215,1990-09-01215,https://www.geipan.fr/fr/cas/1990-09-01215,DOWNLOADED,21796,2dc367896c9d2975d27ecb4778141ffd3b779df006ce35913dd63c2c07d16e39,MOOSCH (68) 19.09.1990 | GEIPAN Orange arrow icon Orange arrow icon Orange arrow icon Arrow,
https://www.geipan.fr/fr/cas/1990-09-01216,1990-09-01216,https://www.geipan.fr/fr/cas/1990-09-01216,DOWNLOADED,19091,7eda2f0295c140f61c01f336401539e27f3ccd897f29f642e0541788fbde3037,PRIVAS (07) 1990 | GEIPAN Orange arrow icon Orange arrow icon Orange arrow icon Arrow,
https://www.geipan.fr/fr/cas/1990-09-01217,1990-09-01217,https://www.geipan.fr/fr/cas/1990-09-01217,DOWNLOADED,18663,d64f22568f5665f602632828e7b128ffe8f7eb767a4da56edf6c7085dbcabefb,THIANT (59) 26.09.1990 | GEIPAN Orange arrow icon Orange arrow icon Orange arrow icon Arrow,
https://www.geipan.fr/fr/cas/1990-09-02515,1990-09-02515,https://www.geipan.fr/fr/cas/1990-09-02515,DOWNLOADED,19363,0bac4669dc0425bed61e5a59068bea8c4ed13782be7d33280f1bb421e5b8a342,CERGY (95) --.09.1991 | GEIPAN Orange arrow icon Orange arrow icon Orange arrow icon Arrow,
https://www.geipan.fr/fr/cas/1990-10-01219,1990-10-01219,https://www.geipan.fr/fr/cas/1990-10-01219,DOWNLOADED,18777,477a6a4e90110d9a90c14ae4ac7f7f2a627e500775cdff8700e7bd6e245d6cab,PLEUNEUF VAL ANDRE (22) 1989 | GEIPAN Orange arrow icon Orange arrow icon Orange arrow icon Arrow,
https://www.geipan.fr/fr/cas/1990-10-01224,1990-10-01224,https://www.geipan.fr/fr/cas/1990-10-01224,DOWNLOADED,17968,565bd5940ada9142d3bdbe5f3311bbf19c5c2344fc4b2984819359cfb2a359d3,NOYAL-SUR-VILAINE (35) 26.10.1990 | GEIPAN Orange arrow icon Orange arrow icon Orange arrow icon Arrow,
https://www.geipan.fr/fr/cas/1990-10-50520,1990-10-50520,https://www.geipan.fr/fr/cas/1990-10-50520,DOWNLOADED,19338,c50c8aad4e1a625fe5df07f5e27b7ee080d06ef7c00820932bb6aab8025ae487,PENNAUTIER (11) 20.10.1990 | GEIPAN Orange arrow icon Orange arrow icon Orange arrow icon Arrow,
https://www.geipan.fr/fr/cas/1990-11-01225,1990-11-01225,https://www.geipan.fr/fr/cas/1990-11-01225,DOWNLOADED,159555,1b08748a968f16c624ce7e5f1b6a90b15b09dd9e7782fa12e65272e7e5a991d7,RENTREE ATMOSPHERIQUE 5 NOVEMBRE 1990 | GEIPAN Orange arrow icon Orange arrow icon Orange arrow icon Arrow,
https://www.geipan.fr/fr/cas/1990-11-01226,1990-11-01226,https://www.geipan.fr/fr/cas/1990-11-01226,DOWNLOADED,20109,839614e8f1275f4f5c807411a4bef0e67b1954ca4f1bee5af067df7fd07f746e,SUD-OUEST 06.11.1990 | GEIPAN Orange arrow icon Orange arrow icon Orange arrow icon Arrow,
https://www.geipan.fr/fr/cas/1990-11-01228,1990-11-01228,https://www.geipan.fr/fr/cas/1990-11-01228,DOWNLOADED,20227,97dec5c951e660ba3b982e63e022dd1699856436baf280a66a51c0ba62c04b45,"(REG) PAYS DE LA LOIRE, BRETAGNE (PDL, BRE) 24.11.1990 | GEIPAN Orange arrow icon Orange arrow icon Orange arrow icon Arrow",
https://www.geipan.fr/fr/cas/1990-12-01229,1990-12-01229,https://www.geipan.fr/fr/cas/1990-12-01229,DOWNLOADED,26749,8335dc5e28e191f0a52a118955f557a01e65f38b22bc761fb66ff57aa7b9c5bc,NORT-SUR-ERDRE (44) 25.11.1990 | GEIPAN Orange arrow icon Orange arrow icon Orange arrow icon Arrow,
https://www.geipan.fr/fr/cas/1991-01-01777,1991-01-01777,https://www.geipan.fr/fr/cas/1991-01-01777,DOWNLOADED,18833,2ace387b2536b53fd56bf002210c198b6960e6dd131f1f6230a13cbd25a4e8ff,SAINT-MARTIN-DE-CRAU (13) --.08.1991 | GEIPAN Orange arrow icon Orange arrow icon Orange arrow icon Arrow,
https://www.geipan.fr/fr/cas/1991-02-01230,1991-02-01230,https://www.geipan.fr/fr/cas/1991-02-01230,DOWNLOADED,18476,9be7307cd50fb380c8e8b6c4ad83bab0f59b480da2025133ebf6384ab09cbf2c,TAHAA (987) 03.02.1991 | GEIPAN Orange arrow icon Orange arrow icon Orange arrow icon Arrow,
https://www.geipan.fr/fr/cas/1991-03-01232,1991-03-01232,https://www.geipan.fr/fr/cas/1991-03-01232,DOWNLOADED,18338,b6c7dce6f103c5dc9c99d6fe61f50602070a59c25e230c7ce8eefc8a4b052793,MESLIN (22) 06.03.1991 | GEIPAN Orange arrow icon Orange arrow icon Orange arrow icon Arrow,
https://www.geipan.fr/fr/cas/1991-03-01234,1991-03-01234,https://www.geipan.fr/fr/cas/1991-03-01234,DOWNLOADED,18319,628c5f5cc56909a4a0beef92cfcf6399a498ae320378f5cafaec48edbca782c0,FLORANGE (57) 28.03.1991 | GEIPAN Orange arrow icon Orange arrow icon Orange arrow icon Arrow,
https://www.geipan.fr/fr/cas/1991-03-01235,1991-03-01235,https://www.geipan.fr/fr/cas/1991-03-01235,DOWNLOADED,18244,13834c937ac5c6acf48c451aba7bd5104789be41f5a68eedad90f07d1143747d,VIVIEZ (12) --.--.1991 | GEIPAN Orange arrow icon Orange arrow icon Orange arrow icon Arrow,
https://www.geipan.fr/fr/cas/1991-04-01236,1991-04-01236,https://www.geipan.fr/fr/cas/1991-04-01236,DOWNLOADED,22002,baaffba20ecf22070f12a6fab144b6042359ad9ac4e925a80663ab62f5256f3d,SARRAMEA (988) 19.04.1991 | GEIPAN Orange arrow icon Orange arrow icon Orange arrow icon Arrow,
https://www.geipan.fr/fr/cas/1991-07-01240,1991-07-01240,https://www.geipan.fr/fr/cas/1991-07-01240,DOWNLOADED,18286,cb503d06c96fe8731e97170c6ad0d39fe70fe7f83e7b203071de17aabd518909,MAULE (78) 23.07.1991 | GEIPAN Orange arrow icon Orange arrow icon Orange arrow icon Arrow,
https://www.geipan.fr/fr/cas/1991-08-01241,1991-08-01241,https://www.geipan.fr/fr/cas/1991-08-01241,DOWNLOADED,18588,cab23d2fd0d5289240f2b9fd98584198fa1889efac5a48b3ba9747073e620901,LISIEUX (14) 04.08.1991 | GEIPAN Orange arrow icon Orange arrow icon Orange arrow icon Arrow,
https://www.geipan.fr/fr/cas/1991-08-01242,1991-08-01242,https://www.geipan.fr/fr/cas/1991-08-01242,DOWNLOADED,20104,98b92c0ee1fa6277bcfa21ad7e2075118c035c23b0746bec88ea81a11f47ccfb,SAINT-LARY (32) 06.08.1991 | GEIPAN Orange arrow icon Orange arrow icon Orange arrow icon Arrow,
https://www.geipan.fr/fr/cas/1991-08-01243,1991-08-01243,https://www.geipan.fr/fr/cas/1991-08-01243,DOWNLOADED,21695,8b63b3ffa62e052b861d708a0e22c684f52c109a5c34858c68ad5ef1d95240a7,GILETTE (06) 16.08.1991 | GEIPAN Orange arrow icon Orange arrow icon Orange arrow icon Arrow,
https://www.geipan.fr/fr/cas/1991-08-01244,1991-08-01244,https://www.geipan.fr/fr/cas/1991-08-01244,DOWNLOADED,18423,ebd8c56a2ec0092b9204a1cae09ed827cf5cbfac7d738ed98c4a5ec1830ee95a,VIELLE-SOUBIRAN (40) 20.08.1991 | GEIPAN Orange arrow icon Orange arrow icon Orange arrow icon Arrow,
https://www.geipan.fr/fr/cas/1991-09-01245,1991-09-01245,https://www.geipan.fr/fr/cas/1991-09-01245,DOWNLOADED,18459,69ecd4e3533f15ab0f5dc0e5aa8f0c6bf74b1ca4b78454fdc141420613e75b01,VILLY (08) 05.09.1991 | GEIPAN Orange arrow icon Orange arrow icon Orange arrow icon Arrow,
https://www.geipan.fr/fr/cas/1991-09-01246,1991-09-01246,https://www.geipan.fr/fr/cas/1991-09-01246,DOWNLOADED,20391,4676341c61972532b142f37a1f40d0a5701a25f532db11c6b1622d355b57c1ab,CLERMONT-FERRAND (63) 19.09.1991 | GEIPAN Orange arrow icon Orange arrow icon Orange arrow icon Arrow,
https://www.geipan.fr/fr/cas/1991-10-01248,1991-10-01248,https://www.geipan.fr/fr/cas/1991-10-01248,DOWNLOADED,23610,e923143308f0d9b68f101f2bbb014a97c0f3ef4d719449e966a0ca652bad962e,(REG) OCCITANIE (OCC) 10.10.1991 | GEIPAN Orange arrow icon Orange arrow icon Orange arrow icon Arrow,
https://www.geipan.fr/fr/cas/1991-10-01250,1991-10-01250,https://www.geipan.fr/fr/cas/1991-10-01250,DOWNLOADED,19503,d520bea96ba85f45d2b970c98b326ee48af82e5392ae9a146f6a3a335909eae2,LANTEFONTAINE (54) 20.10.1991 | GEIPAN Orange arrow icon Orange arrow icon Orange arrow icon Arrow,
https://www.geipan.fr/fr/cas/1991-11-01253,1991-11-01253,https://www.geipan.fr/fr/cas/1991-11-01253,DOWNLOADED,24819,8d0801a1ac4d83b1e33a210197582689d181da7a9888ff9ff66ea0dc080d0e10,SUD-OUEST 28.11.1991 | GEIPAN Orange arrow icon Orange arrow icon Orange arrow icon Arrow,
https://www.geipan.fr/fr/cas/1991-12-01255,1991-12-01255,https://www.geipan.fr/fr/cas/1991-12-01255,DOWNLOADED,19188,0820a6ba494cc3064d531c152b598a0ef08205e7ed468895652e40f4c9c3fea6,"(DPT) GIRONDE, HAUTES-PYRENEES (33, 65) 10.12.1991 | GEIPAN Orange arrow icon Orange arrow icon Orange arrow icon Arrow",
https://www.geipan.fr/fr/cas/1992-02-01257,1992-02-01257,https://www.geipan.fr/fr/cas/1992-02-01257,DOWNLOADED,18365,5558a1231831ec30ac2ab91820882463dd8750d43de9ffbd213ea4da78d26600,VENTEROL (26) 06.02.1992 | GEIPAN Orange arrow icon Orange arrow icon Orange arrow icon Arrow,
https://www.geipan.fr/fr/cas/1992-02-01258,1992-02-01258,https://www.geipan.fr/fr/cas/1992-02-01258,DOWNLOADED,18695,2af996aa7156bfcfa22196c8b84cc1e338e6472636147e5248e50b92309320f7,ARUDY (64) 1992 | GEIPAN Orange arrow icon Orange arrow icon Orange arrow icon Arrow,
https://www.geipan.fr/fr/cas/1992-04-01261,1992-04-01261,https://www.geipan.fr/fr/cas/1992-04-01261,DOWNLOADED,18410,510d657417e90bf101cded5c7c89b3fd3bf00e82299113da1fc5478ecc178f71,MONTIVILLIERS (76) 25.04.1992 | GEIPAN Orange arrow icon Orange arrow icon Orange arrow icon Arrow,
https://www.geipan.fr/fr/cas/1992-05-01262,1992-05-01262,https://www.geipan.fr/fr/cas/1992-05-01262,DOWNLOADED,22667,630102f52887d64b3b83c9a3e105253f145d8f16d4255148ac9969eb65094681,GUERARD (77) 12.05.1992 | GEIPAN Orange arrow icon Orange arrow icon Orange arrow icon Arrow,
https://www.geipan.fr/fr/cas/1992-05-01263,1992-05-01263,https://www.geipan.fr/fr/cas/1992-05-01263,DOWNLOADED,18452,08ea019fe15426c7f29a99193bbfdd4fbff8d81b1b3d7109c539420a1626d7f5,GORDES (84) 1992 | GEIPAN Orange arrow icon Orange arrow icon Orange arrow icon Arrow,
https://www.geipan.fr/fr/cas/1992-05-01264,1992-05-01264,https://www.geipan.fr/fr/cas/1992-05-01264,DOWNLOADED,18616,3d2cddd35150ec27a1cd99e398692434fad601df3f44135cbdd1e16983e657c7,BOUPERE (LE) (85) 26.05.1992 | GEIPAN Orange arrow icon Orange arrow icon Orange arrow icon Arrow,
https://www.geipan.fr/fr/cas/1992-07-01265,1992-07-01265,https://www.geipan.fr/fr/cas/1992-07-01265,DOWNLOADED,18853,ee02e47b9844ea175d2636e4f23b5bab9fa51805e510e4cbe006035d6cb7e85d,CRIQUETOT L'ESNEVAL (76) 1992 | GEIPAN Orange arrow icon Orange arrow icon Orange arrow icon Arrow,
https://www.geipan.fr/fr/cas/1992-07-01267,1992-07-01267,https://www.geipan.fr/fr/cas/1992-07-01267,DOWNLOADED,18534,adbae9e0192ccc3ba7699c4bf9163d3bc6eaa2c9f8b0f9ddc5b15fc4d35624fd,SAINT-PAUL-LES-MONESTIER (38) --.09.1992 | GEIPAN Orange arrow icon Orange arrow icon Orange arrow icon Arrow,
https://www.geipan.fr/fr/cas/1992-07-02220,1992-07-02220,https://www.geipan.fr/fr/cas/1992-07-02220,DOWNLOADED,18770,d932f84aa62be7be7c8a68b3e0253aebc4dd4ab474773dbd51441b3ab50e54a1,LEGE-CAP-FERRET (33) --.--.1992 | GEIPAN Orange arrow icon Orange arrow icon Orange arrow icon Arrow,
https://www.geipan.fr/fr/cas/1992-08-01268,1992-08-01268,https://www.geipan.fr/fr/cas/1992-08-01268,DOWNLOADED,18481,2cf47944c8b5b36faa545c5be586abf7f7556e9c196b9ce6f121f1d868058984,MONTREDON-LABESSONNIE (81) 25.08.1992 | GEIPAN Orange arrow icon Orange arrow icon Orange arrow icon Arrow,
https://www.geipan.fr/fr/cas/1992-08-01787,1992-08-01787,https://www.geipan.fr/fr/cas/1992-08-01787,DOWNLOADED,19017,b1da22aca3325902eacbdae9d46bbe4c0937fa1027f1b8a568f264639791e44b,ARGENTAN (61) 03.08.1992 | GEIPAN Orange arrow icon Orange arrow icon Orange arrow icon Arrow,
https://www.geipan.fr/fr/cas/1992-10-01270,1992-10-01270,https://www.geipan.fr/fr/cas/1992-10-01270,DOWNLOADED,18755,c0ea2de4ac41e7c930eb7e07af4210c6e6cb301bc0a6fe3653a6f380b24a8fca,SEPTEMES-LES-VALLONS (13) 11.10.1992 | GEIPAN Orange arrow icon Orange arrow icon Orange arrow icon Arrow,
https://www.geipan.fr/fr/cas/1992-10-01271,1992-10-01271,https://www.geipan.fr/fr/cas/1992-10-01271,DOWNLOADED,18601,bb56c0edc91fe61d744a12438f72c7a11241e6bceea91c11e428dabe074270a4,FELINES (07) 18.10.1992 | GEIPAN Orange arrow icon Orange arrow icon Orange arrow icon Arrow,
https://www.geipan.fr/fr/cas/1992-10-01272,1992-10-01272,https://www.geipan.fr/fr/cas/1992-10-01272,DOWNLOADED,18372,fe038b40aa8addef7c5ad7f89a21eba0d1d375a394b19ccc0a555005b53a87d1,CIERP-GAUD (31) 21.10.1992 | GEIPAN Orange arrow icon Orange arrow icon Orange arrow icon Arrow,
https://www.geipan.fr/fr/cas/1992-11-01273,1992-11-01273,https://www.geipan.fr/fr/cas/1992-11-01273,DOWNLOADED,18018,20cfb9e42c4292688945c4c8f8be56875ed32bb8dbd413b77ca6371abb027657,[D23] de SAPOIS (88) vers VAGNEY (88) 12.11.1992 | GEIPAN Orange arrow icon Orange arrow icon Orange arrow icon Arrow,
https://www.geipan.fr/fr/cas/1992-11-01274,1992-11-01274,https://www.geipan.fr/fr/cas/1992-11-01274,DOWNLOADED,18659,1f3b6f666b77513a830ab54a7451ab982c7ab81006ad989b471721dcb494b28e,SAINT-DENIS (974) 16.11.1992 | GEIPAN Orange arrow icon Orange arrow icon Orange arrow icon Arrow,
https://www.geipan.fr/fr/cas/1992-11-01275,1992-11-01275,https://www.geipan.fr/fr/cas/1992-11-01275,DOWNLOADED,18402,dcd111b95e65285488cdd6e422086573cb2087619ae3c9d7750e66236afc27c0,LAMENTIN (LE) (972) 21.11.1992 | GEIPAN Orange arrow icon Orange arrow icon Orange arrow icon Arrow,
https://www.geipan.fr/fr/cas/1992-12-01276,1992-12-01276,https://www.geipan.fr/fr/cas/1992-12-01276,DOWNLOADED,18356,90dd10048d9adf7cb18fbbc6ca3d1660d6c2b217662820edf77a622565714d54,SAINT-AGNANT (17) 09.12.1992 | GEIPAN Orange arrow icon Orange arrow icon Orange arrow icon Arrow,
https://www.geipan.fr/fr/cas/1992-12-01277,1992-12-01277,https://www.geipan.fr/fr/cas/1992-12-01277,DOWNLOADED,18508,522dfa6a8b23f1d57ad11a56674baaa8fa407b16377ead541a7d9f54c3eaf4cd,MOYENMOUTIER (88) --.12.1992 | GEIPAN Orange arrow icon Orange arrow icon Orange arrow icon Arrow,
https://www.geipan.fr/fr/cas/1993-01-01279,1993-01-01279,https://www.geipan.fr/fr/cas/1993-01-01279,DOWNLOADED,18460,56511b6c92290d0ab54f869a6478eba17479450da43f653aaf9a8862a4f87b95,CORCIEUX (88) 1993 | GEIPAN Orange arrow icon Orange arrow icon Orange arrow icon Arrow,
https://www.geipan.fr/fr/cas/1993-01-01672,1993-01-01672,https://www.geipan.fr/fr/cas/1993-01-01672,DOWNLOADED,18605,46178f998f9f7b413239200b186c1641221ddf0ce55e168c74f69f1ac40c9600,VIRY-CHATILLON (91) 23.07.1993 | GEIPAN Orange arrow icon Orange arrow icon Orange arrow icon Arrow,
https://www.geipan.fr/fr/cas/1993-01-01685,1993-01-01685,https://www.geipan.fr/fr/cas/1993-01-01685,DOWNLOADED,18386,9ee59f0c8752c62802fe8047ca554130e1e0800a8142203440d7d95f4dcfe18b,TRIMOUILLE (LA) (86) 18.01.1993 | GEIPAN Orange arrow icon Orange arrow icon Orange arrow icon Arrow,
https://www.geipan.fr/fr/cas/1993-01-01836,1993-01-01836,https://www.geipan.fr/fr/cas/1993-01-01836,DOWNLOADED,19234,4a0cb1567427ad5199f2d066f05d42a3512445fd2d19557329ff1744141a2030,MENTON (06) --.10.1993-1996 | GEIPAN Orange arrow icon Orange arrow icon Orange arrow icon Arrow,
https://www.geipan.fr/fr/cas/1993-01-02221,1993-01-02221,https://www.geipan.fr/fr/cas/1993-01-02221,DOWNLOADED,18806,579ac53c7f33ead7ce9c74e686e3779834a5070de429bee62c1a75ccfd11e355,(DPT) BOUCHES-DU-RHONE (13) --.--.1993 | GEIPAN Orange arrow icon Orange arrow icon Orange arrow icon Arrow,
https://www.geipan.fr/fr/cas/1993-01-09437,1993-01-09437,https://www.geipan.fr/fr/cas/1993-01-09437,DOWNLOADED,19812,c75c216b1d2e2ffd3a727aeea9fb4cc843b47681d1c92c1eacb7ee1cf5fdee47,TALLOIRES (74) 06.01.1993 | GEIPAN Orange arrow icon Orange arrow icon Orange arrow icon Arrow,
https://www.geipan.fr/fr/cas/1993-02-01284,1993-02-01284,https://www.geipan.fr/fr/cas/1993-02-01284,DOWNLOADED,18671,8d48f60f089a4c004800320732a4390ad0c0413435cf7273d76b4029838a43a2,BEAUMONT HAGUE (50) 1993 | GEIPAN Orange arrow icon Orange arrow icon Orange arrow icon Arrow,
https://www.geipan.fr/fr/cas/1993-02-01286,1993-02-01286,https://www.geipan.fr/fr/cas/1993-02-01286,DOWNLOADED,18390,03cea75d6bfd59d105f23506f5a1d40a593a781019d066dd9a6f11b4fc1d367f,[A11] de MANS (LE) (72) vers ANGERS (49) 23.02.1993 | GEIPAN Orange arrow icon Orange arrow icon Orange arrow icon Arrow,
https://www.geipan.fr/fr/cas/1993-02-01287,1993-02-01287,https://www.geipan.fr/fr/cas/1993-02-01287,DOWNLOADED,21433,be2de44294e300011140fc497e067bfb986a39d90f4df632bee57d084d88728f,LUSIGNAN (86) 28.02.1993 | GEIPAN Orange arrow icon Orange arrow icon Orange arrow icon Arrow,
https://www.geipan.fr/fr/cas/1993-03-01288,1993-03-01288,https://www.geipan.fr/fr/cas/1993-03-01288,DOWNLOADED,19926,253b175b74826d2a7c150fd2ae0eb9554c913841921610e057de0341adbd259f,SAINT-GILLES-CROIX-DE-VIE (85) 02.03.1993 | GEIPAN Orange arrow icon Orange arrow icon Orange arrow icon Arrow,
https://www.geipan.fr/fr/cas/1993-03-01289,1993-03-01289,https://www.geipan.fr/fr/cas/1993-03-01289,DOWNLOADED,19980,e770f6fa8e8594e24f7549dc06515b5dbb735bba395c00706af8aa3e7e7d8bf2,NEYROLLES (LES) (01) 24.03.1993 | GEIPAN Orange arrow icon Orange arrow icon Orange arrow icon Arrow,
https://www.geipan.fr/fr/cas/1993-04-01293,1993-04-01293,https://www.geipan.fr/fr/cas/1993-04-01293,DOWNLOADED,18326,399e56a3f7cc58b110cc0260288f6217cc840bc1df0e69511bec58405e7aeacf,ROISSARD (38) 01.04.1993 | GEIPAN Orange arrow icon Orange arrow icon Orange arrow icon Arrow,
https://www.geipan.fr/fr/cas/1993-04-01295,1993-04-01295,https://www.geipan.fr/fr/cas/1993-04-01295,DOWNLOADED,18831,99a8bc2f68e641cf7622997cb1bdb7362db111a012a8726e00cdff513ebb7186,AGEN (47) 1993 | GEIPAN Orange arrow icon Orange arrow icon Orange arrow icon Arrow,
https://www.geipan.fr/fr/cas/1993-04-01297,1993-04-01297,https://www.geipan.fr/fr/cas/1993-04-01297,DOWNLOADED,18624,18e951297f201750225fcd4ab1a8fb3d5a8cf39106187467daf8b949ceb73909,GAVRAY (50) 1993 | GEIPAN Orange arrow icon Orange arrow icon Orange arrow icon Arrow,
https://www.geipan.fr/fr/cas/1993-05-01298,1993-05-01298,https://www.geipan.fr/fr/cas/1993-05-01298,DOWNLOADED,18939,9a6c556b53a87cd37e0e37ed6afb811208f549b6e0feb169004a1165bf5dfdc7,BETHONCOURT (25) 08.05.1993 | GEIPAN Orange arrow icon Orange arrow icon Orange arrow icon Arrow,
https://www.geipan.fr/fr/cas/1993-05-01299,1993-05-01299,https://www.geipan.fr/fr/cas/1993-05-01299,DOWNLOADED,22425,39aa4fdb521ef779c827ff53ddb4423c5bf41aeea7305b0a0e307bc4cc1d3bea,[AERO LOC] NORGES-LA-VILLE (21) 16.05.1993 | GEIPAN Orange arrow icon Orange arrow icon Orange arrow icon Arrow,
https://www.geipan.fr/fr/cas/1993-05-01300,1993-05-01300,https://www.geipan.fr/fr/cas/1993-05-01300,DOWNLOADED,18874,b09c3698eaa68ab571bbfce9c006c1eb827f6b79d30d7622813a40144bbcbfdd,SAINT-PRIVAS (19) 1993 | GEIPAN Orange arrow icon Orange arrow icon Orange arrow icon Arrow,
https://www.geipan.fr/fr/cas/1993-05-01301,1993-05-01301,https://www.geipan.fr/fr/cas/1993-05-01301,DOWNLOADED,21981,147c4f2d6bc852961a9dbedc28b82e3662447481dbb1ff1b593af0a531e079f1,SAINT-BRANCHS (37) 16.05.1993 | GEIPAN Orange arrow icon Orange arrow icon Orange arrow icon Arrow,
https://www.geipan.fr/fr/cas/1993-05-01302,1993-05-01302,https://www.geipan.fr/fr/cas/1993-05-01302,DOWNLOADED,18404,f0a29cc43c4b248784e0717150941deb7d28919edfcefbfafba829fc950b364d,MANS (LE) (72) 17.05.1993 | GEIPAN Orange arrow icon Orange arrow icon Orange arrow icon Arrow,
https://www.geipan.fr/fr/cas/1993-05-01303,1993-05-01303,https://www.geipan.fr/fr/cas/1993-05-01303,DOWNLOADED,22546,d856830482c21e0dda1d6f49f7c4cad6827500e4e776ad92307d400c508d890a,PANTIN (93) 30.05.1993 T1 | GEIPAN Orange arrow icon Orange arrow icon Orange arrow icon Arrow,
https://www.geipan.fr/fr/cas/1993-05-01304,1993-05-01304,https://www.geipan.fr/fr/cas/1993-05-01304,DOWNLOADED,21304,cbc25a210ad6f094b52e5a449d299490196898b6cb94f12c226b4661dc55ddf5,REHON (54) 31.05.1993 | GEIPAN Orange arrow icon Orange arrow icon Orange arrow icon Arrow,
https://www.geipan.fr/fr/cas/1993-06-01305,1993-06-01305,https://www.geipan.fr/fr/cas/1993-06-01305,DOWNLOADED,20855,7335eb2a9a5b047198bf9284d8c3edd81e8133c5774cd022b53d834027dac463,FLEURINES (60) 17.06.1993 | GEIPAN Orange arrow icon Orange arrow icon Orange arrow icon Arrow,
https://www.geipan.fr/fr/cas/1993-06-01306,1993-06-01306,https://www.geipan.fr/fr/cas/1993-06-01306,DOWNLOADED,23086,360c109b950eb749fd4dca2fa0a8014fee7bab0605aa24c905bc888216589185,PORT-MARLY (LE) (78) 27.06.1993 | GEIPAN Orange arrow icon Orange arrow icon Orange arrow icon Arrow,
https://www.geipan.fr/fr/cas/1993-06-01307,1993-06-01307,https://www.geipan.fr/fr/cas/1993-06-01307,DOWNLOADED,21483,d97293e2c25f2152c4332a80cc30447365034d4dbd170beb81018361a6089b10,CONDAMINE-CHATELARD (LA) (04) 29.06.1993 | GEIPAN Orange arrow icon Orange arrow icon Orange arrow icon Arrow,
https://www.geipan.fr/fr/cas/1993-07-01308,1993-07-01308,https://www.geipan.fr/fr/cas/1993-07-01308,DOWNLOADED,19163,062b5cc75ac2d20313beca9106c3df3d93906576f76b12337d9bcda658e4120d,MAUBEC (84) 02.07.1993 | GEIPAN Orange arrow icon Orange arrow icon Orange arrow icon Arrow,
https://www.geipan.fr/fr/cas/1993-07-01309,1993-07-01309,https://www.geipan.fr/fr/cas/1993-07-01309,DOWNLOADED,19276,36be43b36beb66599d169d7554bfd9f84ce9b7c89700c31129b9f5fc20464287,CHINON (37) 1993 | GEIPAN Orange arrow icon Orange arrow icon Orange arrow icon Arrow,
https://www.geipan.fr/fr/cas/1993-07-01310,1993-07-01310,https://www.geipan.fr/fr/cas/1993-07-01310,DOWNLOADED,18455,36e40e92e4830bcc73f83c51877cd25b7cb54c81476766cc8aa94cb14f750ac0,LAVAZAN (33) 14.07.1993 | GEIPAN Orange arrow icon Orange arrow icon Orange arrow icon Arrow,
https://www.geipan.fr/fr/cas/1993-07-01311,1993-07-01311,https://www.geipan.fr/fr/cas/1993-07-01311,DOWNLOADED,22583,211d926805837f94f7a20bf582d36106edb828ddcc3ba48aa9b5b5d37d2428f0,MAUVEZIN (32) 15.07.1993 | GEIPAN Orange arrow icon Orange arrow icon Orange arrow icon Arrow,
https://www.geipan.fr/fr/cas/1993-07-01312,1993-07-01312,https://www.geipan.fr/fr/cas/1993-07-01312,DOWNLOADED,18581,f1c693370f07d9ff0c78eb0e85c0d5d2c02fc21c84d3fb9fe188d2e1a2bc5b36,BEUVRAIGNES (80) 18.07.1993 | GEIPAN Orange arrow icon Orange arrow icon Orange arrow icon Arrow,
https://www.geipan.fr/fr/cas/1993-07-01313,1993-07-01313,https://www.geipan.fr/fr/cas/1993-07-01313,DOWNLOADED,19242,0445df096b2a68509740464177f847e3fbc583f6b4653dea32e6d1d774183ef9,LE MAS D'AGENAIS (47) 1993 | GEIPAN Orange arrow icon Orange arrow icon Orange arrow icon Arrow,
https://www.geipan.fr/fr/cas/1993-07-01314,1993-07-01314,https://www.geipan.fr/fr/cas/1993-07-01314,DOWNLOADED,18618,e26d9cb92ea6fc09d37f50a70251c14a988ded784508be630073652638a666f0,GUIGNEVILLE SUR ESSONNE (91) 1993 | GEIPAN Orange arrow icon Orange arrow icon Orange arrow icon Arrow,
https://www.geipan.fr/fr/cas/1993-07-01315,1993-07-01315,https://www.geipan.fr/fr/cas/1993-07-01315,DOWNLOADED,18708,515fe90b532daf7eede729c9448365d276e951956c69226ea90c074a2d7699d9,LONS LE SAUNIER (39) 1993 | GEIPAN Orange arrow icon Orange arrow icon Orange arrow icon Arrow,
https://www.geipan.fr/fr/cas/1993-07-01316,1993-07-01316,https://www.geipan.fr/fr/cas/1993-07-01316,DOWNLOADED,18356,f0493c7a83049aa32d132b9c144b5bb3d46339af517fc849dafed5eca6e24290,PALLUAU-SUR-INDRE (36) 25.07.1993 | GEIPAN Orange arrow icon Orange arrow icon Orange arrow icon Arrow,
https://www.geipan.fr/fr/cas/1993-08-01317,1993-08-01317,https://www.geipan.fr/fr/cas/1993-08-01317,DOWNLOADED,19132,53a9068682c3f384d83061f1be6cbfd7a50feab690c62165f2058f5067b698e6,SAINT-ETIENNE DE LUGDARES (07) 1993 | GEIPAN Orange arrow icon Orange arrow icon Orange arrow icon Arrow,
https://www.geipan.fr/fr/cas/1993-08-01318,1993-08-01318,https://www.geipan.fr/fr/cas/1993-08-01318,DOWNLOADED,18204,5fa02eb6563ec16742f5bd393c3d07615fd85e1240165c3617f580761fb76e65,REMILLY (57) 07.08.1993 | GEIPAN Orange arrow icon Orange arrow icon Orange arrow icon Arrow,
https://www.geipan.fr/fr/cas/1993-08-01319,1993-08-01319,https://www.geipan.fr/fr/cas/1993-08-01319,DOWNLOADED,18647,ea67929d46729af01a07a569a9db0b4c3ecc09c0b8f1b4387d17cbb8b3510868,L'HOPITAL (57) 1993 | GEIPAN Orange arrow icon Orange arrow icon Orange arrow icon Arrow,
https://www.geipan.fr/fr/cas/1993-08-01320,1993-08-01320,https://www.geipan.fr/fr/cas/1993-08-01320,DOWNLOADED,24855,9454161d40e06f7e819ade8c44dbcb35828b775ca3ba8c98454758dd3dc111d1,HAYES (57) 12.08.1993 | GEIPAN Orange arrow icon Orange arrow icon Orange arrow icon Arrow,
https://www.geipan.fr/fr/cas/1993-08-01321,1993-08-01321,https://www.geipan.fr/fr/cas/1993-08-01321,DOWNLOADED,18467,6cc2ae89a492121baccf18b6216dfe18df15fe1b1d8540541a11dfa3182316b8,PONT-DE-BUIS-LES-QUIMERCH (29) 13.08.1993 | GEIPAN Orange arrow icon Orange arrow icon Orange arrow icon Arrow,
https://www.geipan.fr/fr/cas/1993-08-01322,1993-08-01322,https://www.geipan.fr/fr/cas/1993-08-01322,DOWNLOADED,26056,4859e14980fb94a1b705b71de276b4fe07967392ebaf79f043f2cafeb99977e8,(DEP) HAUTE-GARONNE (31) 14.08.1993 | GEIPAN Orange arrow icon Orange arrow icon Orange arrow icon Arrow,
https://www.geipan.fr/fr/cas/1993-08-01323,1993-08-01323,https://www.geipan.fr/fr/cas/1993-08-01323,DOWNLOADED,18636,b7a0553b11fd7b62d6e3837f0a103dc9fa1e6c94f71b00064355d1213c4d76b3,VATAN (36) 1993 | GEIPAN Orange arrow icon Orange arrow icon Orange arrow icon Arrow,
https://www.geipan.fr/fr/cas/1993-08-01324,1993-08-01324,https://www.geipan.fr/fr/cas/1993-08-01324,DOWNLOADED,18319,633c2f97cf24267f113d0cf9130167fc2bcc4ab413e523711a29e2d55ecd6817,TOULOUSE (31) 18.08.1993 | GEIPAN Orange arrow icon Orange arrow icon Orange arrow icon Arrow,
https://www.geipan.fr/fr/cas/1993-08-01325,1993-08-01325,https://www.geipan.fr/fr/cas/1993-08-01325,DOWNLOADED,18288,fe12b192eff9b162773d9d26e67bcde12a8a2eefda6081a123fe747aa56f134f,CHATEAUBOURG (07) 19.08.1993 | GEIPAN Orange arrow icon Orange arrow icon Orange arrow icon Arrow,
https://www.geipan.fr/fr/cas/1993-08-01326,1993-08-01326,https://www.geipan.fr/fr/cas/1993-08-01326,DOWNLOADED,18372,eb264f2ad43669ca6c293de08d829036f9625066e7ddd714a8ca6813d19ac435,VARCES-ALLIERES-ET-RISSET (38) 21.08.1993 | GEIPAN Orange arrow icon Orange arrow icon Orange arrow icon Arrow,
https://www.geipan.fr/fr/cas/1993-08-01689,1993-08-01689,https://www.geipan.fr/fr/cas/1993-08-01689,DOWNLOADED,18790,b50fdae30c4c9a69bca16f7193dedc55b0c160161aba216bc54b42472954c160,CHATEAU-GONTIER (53) 07.08.1993 | GEIPAN Orange arrow icon Orange arrow icon Orange arrow icon Arrow,
https://www.geipan.fr/fr/cas/1993-08-01690,1993-08-01690,https://www.geipan.fr/fr/cas/1993-08-01690,DOWNLOADED,18299,720ee9f426887101c99715a1eea7023ed840aa72f5397037e070ca8781d1b603,MONTMIRAT (30) 19.08.1993 | GEIPAN Orange arrow icon Orange arrow icon Orange arrow icon Arrow,
https://www.geipan.fr/fr/cas/1993-09-01328,1993-09-01328,https://www.geipan.fr/fr/cas/1993-09-01328,DOWNLOADED,19190,7b5c3150783797f6bd3add6e744a4fe825f69c93a73000ba5e1350c0fac818e3,POULAINVILLE (80) 05.09.1993 | GEIPAN Orange arrow icon Orange arrow icon Orange arrow icon Arrow,
https://www.geipan.fr/fr/cas/1993-09-01329,1993-09-01329,https://www.geipan.fr/fr/cas/1993-09-01329,DOWNLOADED,19196,bf1c7c2e47c3d7e206c19fa6065834f4368ab4e84dd4ed1d6e5eaac9b5856b2c,BOURGNEUF EN RETZ (44) 1993 | GEIPAN Orange arrow icon Orange arrow icon Orange arrow icon Arrow,
https://www.geipan.fr/fr/cas/1993-09-01330,1993-09-01330,https://www.geipan.fr/fr/cas/1993-09-01330,DOWNLOADED,19045,9792818f0de4aeef65b7ffba7bd5a40a6c8890ea848323dcfc863af5877bf45b,TOURNEFEUILLE (31) 27.09.1993 | GEIPAN Orange arrow icon Orange arrow icon Orange arrow icon Arrow,
https://www.geipan.fr/fr/cas/1993-09-01331,1993-09-01331,https://www.geipan.fr/fr/cas/1993-09-01331,DOWNLOADED,18568,7a33c8bb5d7ade2b11374a6c0556ed033c8784397ed5310f689b9d58fe21f29f,OTA (2A) 27.09.1993 | GEIPAN Orange arrow icon Orange arrow icon Orange arrow icon Arrow,
https://www.geipan.fr/fr/cas/1993-10-01332,1993-10-01332,https://www.geipan.fr/fr/cas/1993-10-01332,DOWNLOADED,23719,b557a68db1a259289a1a0f368b5b6327af8800c34314ff36386c17659a68d64a,BESSINES-SUR-GARTEMPE (87) 05.10.1993 | GEIPAN Orange arrow icon Orange arrow icon Orange arrow icon Arrow,
https://www.geipan.fr/fr/cas/1993-10-01333,1993-10-01333,https://www.geipan.fr/fr/cas/1993-10-01333,DOWNLOADED,18475,c1afd10e4037c9b166c1a8e6d80ac10cf21d99b491fa2333ca832570d40bec7f,LE PORTEL (62) 1993 | GEIPAN Orange arrow icon Orange arrow icon Orange arrow icon Arrow,
https://www.geipan.fr/fr/cas/1993-10-01334,1993-10-01334,https://www.geipan.fr/fr/cas/1993-10-01334,DOWNLOADED,18567,dd46efc9806fcfb3dd217f9faf35981a8267682a7b7c097f3898e01d1729c477,FOS-SUR-MER (13) 21.10.1993 | GEIPAN Orange arrow icon Orange arrow icon Orange arrow icon Arrow,
https://www.geipan.fr/fr/cas/1993-10-01663,1993-10-01663,https://www.geipan.fr/fr/cas/1993-10-01663,DOWNLOADED,20964,39c836fa89aeaa7bc2132a3f4731197526b4592cf7de0dd8bb753c374da92041,DOUVRIN (62) 30.10.1993 | GEIPAN Orange arrow icon Orange arrow icon Orange arrow icon Arrow,
https://www.geipan.fr/fr/cas/1993-11-01335,1993-11-01335,https://www.geipan.fr/fr/cas/1993-11-01335,DOWNLOADED,23618,ba99307de4ec3523f9faa4257e9334639cbfcc4ad2917f0ae27c068246c7761d,ECQUEVILLY (78) 15.11.1993 | GEIPAN Orange arrow icon Orange arrow icon Orange arrow icon Arrow,
https://www.geipan.fr/fr/cas/1993-11-01336,1993-11-01336,https://www.geipan.fr/fr/cas/1993-11-01336,DOWNLOADED,18727,7875b126de9a3520c057383366a1f05766b67b23e75636b16080723fd5e1180b,SAINT-SAUVEUR LE VICOMTE (50) 1993 | GEIPAN Orange arrow icon Orange arrow icon Orange arrow icon Arrow,
https://www.geipan.fr/fr/cas/1993-11-01337,1993-11-01337,https://www.geipan.fr/fr/cas/1993-11-01337,DOWNLOADED,18386,ce3cc0444bd8d6960ced483a0ec615c4cd6ccbd1dfac1514a29082fab8571cac,BREST HARTELOIRE (29) 1993 | GEIPAN Orange arrow icon Orange arrow icon Orange arrow icon Arrow,
https://www.geipan.fr/fr/cas/1993-11-01338,1993-11-01338,https://www.geipan.fr/fr/cas/1993-11-01338,DOWNLOADED,18489,bb58453763cba2d69f45f38b466c196507fe28263e4d630e7b49eb9b6a1289fb,SAINT-SAUVEUR-DE-MONTAGUT (07) 26.11.1993 | GEIPAN Orange arrow icon Orange arrow icon Orange arrow icon Arrow,
https://www.geipan.fr/fr/cas/1993-12-01340,1993-12-01340,https://www.geipan.fr/fr/cas/1993-12-01340,DOWNLOADED,19098,132a950804ccf9b1245b1079fd971071c71e0842b41c71cf79b442d95bb013c7,ILE BOUCHARD (37) 11.12.1993 | GEIPAN Orange arrow icon Orange arrow icon Orange arrow icon Arrow,
https://www.geipan.fr/fr/cas/1993-12-01341,1993-12-01341,https://www.geipan.fr/fr/cas/1993-12-01341,DOWNLOADED,25369,31a32ac911cdabe6ed33c6f1fbd32a3b5cf4861163011283a5b38290ceaad522,ROQUEMAURE (30) 25.12.1993 | GEIPAN Orange arrow icon Orange arrow icon Orange arrow icon Arrow,
https://www.geipan.fr/fr/cas/1993-12-01691,1993-12-01691,https://www.geipan.fr/fr/cas/1993-12-01691,DOWNLOADED,21562,b73e8023b868a325459cbf8d11f05132999e8574f321edde157626ac94dc99eb,[A7] DE AVIGNON (84) VERS BOLLENE (84) 11.12.1993 | GEIPAN Orange arrow icon Orange arrow icon Orange arrow icon Arrow,
https://www.geipan.fr/fr/cas/1994-01-01342,1994-01-01342,https://www.geipan.fr/fr/cas/1994-01-01342,DOWNLOADED,26248,b7cfc1d605d5da39e34a458a2f1d40b3369af8e60146e621ef08b0626ef3e1fc,BACQUEVILLE (27) 04.01.1994 | GEIPAN Orange arrow icon Orange arrow icon Orange arrow icon Arrow,
https://www.geipan.fr/fr/cas/1994-01-01343,1994-01-01343,https://www.geipan.fr/fr/cas/1994-01-01343,DOWNLOADED,21428,600910aee22a7dd0ec20d8e380c93bc92660ad3530fc42b1c24756a007df321d,BOGNY-SUR-MEUSE (08) 09.01.1994 | GEIPAN Orange arrow icon Orange arrow icon Orange arrow icon Arrow,
https://www.geipan.fr/fr/cas/1994-01-01344,1994-01-01344,https://www.geipan.fr/fr/cas/1994-01-01344,DOWNLOADED,18683,cb9f58e56abfe36d98fca8fe9d645cb60ffd54bac392cbd44378d2c1a8dc3eda,HAUTBOURDIN (59) 1994 | GEIPAN Orange arrow icon Orange arrow icon Orange arrow icon Arrow,
https://www.geipan.fr/fr/cas/1994-01-01345,1994-01-01345,https://www.geipan.fr/fr/cas/1994-01-01345,DOWNLOADED,21971,6c4519006cc0047c34ca07bd0dbf3fb53cb35035f40a80fb03b5c7aed14861f5,« AF3532 » [AERO AFR] COULOMMIERS (77) 28.01.1994 | GEIPAN Orange arrow icon Orange arrow icon Orange arrow icon Arrow,
https://www.geipan.fr/fr/cas/1994-02-01346,1994-02-01346,https://www.geipan.fr/fr/cas/1994-02-01346,DOWNLOADED,18375,150273eb7e6e3bfa073d5244b87fa8bd079747d26fb720017a89e759080670f9,HUELGOAT (29) 05.02.1994 | GEIPAN Orange arrow icon Orange arrow icon Orange arrow icon Arrow,
https://www.geipan.fr/fr/cas/1994-03-01348,1994-03-01348,https://www.geipan.fr/fr/cas/1994-03-01348,DOWNLOADED,18903,829f8e152bcb78f052354d56027dad73cc3641b0a92c753b94ad8dff42535e7e,[D2] de VENCE (06) vers COURSEGOULES (06) 05.03.1994 | GEIPAN Orange arrow icon Orange arrow icon Orange arrow icon Arrow,
https://www.geipan.fr/fr/cas/1994-03-01349,1994-03-01349,https://www.geipan.fr/fr/cas/1994-03-01349,DOWNLOADED,21903,191a73456b2da3459f2b098bb580beb761f8f8189dd4ba7925dc305b930dac3e,MESSINCOURT (08) 10.03.1994 | GEIPAN Orange arrow icon Orange arrow icon Orange arrow icon Arrow,
https://www.geipan.fr/fr/cas/1994-03-01350,1994-03-01350,https://www.geipan.fr/fr/cas/1994-03-01350,DOWNLOADED,19696,ef76da1ae70be747280d027c2c48dbc61a4151e3e245889c3371d31cb2138ac2,TINTRY (71) 16.03.1994 | GEIPAN Orange arrow icon Orange arrow icon Orange arrow icon Arrow,
https://www.geipan.fr/fr/cas/1994-03-01351,1994-03-01351,https://www.geipan.fr/fr/cas/1994-03-01351,DOWNLOADED,19352,691dba3827c2666c762d8ecfe4bc8b0c0cd33686651159c45c2c96e28702cde3,SAINT-JOSEPH (974) 17.03.1994 | GEIPAN Orange arrow icon Orange arrow icon Orange arrow icon Arrow,
https://www.geipan.fr/fr/cas/1994-03-01352,1994-03-01352,https://www.geipan.fr/fr/cas/1994-03-01352,DOWNLOADED,19188,471ef5aa108a80091aeb3e119079d2d82a5c43743ce666c642be47a3c9f529ac,ALPES HAUTE-PROVENCE (04) 1994 | GEIPAN Orange arrow icon Orange arrow icon Orange arrow icon Arrow,
https://www.geipan.fr/fr/cas/1994-03-02208,1994-03-02208,https://www.geipan.fr/fr/cas/1994-03-02208,DOWNLOADED,18804,d163c4babc87318836a62660591e9237a03283d6fe635e0fb31a9470dc3d6a54,PLOUBALAY (22) 13.03.1994 | GEIPAN Orange arrow icon Orange arrow icon Orange arrow icon Arrow,
https://www.geipan.fr/fr/cas/1994-04-01353,1994-04-01353,https://www.geipan.fr/fr/cas/1994-04-01353,DOWNLOADED,18203,b2f730026cdda155477ae565e51f4e9968629eeee68d8aec42d9ee9cd0c17a14,PONTET (LE) (84) 18.03.1994 | GEIPAN Orange arrow icon Orange arrow icon Orange arrow icon Arrow,
https://www.geipan.fr/fr/cas/1994-04-01354,1994-04-01354,https://www.geipan.fr/fr/cas/1994-04-01354,DOWNLOADED,18306,aea3b391dbd10d28cc762ce0f3b83b64aa5f96e9a6dc8b4931b11980dbcb4b79,CHATEAUFORT (78) 14.04.1994 | GEIPAN Orange arrow icon Orange arrow icon Orange arrow icon Arrow,
https://www.geipan.fr/fr/cas/1994-04-09053,1994-04-09053,https://www.geipan.fr/fr/cas/1994-04-09053,DOWNLOADED,19008,569fc6b25a2043740d1ac95230ae91bf1db0360237285dbcf92a3bc3ecb832fc,TARASCON (13) --.04.1994 | GEIPAN Orange arrow icon Orange arrow icon Orange arrow icon Arrow,
https://www.geipan.fr/fr/cas/1994-05-01355,1994-05-01355,https://www.geipan.fr/fr/cas/1994-05-01355,DOWNLOADED,18676,7f8e708a57bdc4e9ed4a49ccc316bdf77a688149ed3f1783f9451060c2ac2712,SAINT-CLAUDE (39) 1994 | GEIPAN Orange arrow icon Orange arrow icon Orange arrow icon Arrow,
https://www.geipan.fr/fr/cas/1994-05-01356,1994-05-01356,https://www.geipan.fr/fr/cas/1994-05-01356,DOWNLOADED,18524,37873c9e0cc74c15b3ee03bba641486007b1597e7888ebcd1ac9642f330f1be0,ALLAIRE (56) 1994 | GEIPAN Orange arrow icon Orange arrow icon Orange arrow icon Arrow,
https://www.geipan.fr/fr/cas/1994-05-01357,1994-05-01357,https://www.geipan.fr/fr/cas/1994-05-01357,DOWNLOADED,18963,53e1d36130533d039f20a45472c8993f6e6b89ec7b0242db6b2376df16a6ff34,LA HAYE PESNEL (50) 1994 | GEIPAN Orange arrow icon Orange arrow icon Orange arrow icon Arrow,
https://www.geipan.fr/fr/cas/1994-06-01358,1994-06-01358,https://www.geipan.fr/fr/cas/1994-06-01358,DOWNLOADED,24780,ac9057ae4e73bbb25d21bcd1d44f28466a55d198d8b057f41d0aa73e483d0f48,PELLERIN (LE) (44) 11.06.1994 | GEIPAN Orange arrow icon Orange arrow icon Orange arrow icon Arrow,
https://www.geipan.fr/fr/cas/1994-06-01359,1994-06-01359,https://www.geipan.fr/fr/cas/1994-06-01359,DOWNLOADED,18488,8b991f618740e2a13ecf858de5132ee31d04d06cf82bf620a67cbde975850a7c,RIEZ (04) 22.06.1994 | GEIPAN Orange arrow icon Orange arrow icon Orange arrow icon Arrow,
https://www.geipan.fr/fr/cas/1994-06-01360,1994-06-01360,https://www.geipan.fr/fr/cas/1994-06-01360,DOWNLOADED,19057,18cb93aafbe08b64aa65fd29a80caf5d332e37544bafade39c334257b7170616,USSY-SUR-MARNE (77) 24.06.1994 | GEIPAN Orange arrow icon Orange arrow icon Orange arrow icon Arrow,
https://www.geipan.fr/fr/cas/1994-06-01361,1994-06-01361,https://www.geipan.fr/fr/cas/1994-06-01361,DOWNLOADED,18274,ebb362c1313c2879a0774b142b9ec31f96ae1b475b2cecdc6db9c51f99e0c552,NEUFCHATEL-EN-BRAY (76) 27.06.1994 | GEIPAN Orange arrow icon Orange arrow icon Orange arrow icon Arrow,
https://www.geipan.fr/fr/cas/1994-06-02122,1994-06-02122,https://www.geipan.fr/fr/cas/1994-06-02122,DOWNLOADED,18898,537a1370c5c07454f8477efa0d989a547ee636e32de679e6fca64c8339d5f8f5,LE CAMBOUT (22) 23.06.1994 | GEIPAN Orange arrow icon Orange arrow icon Orange arrow icon Arrow,
https://www.geipan.fr/fr/cas/1994-07-01362,1994-07-01362,https://www.geipan.fr/fr/cas/1994-07-01362,DOWNLOADED,18316,1f4fba6a16a87e092ed19312817d6817ccf70aa88f0464baad36f1e6f13bc676,MARTIGUES (13) 29.07.1994 | GEIPAN Orange arrow icon Orange arrow icon Orange arrow icon Arrow,
https://www.geipan.fr/fr/cas/1994-07-01363,1994-07-01363,https://www.geipan.fr/fr/cas/1994-07-01363,DOWNLOADED,18344,15ea6066ad7921b4049695b8b0af1508e307772b1bce2f09d3d7636158b5d726,JARD-SUR-MER (85) 31.07.1994 | GEIPAN Orange arrow icon Orange arrow icon Orange arrow icon Arrow,
https://www.geipan.fr/fr/cas/1994-07-01716,1994-07-01716,https://www.geipan.fr/fr/cas/1994-07-01716,DOWNLOADED,19216,c7397bcb704eead7b74387061f835b2751247481c33e21d16df0828454303a28,MARSEILLE (13) 31.07.1994 | GEIPAN Orange arrow icon Orange arrow icon Orange arrow icon Arrow,
https://www.geipan.fr/fr/cas/1994-07-01717,1994-07-01717,https://www.geipan.fr/fr/cas/1994-07-01717,DOWNLOADED,22769,ddf918cd134aaa915d0d9018d2e711f1e88de677825caf9f52c007f00dc269f8,ALLAUCH (13) 31.07.1994 | GEIPAN Orange arrow icon Orange arrow icon Orange arrow icon Arrow,
https://www.geipan.fr/fr/cas/1994-07-02310,1994-07-02310,https://www.geipan.fr/fr/cas/1994-07-02310,DOWNLOADED,18779,6044962c966376b023783b54bc33e52017165d492c4251b97c0bfe141ed58a0d,VIEFVILLERS (60) --.07.1994 | GEIPAN Orange arrow icon Orange arrow icon Orange arrow icon Arrow,
https://www.geipan.fr/fr/cas/1994-08-01364,1994-08-01364,https://www.geipan.fr/fr/cas/1994-08-01364,DOWNLOADED,18370,70726a9e1fafc6e82d59fa9d75a82a54bf6668df4d55dcd226bb0fb72c884173,CLERMONT-LE-FORT (31) 10.08.1994 | GEIPAN Orange arrow icon Orange arrow icon Orange arrow icon Arrow,
https://www.geipan.fr/fr/cas/1994-08-01365,1994-08-01365,https://www.geipan.fr/fr/cas/1994-08-01365,DOWNLOADED,18913,0f1ba9e7ea80c718360d05922b5846cba41e0ddbe7d1c3d94da29045e01a8683,L'ISLE EN DODON (31) 1994 | GEIPAN Orange arrow icon Orange arrow icon Orange arrow icon Arrow,
https://www.geipan.fr/fr/cas/1994-08-01366,1994-08-01366,https://www.geipan.fr/fr/cas/1994-08-01366,DOWNLOADED,18360,a6d1bb3007c422374f64674fa57aef072dadec3073640a72668af106da217c23,FUVEAU (13) 17.08.1994 | GEIPAN Orange arrow icon Orange arrow icon Orange arrow icon Arrow,
https://www.geipan.fr/fr/cas/1994-08-02031,1994-08-02031,https://www.geipan.fr/fr/cas/1994-08-02031,DOWNLOADED,19160,c23ef3db60d35603247faf2dc1a9bedd7ad0c5b4c5a233c4b0859e0a0e70bc1a,LACANAU (33) 12.08.1994 | GEIPAN Orange arrow icon Orange arrow icon Orange arrow icon Arrow,
https://www.geipan.fr/fr/cas/1994-08-02432,1994-08-02432,https://www.geipan.fr/fr/cas/1994-08-02432,DOWNLOADED,18989,473583fc72c596d5e5f1e2e57857d67c281c3ca2b9885405f05a60b7522e0bae,MOUSTIERS-SAINTE-MARIE (04) 28.08.1994 | GEIPAN Orange arrow icon Orange arrow icon Orange arrow icon Arrow,
https://www.geipan.fr/fr/cas/1994-09-01367,1994-09-01367,https://www.geipan.fr/fr/cas/1994-09-01367,DOWNLOADED,18418,f8baba0c0556c6d745e456eb3de5172cd12b0bcb27eb7a4c59307a903e3c452a,SAINT-GERVAIS SUR MARE (34) 1994 | GEIPAN Orange arrow icon Orange arrow icon Orange arrow icon Arrow,
https://www.geipan.fr/fr/cas/1994-09-01368,1994-09-01368,https://www.geipan.fr/fr/cas/1994-09-01368,DOWNLOADED,18910,2f625bc175c21b999402122615f6606fd611e9abda13913a5988d42750d4e031,SAINT-VALLIER DE THIEY (06) 1994 | GEIPAN Orange arrow icon Orange arrow icon Orange arrow icon Arrow,
https://www.geipan.fr/fr/cas/1994-09-01369,1994-09-01369,https://www.geipan.fr/fr/cas/1994-09-01369,DOWNLOADED,18584,fecd66416ca840ff9198368270dd547cdb9e81c444352235ea8ff55901f7fcfc,SORGES (24) 16.09.1994 | GEIPAN Orange arrow icon Orange arrow icon Orange arrow icon Arrow,
https://www.geipan.fr/fr/cas/1994-09-01370,1994-09-01370,https://www.geipan.fr/fr/cas/1994-09-01370,DOWNLOADED,18611,965cec007173755800e97f0f7716c660df9e465f1da02b7df0d33ce890d08524,MONTREJEAU (31) 1994 | GEIPAN Orange arrow icon Orange arrow icon Orange arrow icon Arrow,
https://www.geipan.fr/fr/cas/1994-10-01372,1994-10-01372,https://www.geipan.fr/fr/cas/1994-10-01372,DOWNLOADED,22493,b7303ecd32b66acf1aecfa411258a7972cba811ff56bb53fece736390c0583fa,SAINT-CIRGUES (43) 09.10.1994 | GEIPAN Orange arrow icon Orange arrow icon Orange arrow icon Arrow,
https://www.geipan.fr/fr/cas/1994-10-01373,1994-10-01373,https://www.geipan.fr/fr/cas/1994-10-01373,DOWNLOADED,18374,28e6395de1ad2b1c35138867890eeb5ba4a296888bb803eaa2b5220b351dcc7f,CERILLY (03) 18.10.1994 | GEIPAN Orange arrow icon Orange arrow icon Orange arrow icon Arrow,
https://www.geipan.fr/fr/cas/1994-10-01374,1994-10-01374,https://www.geipan.fr/fr/cas/1994-10-01374,DOWNLOADED,18258,0d1593a32255d80893ca71e8a71de5f9a39c333a8a71213e9029c0e3c115f3ed,HUAHINE (987) 20.10.1994 | GEIPAN Orange arrow icon Orange arrow icon Orange arrow icon Arrow,
https://www.geipan.fr/fr/cas/1994-10-01375,1994-10-01375,https://www.geipan.fr/fr/cas/1994-10-01375,DOWNLOADED,18425,d2b93b7f137ffee40bd4efe57fb2fa97946d3663289ac9719f6ee1cd6453209a,MONTPONT-EN-BRESSE (71) 25.10.1984 | GEIPAN Orange arrow icon Orange arrow icon Orange arrow icon Arrow,
https://www.geipan.fr/fr/cas/1994-10-01376,1994-10-01376,https://www.geipan.fr/fr/cas/1994-10-01376,DOWNLOADED,19172,9389fab60e5a6d05f92ee906777ba348bc66b96fb3b95797c672c2ef7274dd3d,NATIONAL (975) 28.10.1994 | GEIPAN Orange arrow icon Orange arrow icon Orange arrow icon Arrow,
https://www.geipan.fr/fr/cas/1994-10-01377,1994-10-01377,https://www.geipan.fr/fr/cas/1994-10-01377,DOWNLOADED,19581,fd2797f3261d5a23af9380b0fc5d99f579e852596411cb4a6363f4074933b99f,SELESTAT (67) 30.10.1994 | GEIPAN Orange arrow icon Orange arrow icon Orange arrow icon Arrow,
https://www.geipan.fr/fr/cas/1994-10-01692,1994-10-01692,https://www.geipan.fr/fr/cas/1994-10-01692,DOWNLOADED,19331,48b9dbebd68723f02dc6972b35bbd5e3dc657a8fb600812bfb31b85395cf3445,(DPT) NOUVELLE-CALEDONIE (988) 28.10.1994 | GEIPAN Orange arrow icon Orange arrow icon Orange arrow icon Arrow,
https://www.geipan.fr/fr/cas/1994-11-01378,1994-11-01378,https://www.geipan.fr/fr/cas/1994-11-01378,DOWNLOADED,19357,068ed665ff3525528ffa5697b721b15c6beaa2bb6684395dcf31617a40421425,LACAPELLE MARIVAL (46) 1994 | GEIPAN Orange arrow icon Orange arrow icon Orange arrow icon Arrow,
https://www.geipan.fr/fr/cas/1994-11-01379,1994-11-01379,https://www.geipan.fr/fr/cas/1994-11-01379,DOWNLOADED,18675,3fae35fa5c10d67d989cae913daaa35170798e87d23d8c6c096ae8899c6d2964,EAUZE (32) 1994 | GEIPAN Orange arrow icon Orange arrow icon Orange arrow icon Arrow,
https://www.geipan.fr/fr/cas/1994-11-50853,1994-11-50853,https://www.geipan.fr/fr/cas/1994-11-50853,DOWNLOADED,19777,d8cd76c926cdc17146fd23aa5416bcfc0aaa11cf2b17634d4e2f7ebb95e4a5a0,BOURRIOT-BERGONCE (40) 10.11.1994 | GEIPAN Orange arrow icon Orange arrow icon Orange arrow icon Arrow,
https://www.geipan.fr/fr/cas/1994-12-02367,1994-12-02367,https://www.geipan.fr/fr/cas/1994-12-02367,DOWNLOADED,22975,cf77de43d119cc4f888494fd1f6fc5a0aef5d4ffa35f7cf1b33cc5d16b78f06c,PLERIN (22) 29.12.1994 | GEIPAN Orange arrow icon Orange arrow icon Orange arrow icon Arrow,
https://www.geipan.fr/fr/cas/1994-12-09754,1994-12-09754,https://www.geipan.fr/fr/cas/1994-12-09754,DOWNLOADED,22966,8d8bf2c361f1a5e0bf4216140c72604a4620df59a67154e7167518b034908b8f,VENUS — PLERIN (22) 31.12.1994 | GEIPAN Orange arrow icon Orange arrow icon Orange arrow icon Arrow,
https://www.geipan.fr/fr/cas/1994-12-09759,1994-12-09759,https://www.geipan.fr/fr/cas/1994-12-09759,DOWNLOADED,22962,5964d8affa716d2b3a6495a0cc97d645128a388fd1cd479f832f76c0c1d8a86c,PLERIN (22) 31.12.1994 | GEIPAN Orange arrow icon Orange arrow icon Orange arrow icon Arrow,
https://www.geipan.fr/fr/cas/1994-12-09760,1994-12-09760,https://www.geipan.fr/fr/cas/1994-12-09760,DOWNLOADED,22803,3b1efa394c174bc7076d76a1f80d9890743bfba9dc3753a5a84753a644f244a9,PLERIN (22) 28.12.1994 | GEIPAN Orange arrow icon Orange arrow icon Orange arrow icon Arrow,
https://www.geipan.fr/fr/cas/1995-01-01383,1995-01-01383,https://www.geipan.fr/fr/cas/1995-01-01383,DOWNLOADED,18334,a9d3b269c879842b691a6b5d6e82019a85218ce4896c9679ec95162088891ee2,GUENANGE (57) 12.01.1995 | GEIPAN Orange arrow icon Orange arrow icon Orange arrow icon Arrow,
https://www.geipan.fr/fr/cas/1995-02-01384,1995-02-01384,https://www.geipan.fr/fr/cas/1995-02-01384,DOWNLOADED,18338,bb53bd867f96d795c9cd84ceaad928e85935e6fb148320e133d21bd06d555099,SAINT-MARTIN (971) 06.02.1995 | GEIPAN Orange arrow icon Orange arrow icon Orange arrow icon Arrow,
https://www.geipan.fr/fr/cas/1995-02-01385,1995-02-01385,https://www.geipan.fr/fr/cas/1995-02-01385,DOWNLOADED,18307,48f79922fd99a4f52fb0dde171ab31adb993b4e66adb27b60826db711648073d,PARIS (75) 22.02.1995 | GEIPAN Orange arrow icon Orange arrow icon Orange arrow icon Arrow,
https://www.geipan.fr/fr/cas/1995-02-01652,1995-02-01652,https://www.geipan.fr/fr/cas/1995-02-01652,DOWNLOADED,23902,dfaa4628d0677872fb23bed9240e471e3f05452c4f6ff002889414a07815be21,LEVERNOIS (21) 22.02.1995 | GEIPAN Orange arrow icon Orange arrow icon Orange arrow icon Arrow,
https://www.geipan.fr/fr/cas/1995-03-01386,1995-03-01386,https://www.geipan.fr/fr/cas/1995-03-01386,DOWNLOADED,18322,5f27d578f7a387b1544d041e0a08edfc73dba0afbcf4dd38b4669a06549e69b8,SAINT-GEORGES-DE-DIDONNE (17) --.03.1995 | GEIPAN Orange arrow icon Orange arrow icon Orange arrow icon Arrow,
https://www.geipan.fr/fr/cas/1995-04-01389,1995-04-01389,https://www.geipan.fr/fr/cas/1995-04-01389,DOWNLOADED,24527,0d5b57af692b813598545331a3617df3f6e09b5f71066fba63dbeaee8421cdad,SAINT-SYLVAIN-D'ANJOU (49) 24.04.1995 | GEIPAN Orange arrow icon Orange arrow icon Orange arrow icon Arrow,
https://www.geipan.fr/fr/cas/1995-04-01390,1995-04-01390,https://www.geipan.fr/fr/cas/1995-04-01390,DOWNLOADED,18647,94395c9d9408d629c7c90bacdcf77d10a6177b07c136da65ab514f26058136a7,CONQUES-SUR-ORBIEL (11) 30.04.1995 | GEIPAN Orange arrow icon Orange arrow icon Orange arrow icon Arrow,
https://www.geipan.fr/fr/cas/1995-05-01392,1995-05-01392,https://www.geipan.fr/fr/cas/1995-05-01392,DOWNLOADED,20063,800a39ea03b0df545edbf9a430c36dc9606c57f272b55cbdbf7e5fa2dba3899d,THORONET (LE) (83) 14.05.1995 | GEIPAN Orange arrow icon Orange arrow icon Orange arrow icon Arrow,
https://www.geipan.fr/fr/cas/1995-05-01393,1995-05-01393,https://www.geipan.fr/fr/cas/1995-05-01393,DOWNLOADED,19427,bb6a865c0aa455717418323befc39b526f567001965e4199b50c3629519dec23,FONTIES-D'AUDE (11) 2-.05.1995 | GEIPAN Orange arrow icon Orange arrow icon Orange arrow icon Arrow,
https://www.geipan.fr/fr/cas/1995-05-01394,1995-05-01394,https://www.geipan.fr/fr/cas/1995-05-01394,DOWNLOADED,18667,c53719f34133649614ce14068cf56ea7d3bd526c671c061097ca111cdd5f67d1,VILLENEUVE-SUR-LOT (47) 29.05.1995 | GEIPAN Orange arrow icon Orange arrow icon Orange arrow icon Arrow,
https://www.geipan.fr/fr/cas/1995-06-01395,1995-06-01395,https://www.geipan.fr/fr/cas/1995-06-01395,DOWNLOADED,18367,c81d2760701fef517009cd805219274662bcfccf720069ebb78a5faf2ae08090,[D996] de MOLOY (21) vers ECHALOT (21) 25.06.1995 | GEIPAN Orange arrow icon Orange arrow icon Orange arrow icon Arrow,
https://www.geipan.fr/fr/cas/1995-07-01396,1995-07-01396,https://www.geipan.fr/fr/cas/1995-07-01396,DOWNLOADED,18631,a2b110b46750859ba95d78bcedd70b7c83ff73cc2a6b983eb982ce5406863e95,SAINT-POL SUR TERNOISE (62) 1995 | GEIPAN Orange arrow icon Orange arrow icon Orange arrow icon Arrow,
https://www.geipan.fr/fr/cas/1995-07-01397,1995-07-01397,https://www.geipan.fr/fr/cas/1995-07-01397,DOWNLOADED,18361,dfc305bfec72328687b1b5e7ef321afe802030318e1d13d60b3cd47ffdbb5be2,VAIRES-SUR-MARNE (77) 24.07.1995 | GEIPAN Orange arrow icon Orange arrow icon Orange arrow icon Arrow,
https://www.geipan.fr/fr/cas/1995-09-01398,1995-09-01398,https://www.geipan.fr/fr/cas/1995-09-01398,DOWNLOADED,18396,043f83e5c4145cf9f2f5ef7dad4c0bfaca1a6a2185923f7a57dff6562c0135c9,MOUVAUX (59) 04.09.1995 | GEIPAN Orange arrow icon Orange arrow icon Orange arrow icon Arrow,
https://www.geipan.fr/fr/cas/1995-09-01399,1995-09-01399,https://www.geipan.fr/fr/cas/1995-09-01399,DOWNLOADED,18953,1fd23105b3221637254d6ceb35ae71493f6b2208babf1baacab1d8b718f604e5,PERIGUEUX (24) 1995 | GEIPAN Orange arrow icon Orange arrow icon Orange arrow icon Arrow,
https://www.geipan.fr/fr/cas/1995-09-01400,1995-09-01400,https://www.geipan.fr/fr/cas/1995-09-01400,DOWNLOADED,18871,18fd8af835ade2ce75f7edc34f6c5c4a7600bc5db3ef4a0aa87bd46855027a5b,DOMPIERRE LES ORMES (71) 1995 | GEIPAN Orange arrow icon Orange arrow icon Orange arrow icon Arrow,
https://www.geipan.fr/fr/cas/1995-10-01402,1995-10-01402,https://www.geipan.fr/fr/cas/1995-10-01402,DOWNLOADED,18482,5fead66abcaacbb32838760541b94c219fc3a5c7021d7f514c544773f88122aa,COULANGE SUR YONNE (89) 1995 | GEIPAN Orange arrow icon Orange arrow icon Orange arrow icon Arrow,
https://www.geipan.fr/fr/cas/1995-10-01659,1995-10-01659,https://www.geipan.fr/fr/cas/1995-10-01659,DOWNLOADED,18375,67cc4ca81731b2c2e6504e277999afd35816977b618fa9973c579b684792d7d4,ETABLES-SUR-MER (22) 01.10.1995 | GEIPAN Orange arrow icon Orange arrow icon Orange arrow icon Arrow,
https://www.geipan.fr/fr/cas/1995-11-01403,1995-11-01403,https://www.geipan.fr/fr/cas/1995-11-01403,DOWNLOADED,18531,6f63385ed1cc0ab5450326b1e314f80a62b909c41e125fa7e4381b79869333a4,CORGNAC-SUR-L'ISLE (24) 16.11.1995 | GEIPAN Orange arrow icon Orange arrow icon Orange arrow icon Arrow,
https://www.geipan.fr/fr/cas/1995-11-01404,1995-11-01404,https://www.geipan.fr/fr/cas/1995-11-01404,DOWNLOADED,18579,ee97817108e17649367c4d242da526d7610018a1452846e6740ae7225caa9c1d,ABBEVILLE (80) 1995 | GEIPAN Orange arrow icon Orange arrow icon Orange arrow icon Arrow,
https://www.geipan.fr/fr/cas/1995-11-01405,1995-11-01405,https://www.geipan.fr/fr/cas/1995-11-01405,DOWNLOADED,18414,59788fbb338dcca477037e7d4464ca6c5e9758d1aa6676fa7f1d7bc6486eb938,TAISSY (51) 25.11.1995 | GEIPAN Orange arrow icon Orange arrow icon Orange arrow icon Arrow,
https://www.geipan.fr/fr/cas/1995-11-01406,1995-11-01406,https://www.geipan.fr/fr/cas/1995-11-01406,DOWNLOADED,18909,75b81f5c59b9f9d64519fa5dfdc8704598c3a6ade408ec5160da3400db432964,SUCY EN BRIE (94) 1995 | GEIPAN Orange arrow icon Orange arrow icon Orange arrow icon Arrow,
https://www.geipan.fr/fr/cas/1995-11-01715,1995-11-01715,https://www.geipan.fr/fr/cas/1995-11-01715,DOWNLOADED,18527,552e51bb0599f92ab1d5ff3009ef9ea091c50d4c7fba429f16e5d7b0549938b7,LATRESNE (33) 28.11.1995 | GEIPAN Orange arrow icon Orange arrow icon Orange arrow icon Arrow,
https://www.geipan.fr/fr/cas/1995-12-01408,1995-12-01408,https://www.geipan.fr/fr/cas/1995-12-01408,DOWNLOADED,18443,9ac168964f4db0db5318e74ae89d08d81bad84f477c96447e86f0c0221b1b486,SAINT-GENIES-BELLEVUE (31) 01.12.1995 | GEIPAN Orange arrow icon Orange arrow icon Orange arrow icon Arrow,
https://www.geipan.fr/fr/cas/1995-12-01411,1995-12-01411,https://www.geipan.fr/fr/cas/1995-12-01411,DOWNLOADED,22102,7b3569ee72b50d170b0daf107cb92323ac121928c2dd0d1d2f4439f7d8b581c9,MAURON (56) 23.12.1995 | GEIPAN Orange arrow icon Orange arrow icon Orange arrow icon Arrow,
https://www.geipan.fr/fr/cas/1995-12-01412,1995-12-01412,https://www.geipan.fr/fr/cas/1995-12-01412,DOWNLOADED,18379,6ed5daf14ee8ecc548f58d421e9982c4ea89387985a813bda4c91df36c688f57,MONTFERRIER-SUR-LEZ (34) 31.12.1995 | GEIPAN Orange arrow icon Orange arrow icon Orange arrow icon Arrow,
https://www.geipan.fr/fr/cas/1996-01-01667,1996-01-01667,https://www.geipan.fr/fr/cas/1996-01-01667,DOWNLOADED,18901,6041a330f0757ede04c61333c8c0b2ba9b0aa2c8248c8ff43684dfe925cd0e72,COUY (18) 09.01.1996 | GEIPAN Orange arrow icon Orange arrow icon Orange arrow icon Arrow,
https://www.geipan.fr/fr/cas/1996-01-02421,1996-01-02421,https://www.geipan.fr/fr/cas/1996-01-02421,DOWNLOADED,19227,28b43d8401a671fc8c1adea44fb15db89af9c654971f5017f63703bd4e81a78b,[D15] de RESSONS-SUR-MATZ (60) vers THOUROTTE (60) --.--.1996 | GEIPAN Orange arrow icon Orange arrow icon Orange arrow icon Arrow,
https://www.geipan.fr/fr/cas/1996-02-01658,1996-02-01658,https://www.geipan.fr/fr/cas/1996-02-01658,DOWNLOADED,18516,0a002ae08676d18886ab0d04a0894b7d9a1b362536f54d6fbe5ca51803a1b04c,EPERNAY (51) 1996 | GEIPAN Orange arrow icon Orange arrow icon Orange arrow icon Arrow,
https://www.geipan.fr/fr/cas/1996-03-01416,1996-03-01416,https://www.geipan.fr/fr/cas/1996-03-01416,DOWNLOADED,19100,8d6e69ab5cd54fc6b1a438f02dabb2a395e0c2b0c70a9b3f72d645da17150591,REUNION (974) 1996 | GEIPAN Orange arrow icon Orange arrow icon Orange arrow icon Arrow,
https://www.geipan.fr/fr/cas/1996-03-01417,1996-03-01417,https://www.geipan.fr/fr/cas/1996-03-01417,DOWNLOADED,18492,c23b8a190f5ca3cbe8e69762288e2b5217eea1c8ae14ea78efd235ed724b696f,BIGNICOURT-SUR-MARNE (51) 09.03.1996 | GEIPAN Orange arrow icon Orange arrow icon Orange arrow icon Arrow,
https://www.geipan.fr/fr/cas/1996-04-01420,1996-04-01420,https://www.geipan.fr/fr/cas/1996-04-01420,DOWNLOADED,18386,fb6edefe903b8b301cfcc5ebae28662c97acf755e0e8b7a1459ea3ead0b4a956,CAISSARGUES (30) 08.04.1996 | GEIPAN Orange arrow icon Orange arrow icon Orange arrow icon Arrow,
https://www.geipan.fr/fr/cas/1996-04-01421,1996-04-01421,https://www.geipan.fr/fr/cas/1996-04-01421,DOWNLOADED,18457,8f381c7f70a9381e7bfef118adb211a4a54347ec6914f376d2065b878755fa77,GAGNY (93) 20.04.1996 | GEIPAN Orange arrow icon Orange arrow icon Orange arrow icon Arrow,
https://www.geipan.fr/fr/cas/1996-04-01669,1996-04-01669,https://www.geipan.fr/fr/cas/1996-04-01669,DOWNLOADED,18406,9bfc39d377b33324d59c5316e020f6e546780717824ca014fee3c85578b50e6c,VERDUN (55) 01.04.1996 | GEIPAN Orange arrow icon Orange arrow icon Orange arrow icon Arrow,
https://www.geipan.fr/fr/cas/1996-05-01422,1996-05-01422,https://www.geipan.fr/fr/cas/1996-05-01422,DOWNLOADED,18274,d5aeaa8a8fd572cb043a9a0ebed670b623de3076a0bb43475ec92b042bcdbbe4,ALLERY (80) 27.03.1996 | GEIPAN Orange arrow icon Orange arrow icon Orange arrow icon Arrow,
https://www.geipan.fr/fr/cas/1996-05-01424,1996-05-01424,https://www.geipan.fr/fr/cas/1996-05-01424,DOWNLOADED,18359,f3df00fed9a966a470fdf31f2413bd1e10e44b9865d23c1053de4f9c5e56937f,GOURDON (06) 20.05.1996 | GEIPAN Orange arrow icon Orange arrow icon Orange arrow icon Arrow,
https://www.geipan.fr/fr/cas/1996-07-01425,1996-07-01425,https://www.geipan.fr/fr/cas/1996-07-01425,DOWNLOADED,18372,911070ffb9d6a68f43b00d98fe5250d99ed6aa15a6d61665f64313e35935d53a,LEVENS (06) 03.07.1996 | GEIPAN Orange arrow icon Orange arrow icon Orange arrow icon Arrow,
https://www.geipan.fr/fr/cas/1996-08-01430,1996-08-01430,https://www.geipan.fr/fr/cas/1996-08-01430,DOWNLOADED,33250,dd51e47f38a60f8acdb23128d8753954566b577e379e21fe6067cf305393fdad,RENTREE ATMOSPHERIQUE — NATIONAL (FR) 01.08.1996 | GEIPAN Orange arrow icon Orange arrow icon Orange arrow icon Arrow,
https://www.geipan.fr/fr/cas/1996-08-01431,1996-08-01431,https://www.geipan.fr/fr/cas/1996-08-01431,DOWNLOADED,18797,851a790e81adef19b12b9f30a1b0e79a0a5ab63d124c624c60f53b062b53b0f4,TAVACO (2A) 08.08.1996 | GEIPAN Orange arrow icon Orange arrow icon Orange arrow icon Arrow,
https://www.geipan.fr/fr/cas/1996-08-01432,1996-08-01432,https://www.geipan.fr/fr/cas/1996-08-01432,DOWNLOADED,18565,fd8b22f7345f4c1e33ec63e07eb04bb50efe29907a38e750768b989812219cc0,THIL (10) 11.08.1996 | GEIPAN Orange arrow icon Orange arrow icon Orange arrow icon Arrow,
https://www.geipan.fr/fr/cas/1996-09-01433,1996-09-01433,https://www.geipan.fr/fr/cas/1996-09-01433,DOWNLOADED,18305,ed33a1f941b24ad0ee304b75c10903ae628fb1ffc6693979ad017acd90349965,MONT-DORE (63) 07.09.1996 | GEIPAN Orange arrow icon Orange arrow icon Orange arrow icon Arrow,
https://www.geipan.fr/fr/cas/1996-09-01434,1996-09-01434,https://www.geipan.fr/fr/cas/1996-09-01434,DOWNLOADED,22060,a3f93a2044628f88436740719ceadfedd07cfcf1661529d4aa8462459f80b269,NANCRAS (17) 16.09.1996 | GEIPAN Orange arrow icon Orange arrow icon Orange arrow icon Arrow,
https://www.geipan.fr/fr/cas/1996-10-01437,1996-10-01437,https://www.geipan.fr/fr/cas/1996-10-01437,DOWNLOADED,18257,4c60b22aef09781f83933f9afa64b706d35c89132fcfae77e9f14b93fae527bf,MARSEILLE (13) 31.08.1996 | GEIPAN Orange arrow icon Orange arrow icon Orange arrow icon Arrow,
https://www.geipan.fr/fr/cas/1996-10-02832,1996-10-02832,https://www.geipan.fr/fr/cas/1996-10-02832,DOWNLOADED,19325,11d0af3fd3171433e30149852e82385fd77972f33353d17f7deaccaf10eddf80,ANGERS (49) 30.10.1996 | GEIPAN Orange arrow icon Orange arrow icon Orange arrow icon Arrow,
https://www.geipan.fr/fr/cas/1996-11-01438,1996-11-01438,https://www.geipan.fr/fr/cas/1996-11-01438,DOWNLOADED,18641,fd8fb202882b4cde6e0063ff522ca926bdc4ef440ddabe3a755f43068df8f76f,MARCHIENNES (59) 1996 | GEIPAN Orange arrow icon Orange arrow icon Orange arrow icon Arrow,
https://www.geipan.fr/fr/cas/1996-12-01440,1996-12-01440,https://www.geipan.fr/fr/cas/1996-12-01440,DOWNLOADED,18333,19063df2adf45f9bc4663a0e85642cc003bd809e767bade621e3f4b68af03e0e,CANLY (60) 24.11.1996 | GEIPAN Orange arrow icon Orange arrow icon Orange arrow icon Arrow,
https://www.geipan.fr/fr/cas/1996-12-01441,1996-12-01441,https://www.geipan.fr/fr/cas/1996-12-01441,DOWNLOADED,18264,c994bfe92c67680b35b44b8c91b9abcf571b06577f05d04e2ce53b264fd339bc,ILLKIRCH-GRAFFENSTADEN (67) 22.11.1996 | GEIPAN Orange arrow icon Orange arrow icon Orange arrow icon Arrow,
https://www.geipan.fr/fr/cas/1997-01-01443,1997-01-01443,https://www.geipan.fr/fr/cas/1997-01-01443,DOWNLOADED,18847,c9c7a9a02fc831cb8a66d155a2edb14a2c6c4de97f1f1ad830f108dea26cc795,LOUHANS (71) 14.01.1997 | GEIPAN Orange arrow icon Orange arrow icon Orange arrow icon Arrow,
https://www.geipan.fr/fr/cas/1997-02-01444,1997-02-01444,https://www.geipan.fr/fr/cas/1997-02-01444,DOWNLOADED,21234,8f667ceeb63904f67de19fd032ff908b03413187328e085c059d9a6cbd87cbb7,SUD-OUEST 04.02.1997 | GEIPAN Orange arrow icon Orange arrow icon Orange arrow icon Arrow,
https://www.geipan.fr/fr/cas/1997-02-01446,1997-02-01446,https://www.geipan.fr/fr/cas/1997-02-01446,DOWNLOADED,26173,45ba97212fc1872499113ad315724465dba7f701d5772978556988b7c1c4ee0a,MONTPELLIER (34) 17.03.1997 | GEIPAN Orange arrow icon Orange arrow icon Orange arrow icon Arrow,
https://www.geipan.fr/fr/cas/1997-02-01447,1997-02-01447,https://www.geipan.fr/fr/cas/1997-02-01447,DOWNLOADED,22080,daf296d7a5d13304ac25c6b4d0f179a0f19236bf5cfe9ba299ac813b01775ed6,CHATEAUNEUF-LES-MARTIGUES (13) 13.02.1997 | GEIPAN Orange arrow icon Orange arrow icon Orange arrow icon Arrow,
https://www.geipan.fr/fr/cas/1997-02-01670,1997-02-01670,https://www.geipan.fr/fr/cas/1997-02-01670,DOWNLOADED,22568,9430c2f78f4ca504448a5748cce4e95d81b068a4417ba5822e667b0407760f8c,VOUZIERS (08) 06.02.1997 | GEIPAN Orange arrow icon Orange arrow icon Orange arrow icon Arrow,
https://www.geipan.fr/fr/cas/1997-03-01449,1997-03-01449,https://www.geipan.fr/fr/cas/1997-03-01449,DOWNLOADED,18309,39ce4d771f31637c68e1f8e3e36c6a0269d6b8fb71a42a28804ae8ecbc7730a5,LUNEL (34) 07.03.1997 | GEIPAN Orange arrow icon Orange arrow icon Orange arrow icon Arrow,
https://www.geipan.fr/fr/cas/1997-03-01450,1997-03-01450,https://www.geipan.fr/fr/cas/1997-03-01450,DOWNLOADED,18338,8195add2f3f9da68559f75bbd7370536276424e088c876923733ab1180c7ed3d,SAINT-VINCENT-DE-PAUL (40) 09.03.1997 | GEIPAN Orange arrow icon Orange arrow icon Orange arrow icon Arrow,
https://www.geipan.fr/fr/cas/1997-03-01454,1997-03-01454,https://www.geipan.fr/fr/cas/1997-03-01454,DOWNLOADED,21385,90b0a6fa58cd8405a60b346ece225ec0c3e836c5bbff846cb70041c4ec9210a8,RENTREE ATMOSPHERIQUE — NATIONAL (FR) 17.03.1997 | GEIPAN Orange arrow icon Orange arrow icon Orange arrow icon Arrow,
https://www.geipan.fr/fr/cas/1997-03-01664,1997-03-01664,https://www.geipan.fr/fr/cas/1997-03-01664,DOWNLOADED,18314,3528549104dae5ea862598004fac8b48201a9ab64ac40706e7aa26acf7c51ce3,POUANCE (49) 11.03.1997 | GEIPAN Orange arrow icon Orange arrow icon Orange arrow icon Arrow,
https://www.geipan.fr/fr/cas/1997-03-50840,1997-03-50840,https://www.geipan.fr/fr/cas/1997-03-50840,DOWNLOADED,26184,cbd7a59c070a50054b5a501aecbe23fb8802777c92fcdb5c52d5f9f5bbfe3714,MAUGUIO (34) 17.03.1997 T1 | GEIPAN Orange arrow icon Orange arrow icon Orange arrow icon Arrow,
https://www.geipan.fr/fr/cas/1997-03-50846,1997-03-50846,https://www.geipan.fr/fr/cas/1997-03-50846,DOWNLOADED,26200,3f283bd4a037691ae3eebc39d390038d3e3ac60bf9c4adf090017747c7656479,MAUGUIO (34) 17.03.1997 T2 | GEIPAN Orange arrow icon Orange arrow icon Orange arrow icon Arrow,
https://www.geipan.fr/fr/cas/1997-03-50847,1997-03-50847,https://www.geipan.fr/fr/cas/1997-03-50847,DOWNLOADED,26233,aab796304c13a9ffe6c8f6172b47dc93b677c00e020cb17fd3489e7832222e5e,CABESTANY (66) 17.03.1997 | GEIPAN Orange arrow icon Orange arrow icon Orange arrow icon Arrow,
https://www.geipan.fr/fr/cas/1997-04-01755,1997-04-01755,https://www.geipan.fr/fr/cas/1997-04-01755,DOWNLOADED,20690,9f9e3de39026d75788c276c765ebbf87966ffb5711ab4e0a36d869eed2884877,CHAMBERY (73) 10.04.1997 | GEIPAN Orange arrow icon Orange arrow icon Orange arrow icon Arrow,
https://www.geipan.fr/fr/cas/1997-04-02010,1997-04-02010,https://www.geipan.fr/fr/cas/1997-04-02010,DOWNLOADED,18994,22964b6f1eb6e95b7f0ee5c0b40e142922d77d16c74ebfdfab32f41378babae5,NICE (06) 25.04.1997 | GEIPAN Orange arrow icon Orange arrow icon Orange arrow icon Arrow,
https://www.geipan.fr/fr/cas/1997-05-01457,1997-05-01457,https://www.geipan.fr/fr/cas/1997-05-01457,DOWNLOADED,23148,1873b3812646704afbdffcaca8eb1378a3e5f4080592917da6bbbec7edd4efe5,SAINT-DENIS-DE-L'HOTEL (45) 24.03.1997 | GEIPAN Orange arrow icon Orange arrow icon Orange arrow icon Arrow,
https://www.geipan.fr/fr/cas/1997-05-01660,1997-05-01660,https://www.geipan.fr/fr/cas/1997-05-01660,DOWNLOADED,18224,d7657ba8aece883c1b16cace8d6580e60e1a9301ef8b753fb6f8b77e2a7e4bef,GAILLAC (81) 12.05.1997 | GEIPAN Orange arrow icon Orange arrow icon Orange arrow icon Arrow,
https://www.geipan.fr/fr/cas/1997-05-01661,1997-05-01661,https://www.geipan.fr/fr/cas/1997-05-01661,DOWNLOADED,18827,a135ea4df47aa53f657843b2f448b272cc72b7e99edc5f37301f6096c46344ca,MEILLERAYE DE BRETAGNE (44) 1997 | GEIPAN Orange arrow icon Orange arrow icon Orange arrow icon Arrow,
https://www.geipan.fr/fr/cas/1997-06-01458,1997-06-01458,https://www.geipan.fr/fr/cas/1997-06-01458,DOWNLOADED,18301,33770c51181d4e8f3da3d08e21a603ad9756966ee995ad920f05b7beca8e090f,LILLE (59) 06.06.1997 | GEIPAN Orange arrow icon Orange arrow icon Orange arrow icon Arrow,
https://www.geipan.fr/fr/cas/1997-06-01459,1997-06-01459,https://www.geipan.fr/fr/cas/1997-06-01459,DOWNLOADED,20898,7699b1faf06982749731f544e51f6634d2b87a79f8cfec7d30c5e78c23ba7002,BEZIERS (34) 21.06.1997 | GEIPAN Orange arrow icon Orange arrow icon Orange arrow icon Arrow,
https://www.geipan.fr/fr/cas/1997-07-01464,1997-07-01464,https://www.geipan.fr/fr/cas/1997-07-01464,DOWNLOADED,24249,89cd331a7e8e0abb7836f41107a35e78320583025fc8ae00f34cbd9f3507ca51,CHAPELLE-SAINT-FLORENT (LA) (49) 21.07.1997 | GEIPAN Orange arrow icon Orange arrow icon Orange arrow icon Arrow,
https://www.geipan.fr/fr/cas/1997-08-01465,1997-08-01465,https://www.geipan.fr/fr/cas/1997-08-01465,DOWNLOADED,18742,ca924283c969c80a718e31a4c5b474a252733a153c3ba7032a9a7dc501f3240d,SABLES-D'OLONNE (LES) (85) 04.07.1997 | GEIPAN Orange arrow icon Orange arrow icon Orange arrow icon Arrow,
https://www.geipan.fr/fr/cas/1997-08-01466,1997-08-01466,https://www.geipan.fr/fr/cas/1997-08-01466,DOWNLOADED,18299,23d2ffa4ce516d0e5f5ec8f2cdd9a7ad74d6c8f984897fe6036ce29c9a492122,VILLIERS-LE-MORHIER (28) 04.08.1997 | GEIPAN Orange arrow icon Orange arrow icon Orange arrow icon Arrow,
https://www.geipan.fr/fr/cas/1997-08-01467,1997-08-01467,https://www.geipan.fr/fr/cas/1997-08-01467,DOWNLOADED,18466,e82495d4129ec708efecef1831f050c0f3371deddd18f0f1bf6969ff1525eb00,CHAMALIERES (63) 09.08.1997 | GEIPAN Orange arrow icon Orange arrow icon Orange arrow icon Arrow,
https://www.geipan.fr/fr/cas/1997-08-01468,1997-08-01468,https://www.geipan.fr/fr/cas/1997-08-01468,DOWNLOADED,26916,5b27b98f4186b11f3c060869cfbc0fd11b7382a4bd6270d8f7280b79873860ef,REUNION (LA) (974) 15.08.1997 | GEIPAN Orange arrow icon Orange arrow icon Orange arrow icon Arrow,
https://www.geipan.fr/fr/cas/1997-08-01469,1997-08-01469,https://www.geipan.fr/fr/cas/1997-08-01469,DOWNLOADED,19435,b6b02688dd4fae37bac54831fddcae356ff484fd232c59b2ffbd9f6583812552,LORRAINE AOUT 1997 | GEIPAN Orange arrow icon Orange arrow icon Orange arrow icon Arrow,
https://www.geipan.fr/fr/cas/1997-08-01671,1997-08-01671,https://www.geipan.fr/fr/cas/1997-08-01671,DOWNLOADED,18714,78b4858a7eea16272de9c6b6420e4a55950eb1b3bbcf1ec3c47313516148d242,MAURENS (24) 27.08.1997 | GEIPAN Orange arrow icon Orange arrow icon Orange arrow icon Arrow,
https://www.geipan.fr/fr/cas/1997-08-08418,1997-08-08418,https://www.geipan.fr/fr/cas/1997-08-08418,DOWNLOADED,21202,add16165454ae69500c36c24304b815d3d8471a19b3d8567fcfb28c814c7d896,NIORT (79) --.08.1997 | GEIPAN Orange arrow icon Orange arrow icon Orange arrow icon Arrow,
https://www.geipan.fr/fr/cas/1997-08-09108,1997-08-09108,https://www.geipan.fr/fr/cas/1997-08-09108,DOWNLOADED,21225,d70b3eaf5bfd886ad8b3c8d985a3edd952566ea4c795e98d5fb53d4da72dca40,PORT-LA-NOUVELLE (11) --.08.1997 | GEIPAN Orange arrow icon Orange arrow icon Orange arrow icon Arrow,
https://www.geipan.fr/fr/cas/1997-09-01473,1997-09-01473,https://www.geipan.fr/fr/cas/1997-09-01473,DOWNLOADED,19350,4bbed591b8e25849a97ee7103d3342505294ddf960caa2126195377fc8fbcebe,FIRMINY (42) 1997 | GEIPAN Orange arrow icon Orange arrow icon Orange arrow icon Arrow,
https://www.geipan.fr/fr/cas/1997-09-01474,1997-09-01474,https://www.geipan.fr/fr/cas/1997-09-01474,DOWNLOADED,23924,65d1c8a242b94fcbe3d1c97b48b1801fbb0d265ac425da16aa24e97c2e3224e6,PARIS (75) 24.08.1997 | GEIPAN Orange arrow icon Orange arrow icon Orange arrow icon Arrow,
https://www.geipan.fr/fr/cas/1997-09-01476,1997-09-01476,https://www.geipan.fr/fr/cas/1997-09-01476,DOWNLOADED,18765,cd62e21fa9e0d5bbd3fbe8c1f8c21ef675e781edbf38d64e011bbdac01fa8da3,BILLOM (63) 1997 | GEIPAN Orange arrow icon Orange arrow icon Orange arrow icon Arrow,
https://www.geipan.fr/fr/cas/1997-09-01477,1997-09-01477,https://www.geipan.fr/fr/cas/1997-09-01477,DOWNLOADED,19925,fac16d715521c064f439e5894e1b9c722fb4494168c257170c8684ba1208afd3,METZ (57) 07.09.1997 | GEIPAN Orange arrow icon Orange arrow icon Orange arrow icon Arrow,
https://www.geipan.fr/fr/cas/1997-09-01478,1997-09-01478,https://www.geipan.fr/fr/cas/1997-09-01478,DOWNLOADED,20344,3ab0ffde3476f1ee71a38e89092f1374cd3d484914f95be74852c1cee0385337,BOUZONVILLE (57) 13.09.1997 | GEIPAN Orange arrow icon Orange arrow icon Orange arrow icon Arrow,
https://www.geipan.fr/fr/cas/1997-09-01479,1997-09-01479,https://www.geipan.fr/fr/cas/1997-09-01479,DOWNLOADED,23193,ea96a00caef9f4537eb53f020e5582b586a8f74a54e7ea4f640c07df7fdf6f06,BOULOGNE-BILLANCOURT (92) 07.09.1997 | GEIPAN Orange arrow icon Orange arrow icon Orange arrow icon Arrow,
https://www.geipan.fr/fr/cas/1997-09-01481,1997-09-01481,https://www.geipan.fr/fr/cas/1997-09-01481,DOWNLOADED,19139,8434469fe7094b7f7bbbb30701923b3175268ad1fe83e014ba2d7ba865fc38f3,BOURG SAINT-MAURICE-CHAMBERY (73) 1997 | GEIPAN Orange arrow icon Orange arrow icon Orange arrow icon Arrow,
https://www.geipan.fr/fr/cas/1997-09-01483,1997-09-01483,https://www.geipan.fr/fr/cas/1997-09-01483,DOWNLOADED,18368,61761e9d202aa35bc3cc4f0c81f9474e57aacc40018ad042e2f84ed8c7a95acd,[D93] de VERCHENY (26) vers PONTAIX (26) 29.09.1997 | GEIPAN Orange arrow icon Orange arrow icon Orange arrow icon Arrow,
https://www.geipan.fr/fr/cas/1997-09-01655,1997-09-01655,https://www.geipan.fr/fr/cas/1997-09-01655,DOWNLOADED,24804,bd4cbdd44d58e731daaa9120a7b42eda612f64d43d9448dc2e5e3f776efcada5,SAINT-GERVAIS (30) 09.09.1997 | GEIPAN Orange arrow icon Orange arrow icon Orange arrow icon Arrow,
https://www.geipan.fr/fr/cas/1997-10-01484,1997-10-01484,https://www.geipan.fr/fr/cas/1997-10-01484,DOWNLOADED,22732,d410fd8e22b4b50090b5d86a2db3b9b2179a5781ec2eac478f9cf91a50a30922,BOURTH (27) 10.10.1997 | GEIPAN Orange arrow icon Orange arrow icon Orange arrow icon Arrow,
https://www.geipan.fr/fr/cas/1997-10-01485,1997-10-01485,https://www.geipan.fr/fr/cas/1997-10-01485,DOWNLOADED,22565,a3ff25b5fe0ab9d1d9d8397863a84a7ddc448746f3af6a4ac1b218133d5a53fd,LYON (69) 27.08.1997 | GEIPAN Orange arrow icon Orange arrow icon Orange arrow icon Arrow,
https://www.geipan.fr/fr/cas/1997-10-01486,1997-10-01486,https://www.geipan.fr/fr/cas/1997-10-01486,DOWNLOADED,23212,1385cc8249872a384c69f7f0f9f9ffced94a58b4cfa9782e957ec04b8f900f65,BISSEZEELE (59) 22.10.1997 | GEIPAN Orange arrow icon Orange arrow icon Orange arrow icon Arrow,
https://www.geipan.fr/fr/cas/1997-11-01487,1997-11-01487,https://www.geipan.fr/fr/cas/1997-11-01487,DOWNLOADED,18304,3bc0dbeba053ec02533c9bf6798d7becc26b38a80c9ddad0bdde2d7d5092c04e,CHAMP-DU-BOULT (14) 28.10.1997 | GEIPAN Orange arrow icon Orange arrow icon Orange arrow icon Arrow,
https://www.geipan.fr/fr/cas/1997-11-01489,1997-11-01489,https://www.geipan.fr/fr/cas/1997-11-01489,DOWNLOADED,19629,bb318004f3fcf0e77dc9bb6ec190395312d7abc8115666a2cbb420e43213a9db,FLAVIN (12) 12.09.1996 | GEIPAN Orange arrow icon Orange arrow icon Orange arrow icon Arrow,
https://www.geipan.fr/fr/cas/1997-11-01490,1997-11-01490,https://www.geipan.fr/fr/cas/1997-11-01490,DOWNLOADED,18421,1f4dfa82df0c36a96bd14140188c3c4ef04b2a9ed2eb8756215986afc59fb1db,VILLAMBLARD (24) 13.11.1997 | GEIPAN Orange arrow icon Orange arrow icon Orange arrow icon Arrow,
https://www.geipan.fr/fr/cas/1997-12-01493,1997-12-01493,https://www.geipan.fr/fr/cas/1997-12-01493,DOWNLOADED,18866,4ea4c497adffb8af95e0e3baf4718bb41ce8b0c03cb27102225d2e3f7617bc3f,BRIENNE LE CHATEAU (10) 1997 | GEIPAN Orange arrow icon Orange arrow icon Orange arrow icon Arrow,
https://www.geipan.fr/fr/cas/1997-12-01494,1997-12-01494,https://www.geipan.fr/fr/cas/1997-12-01494,DOWNLOADED,18569,d2d866dcdab1355cd6971f1236db51ac9983d0088d2fe6e9912ab1ed8d39dcc9,CERGY (95) 1997 | GEIPAN Orange arrow icon Orange arrow icon Orange arrow icon Arrow,
https://www.geipan.fr/fr/cas/1997-12-01495,1997-12-01495,https://www.geipan.fr/fr/cas/1997-12-01495,DOWNLOADED,18373,e6a84c1002187bf01cbb10e835b0aecbc570f04d64463ec259727bce673e1457,CANET (11) 14.12.1997 | GEIPAN Orange arrow icon Orange arrow icon Orange arrow icon Arrow,
https://www.geipan.fr/fr/cas/1998-01-01496,1998-01-01496,https://www.geipan.fr/fr/cas/1998-01-01496,DOWNLOADED,18257,2059d1cb6ed00c82177c5e47123f4ecc4fa5bcf5fb89802f7cdc27ebb2193adc,MONTATAIRE (60) 06.01.1998 | GEIPAN Orange arrow icon Orange arrow icon Orange arrow icon Arrow,
https://www.geipan.fr/fr/cas/1998-01-01497,1998-01-01497,https://www.geipan.fr/fr/cas/1998-01-01497,DOWNLOADED,18964,04b9cfd2bbed64a48932e0655114f1a80e015eca17f9a2a7c5a16b5b067e1688,SAINT-VIT (25) 1998 | GEIPAN Orange arrow icon Orange arrow icon Orange arrow icon Arrow,
https://www.geipan.fr/fr/cas/1998-02-01498,1998-02-01498,https://www.geipan.fr/fr/cas/1998-02-01498,DOWNLOADED,18279,6ae3004dfee8ea535703758f595c0e2bea4714e3f61d3e62c1af89b1f0cee881,LOUVATANGE (39) 06.02.1998 | GEIPAN Orange arrow icon Orange arrow icon Orange arrow icon Arrow,
https://www.geipan.fr/fr/cas/1998-02-01499,1998-02-01499,https://www.geipan.fr/fr/cas/1998-02-01499,DOWNLOADED,18473,cfdf47f281674b64964fab13e593fcde770032339d901218ae8c0242b3e7f8a7,MONTPELLIER (34) 08.02.1998 | GEIPAN Orange arrow icon Orange arrow icon Orange arrow icon Arrow,
https://www.geipan.fr/fr/cas/1998-04-01501,1998-04-01501,https://www.geipan.fr/fr/cas/1998-04-01501,DOWNLOADED,18322,75d5e610539de989ece6ec7147ddf1a09232e62802615812bba8974c11eb2dfb,[AERO ---] GRUISSAN (11) 23.04.1998 | GEIPAN Orange arrow icon Orange arrow icon Orange arrow icon Arrow,
https://www.geipan.fr/fr/cas/1998-04-08584,1998-04-08584,https://www.geipan.fr/fr/cas/1998-04-08584,DOWNLOADED,19437,bab1119847572341d1beffbed92abb858e58ac6fdf3c2e08029b679626a1a1e1,BELIS (40) --.04.1998 | GEIPAN Orange arrow icon Orange arrow icon Orange arrow icon Arrow,
https://www.geipan.fr/fr/cas/1998-06-01502,1998-06-01502,https://www.geipan.fr/fr/cas/1998-06-01502,DOWNLOADED,18313,363c9b5a0fbdc8e3d6c2ef5f21c381196b93ddd499e3bd6762a39d47716e7f35,SECLIN (59) 18.06.1998 | GEIPAN Orange arrow icon Orange arrow icon Orange arrow icon Arrow,
https://www.geipan.fr/fr/cas/1998-06-01503,1998-06-01503,https://www.geipan.fr/fr/cas/1998-06-01503,DOWNLOADED,21399,7064fa41101f80ae984166717ec3a6e966c104d8a52680388ce5c7a1d4c8e143,[D17] de MONTPELLIER (34) vers SAINT-MATHIEU-DE-TREVIERS (34) 28.06.1998 | GEIPAN Orange arrow icon Orange arrow icon Orange arrow icon Arrow,
https://www.geipan.fr/fr/cas/1998-07-01504,1998-07-01504,https://www.geipan.fr/fr/cas/1998-07-01504,DOWNLOADED,19082,75433b066c3f7be329b865a79102b84bb5ea75912a710ac1549a20fffc35099f,SAINT-MARTIN DES BESACES (14) 1998 | GEIPAN Orange arrow icon Orange arrow icon Orange arrow icon Arrow,
https://www.geipan.fr/fr/cas/1998-08-01505,1998-08-01505,https://www.geipan.fr/fr/cas/1998-08-01505,DOWNLOADED,18501,e7a92ebfac70733e488a0742a95c1649d2c6d3c978e39a9b6e6463d1a96dc675,CROISSANVILLE (14) 05.08.1998 | GEIPAN Orange arrow icon Orange arrow icon Orange arrow icon Arrow,
https://www.geipan.fr/fr/cas/1998-08-01506,1998-08-01506,https://www.geipan.fr/fr/cas/1998-08-01506,DOWNLOADED,18769,def1c57806340b99297320ceddca662026ce1007e5eafc625fe1122c905a2601,ROZERIEULLES (57) 06.08.1998 | GEIPAN Orange arrow icon Orange arrow icon Orange arrow icon Arrow,
https://www.geipan.fr/fr/cas/1998-08-01507,1998-08-01507,https://www.geipan.fr/fr/cas/1998-08-01507,DOWNLOADED,20333,40f005c53076a9067412b8790b6311e8f0586e38f4bb3e81cdceb0a9c8e099ee,ESPERCE (31) 09.08.1998 | GEIPAN Orange arrow icon Orange arrow icon Orange arrow icon Arrow,
https://www.geipan.fr/fr/cas/1998-08-01508,1998-08-01508,https://www.geipan.fr/fr/cas/1998-08-01508,DOWNLOADED,21850,f422fd250b0da8a1e564de459704f02628e16f4f385928a852644887b5c80207,AERONEF — (REG) GRAND EST (GES) 10.08.1998 | GEIPAN Orange arrow icon Orange arrow icon Orange arrow icon Arrow,
https://www.geipan.fr/fr/cas/1998-08-01509,1998-08-01509,https://www.geipan.fr/fr/cas/1998-08-01509,DOWNLOADED,18314,033860846c982548830b842f7f6a15d6afe4550cca2b612c5efd130717ac848b,MARTRES-SUR-MORGE (63) 11.08.1998 | GEIPAN Orange arrow icon Orange arrow icon Orange arrow icon Arrow,
https://www.geipan.fr/fr/cas/1998-08-01510,1998-08-01510,https://www.geipan.fr/fr/cas/1998-08-01510,DOWNLOADED,25866,76169f573a31ae50ff02195c9184ca5b9efd79026e3a7e3476f9a943cc571933,[AERO PRB] MENDE (48) 12.09.1998 T1 | GEIPAN Orange arrow icon Orange arrow icon Orange arrow icon Arrow,
https://www.geipan.fr/fr/cas/1998-08-01511,1998-08-01511,https://www.geipan.fr/fr/cas/1998-08-01511,DOWNLOADED,18647,ff255de3212d5611181575e6a0456a9556485d7768c3f589c68142e8bca88665,SAINT-CHAMOND (42) 1998 | GEIPAN Orange arrow icon Orange arrow icon Orange arrow icon Arrow,
https://www.geipan.fr/fr/cas/1998-08-01512,1998-08-01512,https://www.geipan.fr/fr/cas/1998-08-01512,DOWNLOADED,20711,04f882aa492d4e598a574c9bbdecdf9e91b1148aa3ac0e35dcd341a19b51c654,FAGNON (08) 14.08.1998 | GEIPAN Orange arrow icon Orange arrow icon Orange arrow icon Arrow,
https://www.geipan.fr/fr/cas/1998-08-01513,1998-08-01513,https://www.geipan.fr/fr/cas/1998-08-01513,DOWNLOADED,18359,2050079cfe97f741a342945bfed890ef49abb19e94729e9ed841c91779fcac93,CHENAC-SAINT-SEURIN-D'UZET (17) 16.08.1998 | GEIPAN Orange arrow icon Orange arrow icon Orange arrow icon Arrow,
https://www.geipan.fr/fr/cas/1998-08-01514,1998-08-01514,https://www.geipan.fr/fr/cas/1998-08-01514,DOWNLOADED,21881,33d26a4dfa0ebfc8179f463ae50704aa6504e051a95707e83e95e99cc3604c5c,[AERO AOM] de CAYENNE (973) vers ORLY (94) 26.08.1998 | GEIPAN Orange arrow icon Orange arrow icon Orange arrow icon Arrow,
https://www.geipan.fr/fr/cas/1998-08-01515,1998-08-01515,https://www.geipan.fr/fr/cas/1998-08-01515,DOWNLOADED,18229,17a322e4b48d1e454db5cded2c6c40080c3f394c367c40b92a3602d6367ce624,JARD-SUR-MER (85) 31.08.1998 | GEIPAN Orange arrow icon Orange arrow icon Orange arrow icon Arrow,
https://www.geipan.fr/fr/cas/1998-08-08430,1998-08-08430,https://www.geipan.fr/fr/cas/1998-08-08430,DOWNLOADED,19201,7206610a9259171ac08a78213342b4229632b1568b027454e47ee0a32b8cb865,HONFLEUR (14) --.08.1998 | GEIPAN Orange arrow icon Orange arrow icon Orange arrow icon Arrow,
https://www.geipan.fr/fr/cas/1998-08-08965,1998-08-08965,https://www.geipan.fr/fr/cas/1998-08-08965,DOWNLOADED,21072,c928ac41db3283cad9648313f75a59a9c4eeb6a540d5249a294fcf4774287b50,CHATEL-MONTAGNE (03) --.08.1998 | GEIPAN Orange arrow icon Orange arrow icon Orange arrow icon Arrow,
https://www.geipan.fr/fr/cas/1998-09-01517,1998-09-01517,https://www.geipan.fr/fr/cas/1998-09-01517,DOWNLOADED,18516,d52438ab0c6f316aaebe082d7f54ab78cf5b57216322babf8bde93955c598cbc,MOISSAC (82) 1998 | GEIPAN Orange arrow icon Orange arrow icon Orange arrow icon Arrow,
https://www.geipan.fr/fr/cas/1998-09-01518,1998-09-01518,https://www.geipan.fr/fr/cas/1998-09-01518,DOWNLOADED,18019,a4bfebdf4e9dc260773c7bf0e85b92ded3ea2139f80b78b681ede477b1207fa1,MARTIGUES (13) 27.09.1998 | GEIPAN Orange arrow icon Orange arrow icon Orange arrow icon Arrow,
https://www.geipan.fr/fr/cas/1998-09-01712,1998-09-01712,https://www.geipan.fr/fr/cas/1998-09-01712,DOWNLOADED,18390,0b3325427578414a37ce00880bbf027c315d10c290e72aa28704faeda234558e,HAVRE (LE) (76) 18.09.1998 | GEIPAN Orange arrow icon Orange arrow icon Orange arrow icon Arrow,
https://www.geipan.fr/fr/cas/1998-09-01713,1998-09-01713,https://www.geipan.fr/fr/cas/1998-09-01713,DOWNLOADED,18512,441a2ef04752bef3f7144d2f7b9638cb422493e883878dab7d95753290b86edf,ARTZENHEIM (68) 18.09.1998 | GEIPAN Orange arrow icon Orange arrow icon Orange arrow icon Arrow,
https://www.geipan.fr/fr/cas/1998-09-01754,1998-09-01754,https://www.geipan.fr/fr/cas/1998-09-01754,DOWNLOADED,20747,e75899e718c5fc7c19b97f47875dae49716b53ad6361e043a7080a5f6bf0861f,VOREPPE (38) 06.09.1998 | GEIPAN Orange arrow icon Orange arrow icon Orange arrow icon Arrow,
https://www.geipan.fr/fr/cas/1998-09-50794,1998-09-50794,https://www.geipan.fr/fr/cas/1998-09-50794,DOWNLOADED,25896,aba58c8535f04c88daa2f3331090a41e916add22389df578e07847df2e9c74cc,[AERO PRB] MENDE (48) 12.09.1998 T2 | GEIPAN Orange arrow icon Orange arrow icon Orange arrow icon Arrow,
https://www.geipan.fr/fr/cas/1998-10-02532,1998-10-02532,https://www.geipan.fr/fr/cas/1998-10-02532,DOWNLOADED,18879,5c3c0d24d02d922a60d33d538a5de01ca6ac2beb08826664059f6bb1a4f9bd6c,MOYEUVRE-GRANDE (57) --.10.1998 | GEIPAN Orange arrow icon Orange arrow icon Orange arrow icon Arrow,
https://www.geipan.fr/fr/cas/1998-11-01519,1998-11-01519,https://www.geipan.fr/fr/cas/1998-11-01519,DOWNLOADED,18329,9470ad2562b8923ad3d368e7950c982ab9da0f007e23c05e283b0e2fdb97c245,BOURG-SAINT-MAURICE (73) 16.11.1998 | GEIPAN Orange arrow icon Orange arrow icon Orange arrow icon Arrow,
https://www.geipan.fr/fr/cas/1998-11-01520,1998-11-01520,https://www.geipan.fr/fr/cas/1998-11-01520,DOWNLOADED,18650,7ddfc7a91701304d42d52d6096ede9c92778992dcf0364500330a1db637f4f83,HOMBOURG HAUT (57) 17.11.1983 | GEIPAN Orange arrow icon Orange arrow icon Orange arrow icon Arrow,
https://www.geipan.fr/fr/cas/1998-12-01522,1998-12-01522,https://www.geipan.fr/fr/cas/1998-12-01522,DOWNLOADED,22911,3ee183e58d62c701170b8f9d25103348aacd5fcc5f272e98c41347df1451893c,ROSHEIM (67) 22.12.1998 | GEIPAN Orange arrow icon Orange arrow icon Orange arrow icon Arrow,
https://www.geipan.fr/fr/cas/1998-12-01714,1998-12-01714,https://www.geipan.fr/fr/cas/1998-12-01714,DOWNLOADED,21588,4cc3b964d6a7e8efb131d425fcebd0103984a34f61a46e4ba12077cf81181b27,MONETAY-SUR-ALLIER (03) 05.12.1998 | GEIPAN Orange arrow icon Orange arrow icon Orange arrow icon Arrow,
https://www.geipan.fr/fr/cas/1999-02-01524,1999-02-01524,https://www.geipan.fr/fr/cas/1999-02-01524,DOWNLOADED,20705,d751516901e39384326ad46afdb02de07e1a21034e2a2ed0abdb2f5e75e6b119,SUD EST FEVRIER 1999 | GEIPAN Orange arrow icon Orange arrow icon Orange arrow icon Arrow,
https://www.geipan.fr/fr/cas/1999-02-01525,1999-02-01525,https://www.geipan.fr/fr/cas/1999-02-01525,DOWNLOADED,18305,b9c2c77262a1082e5cb642b914896d83c7ec133b772cbf965715a6d0d8d78d3d,FRESNAIS (LA) (35) 05.02.1999 | GEIPAN Orange arrow icon Orange arrow icon Orange arrow icon Arrow,
https://www.geipan.fr/fr/cas/1999-02-01526,1999-02-01526,https://www.geipan.fr/fr/cas/1999-02-01526,DOWNLOADED,18967,3b913928cdd6edbc4fccc87a013bfd237dcceb8a8187cf4347b269cbc6c267b0,NATIONAL (975) 22.02.1999 | GEIPAN Orange arrow icon Orange arrow icon Orange arrow icon Arrow,
https://www.geipan.fr/fr/cas/1999-03-01528,1999-03-01528,https://www.geipan.fr/fr/cas/1999-03-01528,DOWNLOADED,18234,492c0a99135663d9969d819e9e0b93b18a6eecb2aab4f0dc9a942b7b5cf36b38,MILLAU (12) 16.03.1999 | GEIPAN Orange arrow icon Orange arrow icon Orange arrow icon Arrow,
https://www.geipan.fr/fr/cas/1999-05-01530,1999-05-01530,https://www.geipan.fr/fr/cas/1999-05-01530,DOWNLOADED,24574,1ceb18aeefdd5431add3520ec4c145f5ce3a541db7d779aae4c0f104a8ceee17,NATIONAL (FR) 05.05.1999 | GEIPAN Orange arrow icon Orange arrow icon Orange arrow icon Arrow,
https://www.geipan.fr/fr/cas/1999-06-01531,1999-06-01531,https://www.geipan.fr/fr/cas/1999-06-01531,DOWNLOADED,18486,c01aaf4c88abb11241738ead778d60647613c758ed6a3bbb35e9deae6749ae93,SAOU (26) 15.06.1999 | GEIPAN Orange arrow icon Orange arrow icon Orange arrow icon Arrow,
https://www.geipan.fr/fr/cas/1999-06-02029,1999-06-02029,https://www.geipan.fr/fr/cas/1999-06-02029,DOWNLOADED,19286,adcd30428afbc9b3587009cb5dabf7597c70d0eebc08bebeb372dfc591b00cfd,SAINT-HILAIRE-LA-PALUD (79) 07.06.1999 | GEIPAN Orange arrow icon Orange arrow icon Orange arrow icon Arrow,
https://www.geipan.fr/fr/cas/1999-07-01532,1999-07-01532,https://www.geipan.fr/fr/cas/1999-07-01532,DOWNLOADED,18381,f78a939a7273d320747fa2998227f738316675532ba98509b56c7369051f6ea8,MALVILLE (44) 25.07.1999 | GEIPAN Orange arrow icon Orange arrow icon Orange arrow icon Arrow,
https://www.geipan.fr/fr/cas/1999-08-01533,1999-08-01533,https://www.geipan.fr/fr/cas/1999-08-01533,DOWNLOADED,18479,e4ef68630c8d261ed5873d419b9a7e94f7327487484d5fff76627576cee83b2e,SAINT-MAUR-DES-FOSSES (94) 01.08.1999 | GEIPAN Orange arrow icon Orange arrow icon Orange arrow icon Arrow,
https://www.geipan.fr/fr/cas/1999-08-01534,1999-08-01534,https://www.geipan.fr/fr/cas/1999-08-01534,DOWNLOADED,18262,d129e9ee4d4a75f1f44faff67d40f7dadb66e58a0148fd57f6c9ab9f68b5cf52,BOISSE (LA) (01) 11.08.1999 | GEIPAN Orange arrow icon Orange arrow icon Orange arrow icon Arrow,
https://www.geipan.fr/fr/cas/1999-08-01535,1999-08-01535,https://www.geipan.fr/fr/cas/1999-08-01535,DOWNLOADED,18375,3504b3de81176ad7cb18c40c4c1fd2d46f60af11267e49e4b6750c8c5a6d5af1,CHESSY (69) 19.08.1999 | GEIPAN Orange arrow icon Orange arrow icon Orange arrow icon Arrow,
https://www.geipan.fr/fr/cas/1999-08-01537,1999-08-01537,https://www.geipan.fr/fr/cas/1999-08-01537,DOWNLOADED,18365,11dfaa87f130c7ca946c32a1dae297895637bd5c42055079be20220d214475a6,[AERO XLF] SEPVRET (79) 26.08.1999 | GEIPAN Orange arrow icon Orange arrow icon Orange arrow icon Arrow,
https://www.geipan.fr/fr/cas/1999-08-02708,1999-08-02708,https://www.geipan.fr/fr/cas/1999-08-02708,DOWNLOADED,18746,cf66c2776f342906d77ad89b73017700059574bdb3d50c8b14c7365b05797879,DOLE (39) --.08.1999 | GEIPAN Orange arrow icon Orange arrow icon Orange arrow icon Arrow,
https://www.geipan.fr/fr/cas/1999-09-01538,1999-09-01538,https://www.geipan.fr/fr/cas/1999-09-01538,DOWNLOADED,18506,8484a949d935b536c7814c31a934afd451155685e1db4cded065a4f656ec7fac,DINAN (22) 07.09.1999 | GEIPAN Orange arrow icon Orange arrow icon Orange arrow icon Arrow,
https://www.geipan.fr/fr/cas/1999-10-01539,1999-10-01539,https://www.geipan.fr/fr/cas/1999-10-01539,DOWNLOADED,18349,94a32095a34e7506f4a0cdac201d538a292268401b20abab13e0f4a88c4e3524,LAVAU (10) 26.10.1999 | GEIPAN Orange arrow icon Orange arrow icon Orange arrow icon Arrow,
https://www.geipan.fr/fr/cas/1999-11-01540,1999-11-01540,https://www.geipan.fr/fr/cas/1999-11-01540,DOWNLOADED,18390,ff1226010d2036fa19b0c0f5973a708cddd06ed9c1a4077720a58757a52948d7,SAINT-GENIES-DE-FONTEDIT (34) 11.11.1999 | GEIPAN Orange arrow icon Orange arrow icon Orange arrow icon Arrow,
https://www.geipan.fr/fr/cas/1999-12-08713,1999-12-08713,https://www.geipan.fr/fr/cas/1999-12-08713,DOWNLOADED,18836,0a6fe7b16cc088ffa7a1852eb2dcfd8419c671f1fb149f23be614935a547ee03,TOURS (37) 14.12.1999 | GEIPAN Orange arrow icon Orange arrow icon Orange arrow icon Arrow,
https://www.geipan.fr/fr/cas/1999-12-08723,1999-12-08723,https://www.geipan.fr/fr/cas/1999-12-08723,DOWNLOADED,18697,0890f3e99b6bd9a25e0228bf622bc044e6b7703b90c572ec57cc3f10c4cf397c,TALENSAC (35) --.12.1999 | GEIPAN Orange arrow icon Orange arrow icon Orange arrow icon Arrow,
https://www.geipan.fr/fr/cas/1999-12-50497,1999-12-50497,https://www.geipan.fr/fr/cas/1999-12-50497,DOWNLOADED,25244,1cac832b6f3b6522dc616dd4f4905e9398f4bde1a98ead28741c01d72b62e699,SOMMESOUS (51) 31.12.1999 | GEIPAN Orange arrow icon Orange arrow icon Orange arrow icon Arrow,
https://www.geipan.fr/fr/cas/2000-01-01541,2000-01-01541,https://www.geipan.fr/fr/cas/2000-01-01541,DOWNLOADED,18686,adccbb7e58ce6d8051e95dc673366d25036820c37e97dbed27e5b33ea3eb12da,[AERO AFR] RAMBOUILLET (78) 07.01.2000 | GEIPAN Orange arrow icon Orange arrow icon Orange arrow icon Arrow,
https://www.geipan.fr/fr/cas/2000-01-01542,2000-01-01542,https://www.geipan.fr/fr/cas/2000-01-01542,DOWNLOADED,25586,9502bdb5442801ae1238801e75bd031fe3684001357ec0d7b45eba6a2fc08348,BROYES (51) 10.01.2000 | GEIPAN Orange arrow icon Orange arrow icon Orange arrow icon Arrow,
https://www.geipan.fr/fr/cas/2000-02-01543,2000-02-01543,https://www.geipan.fr/fr/cas/2000-02-01543,DOWNLOADED,18535,747173b086ee99aac2f33cc542a47d7cbd0faa872db851014222628760860377,SAINT-ANDRE-DE-CUBZAC (33) 05.02.2000 | GEIPAN Orange arrow icon Orange arrow icon Orange arrow icon Arrow,
https://www.geipan.fr/fr/cas/2000-02-01544,2000-02-01544,https://www.geipan.fr/fr/cas/2000-02-01544,DOWNLOADED,19807,451b7955141b3269b7beaf3d31c5f1903d5693ac84e057b0d733a9b61034f357,MINIAC-MORVAN (35) 11.02.2000 | GEIPAN Orange arrow icon Orange arrow icon Orange arrow icon Arrow,
https://www.geipan.fr/fr/cas/2000-03-01545,2000-03-01545,https://www.geipan.fr/fr/cas/2000-03-01545,DOWNLOADED,18576,143f75a0ae8fac84eafaa92aec8ec29e9623e2d0f10799d7df49ba9abdae6ef5,GARNACHE (LA) (85) 04.03.2000 | GEIPAN Orange arrow icon Orange arrow icon Orange arrow icon Arrow,
https://www.geipan.fr/fr/cas/2000-05-01546,2000-05-01546,https://www.geipan.fr/fr/cas/2000-05-01546,DOWNLOADED,18376,8596486097dbdef98978e2c8b4f534b4717225c77959c0e2cad7c4f02ccb6849,CHAMPIGNY-SUR-MARNE (94) 14.05.2000 | GEIPAN Orange arrow icon Orange arrow icon Orange arrow icon Arrow,
https://www.geipan.fr/fr/cas/2000-05-01987,2000-05-01987,https://www.geipan.fr/fr/cas/2000-05-01987,DOWNLOADED,19301,707ac694cac36ae5828b5d5d7794c0a23e6843b769eaf7c22d7fa35bc0c6b399,DUPPIGHEIM (67) --.--.2000 | GEIPAN Orange arrow icon Orange arrow icon Orange arrow icon Arrow,
https://www.geipan.fr/fr/cas/2000-07-01547,2000-07-01547,https://www.geipan.fr/fr/cas/2000-07-01547,DOWNLOADED,18774,dbb55792eea033e4de7f3671a51ad8c6218810335d76e27e5eb3c3850073bbb8,TOUL (54) 2000 | GEIPAN Orange arrow icon Orange arrow icon Orange arrow icon Arrow,
https://www.geipan.fr/fr/cas/2000-07-01548,2000-07-01548,https://www.geipan.fr/fr/cas/2000-07-01548,DOWNLOADED,21390,92de00f0793117e13e3e0b9f80a5728a53079bf784064bbca2737ff5f332057a,SAINT-AFFRIQUE (12) 21.07.2000 | GEIPAN Orange arrow icon Orange arrow icon Orange arrow icon Arrow,
https://www.geipan.fr/fr/cas/2000-07-01549,2000-07-01549,https://www.geipan.fr/fr/cas/2000-07-01549,DOWNLOADED,18873,b26191a0526cdbe4da436f3fa770da31c5eb1667e58f473a37274b706b388034,MONTCORNET (02) 29.07.2000 | GEIPAN Orange arrow icon Orange arrow icon Orange arrow icon Arrow,
https://www.geipan.fr/fr/cas/2000-08-01551,2000-08-01551,https://www.geipan.fr/fr/cas/2000-08-01551,DOWNLOADED,18496,a1091c0e119ee87d186fa9954464826492ad7500b92ac54f60a61143f0975a56,SAINT-GIERS SUR GIRONDE (33) 2000 | GEIPAN Orange arrow icon Orange arrow icon Orange arrow icon Arrow,
https://www.geipan.fr/fr/cas/2000-08-01552,2000-08-01552,https://www.geipan.fr/fr/cas/2000-08-01552,DOWNLOADED,18290,782dec55ae6425609500c363d035e01e7fe8c97af08db356d72594826e788b9a,PUSSAY (91) 09.08.2000 | GEIPAN Orange arrow icon Orange arrow icon Orange arrow icon Arrow,
https://www.geipan.fr/fr/cas/2000-08-01553,2000-08-01553,https://www.geipan.fr/fr/cas/2000-08-01553,DOWNLOADED,22744,9263f93cfe8f0d6c14a1fa2c8f7a18c6daa62db326bc441c40bb979eba70d73b,de HONFLEUR (14) vers BLONVILLE-SUR-MER (14) 20.08.2000 | GEIPAN Orange arrow icon Orange arrow icon Orange arrow icon Arrow,
https://www.geipan.fr/fr/cas/2000-08-01776,2000-08-01776,https://www.geipan.fr/fr/cas/2000-08-01776,DOWNLOADED,18794,870391fff9046d1b9c34d13359a46f7a2bf45d44ebb3b83b70069d631725aed4,HAVRE (LE) (76) 01.08.2000 | GEIPAN Orange arrow icon Orange arrow icon Orange arrow icon Arrow,
https://www.geipan.fr/fr/cas/2000-08-02479,2000-08-02479,https://www.geipan.fr/fr/cas/2000-08-02479,DOWNLOADED,18899,c4931c2b1f955bf542add1649ce1041bd1ee0d581f62e173f119201400574d62,SAINT-JULIEN-LE-FAUCON (14) 06.08.2000 | GEIPAN Orange arrow icon Orange arrow icon Orange arrow icon Arrow,
https://www.geipan.fr/fr/cas/2000-09-01554,2000-09-01554,https://www.geipan.fr/fr/cas/2000-09-01554,DOWNLOADED,18525,3248eb9cfb6513333a6563ccc6378a2540cbf4ea2d44e397eb39e3e2f44179a7,MALLEMORT (13) 2000 | GEIPAN Orange arrow icon Orange arrow icon Orange arrow icon Arrow,
https://www.geipan.fr/fr/cas/2000-09-01555,2000-09-01555,https://www.geipan.fr/fr/cas/2000-09-01555,DOWNLOADED,22465,a293b1cc31e67f5a54388b1f27398fe18dd76a2e3a5e5cce292cdd8fdbe45a56,CASTANET-TOLOSAN (31) 01.09.2000 | GEIPAN Orange arrow icon Orange arrow icon Orange arrow icon Arrow,
https://www.geipan.fr/fr/cas/2000-09-01556,2000-09-01556,https://www.geipan.fr/fr/cas/2000-09-01556,DOWNLOADED,18421,9e7c8f23b1581b3a3679de8de269d95892fbb180a42912a8cb1190cea6b3a85b,BACOUEL (60) 31.09.2000 | GEIPAN Orange arrow icon Orange arrow icon Orange arrow icon Arrow,
https://www.geipan.fr/fr/cas/2000-09-01557,2000-09-01557,https://www.geipan.fr/fr/cas/2000-09-01557,DOWNLOADED,19040,8f476b8dba43e0176f3c8385611163e46741f3bb0fb619107c7d32b8cf7889be,MARCILLY-SUR-EURE (27) 23.09.1999 | GEIPAN Orange arrow icon Orange arrow icon Orange arrow icon Arrow,
https://www.geipan.fr/fr/cas/2000-10-01558,2000-10-01558,https://www.geipan.fr/fr/cas/2000-10-01558,DOWNLOADED,21483,fdd36527995073269428e260f9b97b053b8ba14e823990cb5517a233a224c70d,[AERO AFR] DE ORLY (94) VERS GRENOBLE (38) 08.10.2000 | GEIPAN Orange arrow icon Orange arrow icon Orange arrow icon Arrow,
https://www.geipan.fr/fr/cas/2000-11-01559,2000-11-01559,https://www.geipan.fr/fr/cas/2000-11-01559,DOWNLOADED,18715,d35bd76a30433b7f35c07490ea0f88497ac46b74e663ebcc744c93376710ae30,"BOLIDE — CHOISEY, ORLY (39, 94) 03.11.2000 | GEIPAN Orange arrow icon Orange arrow icon Orange arrow icon Arrow",
https://www.geipan.fr/fr/cas/2000-11-01560,2000-11-01560,https://www.geipan.fr/fr/cas/2000-11-01560,DOWNLOADED,18412,cfd934bea5a5f6fd922838f8e0dfc9bbbc4469c6aac773a9b25edc26aaae4822,CAHORS (46) 11.11.2000 | GEIPAN Orange arrow icon Orange arrow icon Orange arrow icon Arrow,
https://www.geipan.fr/fr/cas/2000-12-02531,2000-12-02531,https://www.geipan.fr/fr/cas/2000-12-02531,DOWNLOADED,18763,6915e3183c7735afa5fa34ffb15963fb4ce56bb6a4de19f4dc2f1ffae1087f1c,AMBERT (63) 26.12.2000 | GEIPAN Orange arrow icon Orange arrow icon Orange arrow icon Arrow,
https://www.geipan.fr/fr/cas/2001-01-01561,2001-01-01561,https://www.geipan.fr/fr/cas/2001-01-01561,DOWNLOADED,18396,493e72c014dbfc93800909b424142221bfd60bd1c1537bd9b1b20fd8fe6f4aad,MACON (71) 02.01.2001 | GEIPAN Orange arrow icon Orange arrow icon Orange arrow icon Arrow,
https://www.geipan.fr/fr/cas/2001-01-01753,2001-01-01753,https://www.geipan.fr/fr/cas/2001-01-01753,DOWNLOADED,22919,f7499e6dd58adca48147e5324ece244cab2481aa38c446cce15ee7e432808c01,[AERO CTR] BIARRITZ (64) 16.01.2001 | GEIPAN Orange arrow icon Orange arrow icon Orange arrow icon Arrow,
https://www.geipan.fr/fr/cas/2001-03-01562,2001-03-01562,https://www.geipan.fr/fr/cas/2001-03-01562,DOWNLOADED,18324,4e720123fe423258dd9e0652fd531f04a073c6e9386f39a3a962963e633ce79b,MARLY-LE-ROI (78) 13.03.2001 | GEIPAN Orange arrow icon Orange arrow icon Orange arrow icon Arrow,
https://www.geipan.fr/fr/cas/2001-04-01563,2001-04-01563,https://www.geipan.fr/fr/cas/2001-04-01563,DOWNLOADED,18726,44008cf0a9dac09f1c351337a067e7c29c864c3268963bde03b0638092267478,DOUAI (59) 2001 | GEIPAN Orange arrow icon Orange arrow icon Orange arrow icon Arrow,
https://www.geipan.fr/fr/cas/2001-06-01567,2001-06-01567,https://www.geipan.fr/fr/cas/2001-06-01567,DOWNLOADED,20458,da0fa41a569a1020bb8ecde7780d1fbfbcb5a57ade18ed83435620fe2a58278f,BARBEZIEUX (16) 12.06.1981 | GEIPAN Orange arrow icon Orange arrow icon Orange arrow icon Arrow,
https://www.geipan.fr/fr/cas/2001-06-01568,2001-06-01568,https://www.geipan.fr/fr/cas/2001-06-01568,DOWNLOADED,18312,b7dfc11bbb27b00bcaca671a4618997521766e632f8aa21ac6d8884b0d106992,GINASSERVIS (83) 21.06.2001 | GEIPAN Orange arrow icon Orange arrow icon Orange arrow icon Arrow,
https://www.geipan.fr/fr/cas/2001-06-01569,2001-06-01569,https://www.geipan.fr/fr/cas/2001-06-01569,DOWNLOADED,18241,26d66c3cb02e779436fff0b2be608e0f9a0d05026f8f621616882a2f0d11a1f8,FARE-LES-OLIVIERS (LA) (13) 24.06.2001 | GEIPAN Orange arrow icon Orange arrow icon Orange arrow icon Arrow,
https://www.geipan.fr/fr/cas/2001-07-01570,2001-07-01570,https://www.geipan.fr/fr/cas/2001-07-01570,DOWNLOADED,18366,e94f26d7705f5740635b5037f5a30d839033e06cc828bb971885ce33e1fd26ed,PUY-SAINTE-REPARADE (LE) (13) 04.07.2001 | GEIPAN Orange arrow icon Orange arrow icon Orange arrow icon Arrow,
https://www.geipan.fr/fr/cas/2001-08-01571,2001-08-01571,https://www.geipan.fr/fr/cas/2001-08-01571,DOWNLOADED,18348,25c41deb546aa5de9bb78f990eb1ae647fa529ef58888f88ce7923c20fde3a41,AGDE (34) 12.08.2001 | GEIPAN Orange arrow icon Orange arrow icon Orange arrow icon Arrow,
https://www.geipan.fr/fr/cas/2001-08-01572,2001-08-01572,https://www.geipan.fr/fr/cas/2001-08-01572,DOWNLOADED,18417,16c60435d4cdcc15192665974ee6b905b1be84583f10b9f8dd9238f0190ab6be,TOCANE-SAINT-APRE (24) 20.08.2001 | GEIPAN Orange arrow icon Orange arrow icon Orange arrow icon Arrow,
https://www.geipan.fr/fr/cas/2001-09-01573,2001-09-01573,https://www.geipan.fr/fr/cas/2001-09-01573,DOWNLOADED,20497,ff0096d24485cde15e400fd34304fc6e4129203519ec8644d7adb24d9549457e,VILLIERS-LE-BACLE (91) 07.09.2001 | GEIPAN Orange arrow icon Orange arrow icon Orange arrow icon Arrow,
https://www.geipan.fr/fr/cas/2001-09-01574,2001-09-01574,https://www.geipan.fr/fr/cas/2001-09-01574,DOWNLOADED,18216,24cd5b8f7045d8a35705403b4c74549a26507b6fd5a80e50640e2aa4fbc3456a,SAINT-LAURENT-DE-LA-SALANQUE (66) 27.09.2001 | GEIPAN Orange arrow icon Orange arrow icon Orange arrow icon Arrow,
https://www.geipan.fr/fr/cas/2001-10-01575,2001-10-01575,https://www.geipan.fr/fr/cas/2001-10-01575,DOWNLOADED,18496,44c0a21b151d49b705eb8bb295ae0071a6319a2b29cad4a62596da401c391358,(DPT) SAVOIE (73) 07.10.2001 | GEIPAN Orange arrow icon Orange arrow icon Orange arrow icon Arrow,
https://www.geipan.fr/fr/cas/2001-10-01576,2001-10-01576,https://www.geipan.fr/fr/cas/2001-10-01576,DOWNLOADED,18241,05ad08c8b6c2e49c80cc60106697b71bcd998c65ed36a174cca559ad98a552d2,SAINT-JORY (31) 21.10.2001 | GEIPAN Orange arrow icon Orange arrow icon Orange arrow icon Arrow,
https://www.geipan.fr/fr/cas/2001-10-01807,2001-10-01807,https://www.geipan.fr/fr/cas/2001-10-01807,DOWNLOADED,18599,9845c7c1cefc741eb39509079915d450fb8dce1d560552906ec059b9a8c13389,LABRUGUIERE (81) 05.10.2001 | GEIPAN Orange arrow icon Orange arrow icon Orange arrow icon Arrow,
https://www.geipan.fr/fr/cas/2001-12-01578,2001-12-01578,https://www.geipan.fr/fr/cas/2001-12-01578,DOWNLOADED,18789,fed904faaba1ad67b574325960430d26db9c7af75532a97c4a8e6b185b9b0341,RENTREE ATMOSPHERIQUE — POSES (27) 01.12.2001 | GEIPAN Orange arrow icon Orange arrow icon Orange arrow icon Arrow,
https://www.geipan.fr/fr/cas/2001-12-01580,2001-12-01580,https://www.geipan.fr/fr/cas/2001-12-01580,DOWNLOADED,18577,f9fc2fff67752c71866c002d1bbf9087ba5e73c8390474886761d62fdc41e2c3,VITRE (35) 22.12.2001 | GEIPAN Orange arrow icon Orange arrow icon Orange arrow icon Arrow,
https://www.geipan.fr/fr/cas/2002-01-01581,2002-01-01581,https://www.geipan.fr/fr/cas/2002-01-01581,DOWNLOADED,18325,bed5685f0f11f9d565c790941b3db10303b3b819ffab1f788cfaaa8b7f7fda26,MONTELIMAR (26) 19.01.2002 | GEIPAN Orange arrow icon Orange arrow icon Orange arrow icon Arrow,
https://www.geipan.fr/fr/cas/2002-02-01582,2002-02-01582,https://www.geipan.fr/fr/cas/2002-02-01582,DOWNLOADED,20110,d24476a5bbb349cf6aa108bca16c1d15252732b15e9a34f87c7e78fcf8114373,PALAISEAU (91) 02.02.2002 | GEIPAN Orange arrow icon Orange arrow icon Orange arrow icon Arrow,
https://www.geipan.fr/fr/cas/2002-02-01583,2002-02-01583,https://www.geipan.fr/fr/cas/2002-02-01583,DOWNLOADED,18753,8f986a319117de39bf0bb32846ea74b96743dcaa1ce68cb121326abed4163968,NAUCELLE (12) 2002 | GEIPAN Orange arrow icon Orange arrow icon Orange arrow icon Arrow,
https://www.geipan.fr/fr/cas/2002-02-01585,2002-02-01585,https://www.geipan.fr/fr/cas/2002-02-01585,DOWNLOADED,18424,6a25bdfe17a34f1a54ab522612034920c748b660df57e1d7d47e63239b79336a,SAINT-LEGER-SUR-DHEUNE (71) 21.02.2002 | GEIPAN Orange arrow icon Orange arrow icon Orange arrow icon Arrow,
https://www.geipan.fr/fr/cas/2002-03-01586,2002-03-01586,https://www.geipan.fr/fr/cas/2002-03-01586,DOWNLOADED,18568,2b41f34c02e3fd0ba73b847a835fdbdcfbee2096c980e4004cf1a952610a0dc3,RENTREE ATMOSPHERIQUE — NATIONAL (FR) 16.03.2002 | GEIPAN Orange arrow icon Orange arrow icon Orange arrow icon Arrow,
https://www.geipan.fr/fr/cas/2002-04-01587,2002-04-01587,https://www.geipan.fr/fr/cas/2002-04-01587,DOWNLOADED,19525,cf1a06005c37f48b85ac95f28629fa9733f036c00a8dfa0bf4b7da76c741c3fc,BOURGOGNE (--) 06.04.2002 | GEIPAN Orange arrow icon Orange arrow icon Orange arrow icon Arrow,
https://www.geipan.fr/fr/cas/2002-06-01588,2002-06-01588,https://www.geipan.fr/fr/cas/2002-06-01588,DOWNLOADED,18331,4a07c4eebaa6516f3820beed08c87f812b2cdbdd9b51074d4ffdc06391c085f6,DREUX (28) 02.06.2002 | GEIPAN Orange arrow icon Orange arrow icon Orange arrow icon Arrow,
https://www.geipan.fr/fr/cas/2002-07-01589,2002-07-01589,https://www.geipan.fr/fr/cas/2002-07-01589,DOWNLOADED,20879,36298c87cf648ee1506ab1565f394f3dde399eb9489caf9741feff6274037f05,(DPT) VAUCLUSE (84) 05.07.2002 | GEIPAN Orange arrow icon Orange arrow icon Orange arrow icon Arrow,
https://www.geipan.fr/fr/cas/2002-08-02720,2002-08-02720,https://www.geipan.fr/fr/cas/2002-08-02720,DOWNLOADED,19350,380e6d193e19b9ebd93976ef24844b1cbdd8c06379d2e80da4924017fd8d7407,SISTERON (04) --.08.2002 | GEIPAN Orange arrow icon Orange arrow icon Orange arrow icon Arrow,
https://www.geipan.fr/fr/cas/2002-09-01590,2002-09-01590,https://www.geipan.fr/fr/cas/2002-09-01590,DOWNLOADED,18391,4b74fa68467a2e487422d42b99155b66a6672753faa2553cfa93d4877ea08210,NANTES (44) 02.09.2002 | GEIPAN Orange arrow icon Orange arrow icon Orange arrow icon Arrow,
https://www.geipan.fr/fr/cas/2002-09-01591,2002-09-01591,https://www.geipan.fr/fr/cas/2002-09-01591,DOWNLOADED,18650,13ed84b2c3603c1487382a21af259e984480b6c506fcef810ed842d3fcaeb013,PETIT-ILE (974) 22.09.2002 | GEIPAN Orange arrow icon Orange arrow icon Orange arrow icon Arrow,
https://www.geipan.fr/fr/cas/2002-09-01592,2002-09-01592,https://www.geipan.fr/fr/cas/2002-09-01592,DOWNLOADED,18371,e14d11ebc9992a52183452f169b80446d7b019e6a1dc3514a205fd1c41e5573d,CHOMERAC (07) 26.06.2002 | GEIPAN Orange arrow icon Orange arrow icon Orange arrow icon Arrow,
https://www.geipan.fr/fr/cas/2002-09-01593,2002-09-01593,https://www.geipan.fr/fr/cas/2002-09-01593,DOWNLOADED,18380,678b9a86795e94c6f0f159b2d6f774ab3fc456bb3f077b20ff2839d5b540a09e,CAMBRAI (59) --.09.2002 | GEIPAN Orange arrow icon Orange arrow icon Orange arrow icon Arrow,
https://www.geipan.fr/fr/cas/2002-10-01594,2002-10-01594,https://www.geipan.fr/fr/cas/2002-10-01594,DOWNLOADED,18365,f17112e21a43d622eeb101a20d1f8e50fad2b7b603155a69612631ccccea0d19,PUISEAUX (45) 08.10.2002 | GEIPAN Orange arrow icon Orange arrow icon Orange arrow icon Arrow,
https://www.geipan.fr/fr/cas/2002-10-01595,2002-10-01595,https://www.geipan.fr/fr/cas/2002-10-01595,DOWNLOADED,18515,3061a7bd6ece5f04545c4867a4517d8f8335d428e848fa824704c5d795807e09,"[AERO LXR] LAT 46.26, LON -3.35 (85) 16.10.2002 | GEIPAN Orange arrow icon Orange arrow icon Orange arrow icon Arrow",
https://www.geipan.fr/fr/cas/2002-10-01596,2002-10-01596,https://www.geipan.fr/fr/cas/2002-10-01596,DOWNLOADED,23069,79827fa43422cf6921d32a522a20c79803a4306caa00388fd615b58ad6e04164,ANNECY-LE-VIEUX (74) 20.10.2002 | GEIPAN Orange arrow icon Orange arrow icon Orange arrow icon Arrow,
https://www.geipan.fr/fr/cas/2002-10-01597,2002-10-01597,https://www.geipan.fr/fr/cas/2002-10-01597,DOWNLOADED,18433,08dc4f4e1002cb8d8df4170f2da0ef4f6ef5eaf3a568ccf0f7f6a3f06e408294,LEZIGNAN-CORBIERES (11) 29.10.2002 | GEIPAN Orange arrow icon Orange arrow icon Orange arrow icon Arrow,
https://www.geipan.fr/fr/cas/2002-11-01598,2002-11-01598,https://www.geipan.fr/fr/cas/2002-11-01598,DOWNLOADED,18048,542dc51fecf470c6fc3374bf93a4a18962c3fe586ed04006bb40829c1e93a4bb,CAZERES-SUR-L'ADOUR (40) 01.11.2002 | GEIPAN Orange arrow icon Orange arrow icon Orange arrow icon Arrow,
https://www.geipan.fr/fr/cas/2002-11-01599,2002-11-01599,https://www.geipan.fr/fr/cas/2002-11-01599,DOWNLOADED,18651,f4505ecb36537f7285c6d1b8be7cd8d7b8141c7a2fba9574a3f5cdeda36965b7,SAINT-JEAN-D'HERANS (38) 08.11.2002 | GEIPAN Orange arrow icon Orange arrow icon Orange arrow icon Arrow,
https://www.geipan.fr/fr/cas/2002-11-01600,2002-11-01600,https://www.geipan.fr/fr/cas/2002-11-01600,DOWNLOADED,18376,2b89e36f95a7a54d0a62a4be6a7649b01c4aae6d7e57f6ec710c4eddde63d3ae,[D980] vers SAINT-PRIVAT (19) 16.11.2002 | GEIPAN Orange arrow icon Orange arrow icon Orange arrow icon Arrow,
https://www.geipan.fr/fr/cas/2002-12-01601,2002-12-01601,https://www.geipan.fr/fr/cas/2002-12-01601,DOWNLOADED,18926,ae71bca686452e659becb1ae8594307fc4761e0dd1af865f096106e34419aa0b,ANNECY (74) 03.12.2002 | GEIPAN Orange arrow icon Orange arrow icon Orange arrow icon Arrow,
https://www.geipan.fr/fr/cas/2002-12-01602,2002-12-01602,https://www.geipan.fr/fr/cas/2002-12-01602,DOWNLOADED,22574,42bdb2b2340d975fa26a039d8deae5d6a4747cdedd1d0e2e536f3a0730b715a4,[AERO LOC] MARCK (62) 09.12.2002 | GEIPAN Orange arrow icon Orange arrow icon Orange arrow icon Arrow,
https://www.geipan.fr/fr/cas/2002-12-02768,2002-12-02768,https://www.geipan.fr/fr/cas/2002-12-02768,DOWNLOADED,19077,0ba1b6978d681f821a5a5712f54253ea7743d0c479819175dcb9c3003268bd32,HEGENHEIM (68) 30.12.2002 | GEIPAN Orange arrow icon Orange arrow icon Orange arrow icon Arrow,
https://www.geipan.fr/fr/cas/2003-01-01603,2003-01-01603,https://www.geipan.fr/fr/cas/2003-01-01603,DOWNLOADED,21102,c4e76aeee8e714018da6116d4bfc3507cc6efb699367acb0985e9b5609e9aabf,SANTO-PIETRO-DI-VENACO (2B) 11.01.2003 | GEIPAN Orange arrow icon Orange arrow icon Orange arrow icon Arrow,
https://www.geipan.fr/fr/cas/2003-02-01604,2003-02-01604,https://www.geipan.fr/fr/cas/2003-02-01604,DOWNLOADED,18036,74ae07fce7cbdeb42fb23c09e4d8d7b95316b1f82ceae817162dce7a963580ad,BUCHELAY (78) 05.02.2003 | GEIPAN Orange arrow icon Orange arrow icon Orange arrow icon Arrow,
https://www.geipan.fr/fr/cas/2003-02-01605,2003-02-01605,https://www.geipan.fr/fr/cas/2003-02-01605,DOWNLOADED,18269,cce898c867f41946e9c4285a6f2b39528e5b7376f307279910e06fe651901374,BISSEZEELE (59) 14.02.2003 | GEIPAN Orange arrow icon Orange arrow icon Orange arrow icon Arrow,
https://www.geipan.fr/fr/cas/2003-02-01606,2003-02-01606,https://www.geipan.fr/fr/cas/2003-02-01606,DOWNLOADED,18351,56d17396077b5ffc89da3daaebb4624b32c88e08c78788eab6cfb98e92d25c68,SAINT-ANTONIN-NOBLE-VAL (82) 22.07.2003 | GEIPAN Orange arrow icon Orange arrow icon Orange arrow icon Arrow,
https://www.geipan.fr/fr/cas/2003-03-01608,2003-03-01608,https://www.geipan.fr/fr/cas/2003-03-01608,DOWNLOADED,18987,8f750fad6d8a2265f5c364425bd23e0eaed251b64087ba2946d682bf08403f74,SUD-OUEST 21.03.2003 | GEIPAN Orange arrow icon Orange arrow icon Orange arrow icon Arrow,
https://www.geipan.fr/fr/cas/2003-03-01609,2003-03-01609,https://www.geipan.fr/fr/cas/2003-03-01609,DOWNLOADED,18456,32ef6582116814f90e62153be7cade6ea3d7d69aac4373af1cafe3f59d9fd35e,LATOUE (31) 22.03.2003 | GEIPAN Orange arrow icon Orange arrow icon Orange arrow icon Arrow,
https://www.geipan.fr/fr/cas/2003-04-01610,2003-04-01610,https://www.geipan.fr/fr/cas/2003-04-01610,DOWNLOADED,18308,ec5bfca8112ae19e816cc189fa466010b612bc56f87a5e9eb08c9e47bb5f47cb,ANGLES (85) 07.04.2003 | GEIPAN Orange arrow icon Orange arrow icon Orange arrow icon Arrow,
https://www.geipan.fr/fr/cas/2003-06-01612,2003-06-01612,https://www.geipan.fr/fr/cas/2003-06-01612,DOWNLOADED,19474,356171d804af93542f831f5f718fbc9f466f7d21e935299aa7e2647d06263f81,RENTREE ATMOSPHERIQUE — NATIONAL (FR) 11.06.2003 | GEIPAN Orange arrow icon Orange arrow icon Orange arrow icon Arrow,
https://www.geipan.fr/fr/cas/2003-07-09668,2003-07-09668,https://www.geipan.fr/fr/cas/2003-07-09668,DOWNLOADED,19194,102aec5de383e32314a61ac96146bc595f0dadbd9de10531ce35b8d8406c85dd,CHERENG (59) --.07.2003 | GEIPAN Orange arrow icon Orange arrow icon Orange arrow icon Arrow,
https://www.geipan.fr/fr/cas/2003-08-01613,2003-08-01613,https://www.geipan.fr/fr/cas/2003-08-01613,DOWNLOADED,18338,3aee00fa623021bd404fab25f7c06eea9ad1dd08753d05920c8a2398d616e170,BELLEGARDE-DU-RAZES (11) 09.08.2003 | GEIPAN Orange arrow icon Orange arrow icon Orange arrow icon Arrow,
https://www.geipan.fr/fr/cas/2003-08-01614,2003-08-01614,https://www.geipan.fr/fr/cas/2003-08-01614,DOWNLOADED,18399,9e6ccea6cba91bd924db3144ae518d7c9e9801bda1f129fab418eb18ce692507,DINARD (35) 19.08.2003 | GEIPAN Orange arrow icon Orange arrow icon Orange arrow icon Arrow,
https://www.geipan.fr/fr/cas/2003-08-01848,2003-08-01848,https://www.geipan.fr/fr/cas/2003-08-01848,DOWNLOADED,18901,bd1c1fa82b1eb54f0a2baea156dda7bd51aaa5b6dd73b9bd8547b7e07f6d74d1,VOUECOURT (52) --.08.2003 | GEIPAN Orange arrow icon Orange arrow icon Orange arrow icon Arrow,
https://www.geipan.fr/fr/cas/2003-09-08336,2003-09-08336,https://www.geipan.fr/fr/cas/2003-09-08336,DOWNLOADED,19316,4172b9145fac03e26bab82531053368a08713752daab9cd8c1bbef065994cbb9,GOUVERNES (77) 15.09.2003 | GEIPAN Orange arrow icon Orange arrow icon Orange arrow icon Arrow,
https://www.geipan.fr/fr/cas/2003-12-01616,2003-12-01616,https://www.geipan.fr/fr/cas/2003-12-01616,DOWNLOADED,18288,d9fafaac8b474e908560e701120509b3bc18de72fcdfcf39d1e2fe2d46dbbfdf,[AERO RYR] NUAILLE-D'AUNIS (17) 01.12.2003 | GEIPAN Orange arrow icon Orange arrow icon Orange arrow icon Arrow,
https://www.geipan.fr/fr/cas/2003-12-08708,2003-12-08708,https://www.geipan.fr/fr/cas/2003-12-08708,DOWNLOADED,19781,4c41dc415c8832d7b71c402857e1140cadbf39c0d685384310d826e32c0ab7f2,GIF-SUR-YVETTE (91) 05.12.2003 | GEIPAN Orange arrow icon Orange arrow icon Orange arrow icon Arrow,
https://www.geipan.fr/fr/cas/2004-01-01617,2004-01-01617,https://www.geipan.fr/fr/cas/2004-01-01617,DOWNLOADED,18208,744979a11e46b95efeea2a05ed9c7ab97bf74a7caf69a94769df20d4f26457fd,BORDEAUX (33) 04.01.2004 | GEIPAN Orange arrow icon Orange arrow icon Orange arrow icon Arrow,
https://www.geipan.fr/fr/cas/2004-02-01618,2004-02-01618,https://www.geipan.fr/fr/cas/2004-02-01618,DOWNLOADED,18263,bd153f15362d94eb1d8d94b7b1ba56a534bb451ba9dab69cec7b30a48c403b42,CHEILLE (37) 08.02.2004 | GEIPAN Orange arrow icon Orange arrow icon Orange arrow icon Arrow,
https://www.geipan.fr/fr/cas/2004-02-01619,2004-02-01619,https://www.geipan.fr/fr/cas/2004-02-01619,DOWNLOADED,18480,ddf44ce3cb59bc1dbaf2864f708019671286bcd4901e9a6d7a3aefc5ce3d1217,SAINT-GERY (46) 2004 | GEIPAN Orange arrow icon Orange arrow icon Orange arrow icon Arrow,
https://www.geipan.fr/fr/cas/2004-03-01620,2004-03-01620,https://www.geipan.fr/fr/cas/2004-03-01620,DOWNLOADED,19100,547012868976caded625fa96a42fee1690bf8da4c1a10e2bd5c93dc172f06aa0,MONT-SUR-MEURTHE (54) 03.03.2004 | GEIPAN Orange arrow icon Orange arrow icon Orange arrow icon Arrow,
https://www.geipan.fr/fr/cas/2004-04-01621,2004-04-01621,https://www.geipan.fr/fr/cas/2004-04-01621,DOWNLOADED,19047,2d1918d8fb7b9a7afeba9dbb790fd1d5fb2e82dbc6ef3db4cd39638bd22470c8,MARSANEIX (24) 02.04.2004 | GEIPAN Orange arrow icon Orange arrow icon Orange arrow icon Arrow,
https://www.geipan.fr/fr/cas/2004-05-01622,2004-05-01622,https://www.geipan.fr/fr/cas/2004-05-01622,DOWNLOADED,25494,08cac618645c7c28e9763f27aae513cf73ee7e63c77bbaeeb07a6aac2fcc79f0,BLAISY-BAS (21) 02.05.2004 | GEIPAN Orange arrow icon Orange arrow icon Orange arrow icon Arrow,
https://www.geipan.fr/fr/cas/2004-05-01623,2004-05-01623,https://www.geipan.fr/fr/cas/2004-05-01623,DOWNLOADED,18801,7fc164e765cb73868f3a3c91846cdda5124de3c443fd97c7fde2d3fc122518bc,BONNEVILLE-ANNEMASSE (74) 2004 | GEIPAN Orange arrow icon Orange arrow icon Orange arrow icon Arrow,
https://www.geipan.fr/fr/cas/2004-05-01624,2004-05-01624,https://www.geipan.fr/fr/cas/2004-05-01624,DOWNLOADED,19704,e8728bcbe8cdd5299f9c32145ba2ee42091b65c915377deb34a84fb2771a6519,SAINT-MARSAL (66) 14.05.2004 | GEIPAN Orange arrow icon Orange arrow icon Orange arrow icon Arrow,
https://www.geipan.fr/fr/cas/2004-05-01625,2004-05-01625,https://www.geipan.fr/fr/cas/2004-05-01625,DOWNLOADED,18963,e1fe64896763c6c35590c4757596a7a29e957c262cd2bb9789c9d6702e6f0410,LESCAR (64) 2004 | GEIPAN Orange arrow icon Orange arrow icon Orange arrow icon Arrow,
https://www.geipan.fr/fr/cas/2004-05-01626,2004-05-01626,https://www.geipan.fr/fr/cas/2004-05-01626,DOWNLOADED,22804,66cf20606a9ee269d1246801f42cd62e539e300186a0690e752aa8329cd8a319,SAINT-HAON-LE-CHATEL (42) 21.05.2004 | GEIPAN Orange arrow icon Orange arrow icon Orange arrow icon Arrow,
https://www.geipan.fr/fr/cas/2004-08-01627,2004-08-01627,https://www.geipan.fr/fr/cas/2004-08-01627,DOWNLOADED,18617,b259550c82c66665982b04c11e396ddda7bda9ee33866741af7fa90e64926b16,TOURCOING (59) 15.08.2004 | GEIPAN Orange arrow icon Orange arrow icon Orange arrow icon Arrow,
https://www.geipan.fr/fr/cas/2004-08-09143,2004-08-09143,https://www.geipan.fr/fr/cas/2004-08-09143,DOWNLOADED,20402,d54cccfbd06b14232d2571b919bd829b6eff96fe8f28b7dbf65c61555a961323,SAINT-MAXIMIN-LA-SAINTE-BAUME (83) --.08.2004 | GEIPAN Orange arrow icon Orange arrow icon Orange arrow icon Arrow,
https://www.geipan.fr/fr/cas/2004-08-09196,2004-08-09196,https://www.geipan.fr/fr/cas/2004-08-09196,DOWNLOADED,20299,46ad410c070d24cb86fd38ac4584e041b4a2f861b7a0237dfe79ee2a94e24424,PEYRIAC-DE-MER (11) --.08.2004 | GEIPAN Orange arrow icon Orange arrow icon Orange arrow icon Arrow,
https://www.geipan.fr/fr/cas/2004-09-01629,2004-09-01629,https://www.geipan.fr/fr/cas/2004-09-01629,DOWNLOADED,18685,37586aa63b23f0f0acc055e1d4c4c567233f546d57f773f38126c1b28af23118,RENTREE ATMOSPHERIQUE (22) 24.09.2004 | GEIPAN Orange arrow icon Orange arrow icon Orange arrow icon Arrow,
https://www.geipan.fr/fr/cas/2004-10-01630,2004-10-01630,https://www.geipan.fr/fr/cas/2004-10-01630,DOWNLOADED,18281,e209e16f0312795e47344b591ce2604714dd6a924568c1c0e146b3375fbc6f7b,GALGON (33) 08.11.2004 | GEIPAN Orange arrow icon Orange arrow icon Orange arrow icon Arrow,
https://www.geipan.fr/fr/cas/2004-10-01631,2004-10-01631,https://www.geipan.fr/fr/cas/2004-10-01631,DOWNLOADED,18095,0e94c624df189924b9c30dd0c5be6d8e42b5076aa44ac6767d5bb14638c0f18d,[AERO MIL] NANCY (54) 15.10.2004 | GEIPAN Orange arrow icon Orange arrow icon Orange arrow icon Arrow,
https://www.geipan.fr/fr/cas/2004-10-01728,2004-10-01728,https://www.geipan.fr/fr/cas/2004-10-01728,DOWNLOADED,18793,2d2e1593f2a7788f1722490f54c16390509431bc55489539e655123c5ee9f0f9,CASTELJALOUX (47) 2004 | GEIPAN Orange arrow icon Orange arrow icon Orange arrow icon Arrow,
https://www.geipan.fr/fr/cas/2004-10-08640,2004-10-08640,https://www.geipan.fr/fr/cas/2004-10-08640,DOWNLOADED,19559,502c14c620a9f89b8e9290646e9e98a0e80ae2a9bb87287939595d5d44c2332a,AIX-EN-PROVENCE (13) 05.10.2004 | GEIPAN Orange arrow icon Orange arrow icon Orange arrow icon Arrow,
https://www.geipan.fr/fr/cas/2004-10-09353,2004-10-09353,https://www.geipan.fr/fr/cas/2004-10-09353,DOWNLOADED,19853,1891746768bc968c36210fbd2ffef6a2d395151af7beb568a184d95fc1d8ad94,LANCON-PROVENCE (13) 26.10.2004 | GEIPAN Orange arrow icon Orange arrow icon Orange arrow icon Arrow,
https://www.geipan.fr/fr/cas/2004-11-01632,2004-11-01632,https://www.geipan.fr/fr/cas/2004-11-01632,DOWNLOADED,18670,25e4f6dc7407932c572e36ff4b1b95802023c7419fd287fbdbebbe4668085252,RAHON (39) 23.11.2004 | GEIPAN Orange arrow icon Orange arrow icon Orange arrow icon Arrow,
https://www.geipan.fr/fr/cas/2004-12-01633,2004-12-01633,https://www.geipan.fr/fr/cas/2004-12-01633,DOWNLOADED,18648,710a1370bcc83a3d99c3a9d5f1505c21e1cbd5171bdc27d1a359a39b3bb14bf8,ANNONAY (07) 2004 | GEIPAN Orange arrow icon Orange arrow icon Orange arrow icon Arrow,
https://www.geipan.fr/fr/cas/2004-12-01634,2004-12-01634,https://www.geipan.fr/fr/cas/2004-12-01634,DOWNLOADED,18344,8aad49afc2ac0bf199cf1ee801cd758f7304296e4893deddc97b39d260753d15,TALLARD (05) 21.12.2004 | GEIPAN Orange arrow icon Orange arrow icon Orange arrow icon Arrow,
https://www.geipan.fr/fr/cas/2004-12-01635,2004-12-01635,https://www.geipan.fr/fr/cas/2004-12-01635,DOWNLOADED,19160,b9e9f556012c66b6ccaa77f54b35f2e73674dfd134b9c41af32b86ef91433dde,SAINT-GENIEZ (04) 25.12.2004 | GEIPAN Orange arrow icon Orange arrow icon Orange arrow icon Arrow,
https://www.geipan.fr/fr/cas/2005-01-01636,2005-01-01636,https://www.geipan.fr/fr/cas/2005-01-01636,DOWNLOADED,18284,941169257c94b0d3ee5c5eb1cddeda5804040f4ad3446013029b9a0525d74785,MARSEILLE (13) 10.01.2005 | GEIPAN Orange arrow icon Orange arrow icon Orange arrow icon Arrow,
https://www.geipan.fr/fr/cas/2005-01-01637,2005-01-01637,https://www.geipan.fr/fr/cas/2005-01-01637,DOWNLOADED,18325,6bddb1e271f6c0f47c016c4136dbab7182fa34ebc96959364678140b6d7aa36c,ANNECY-LE-VIEUX (74) 17.01.2005 | GEIPAN Orange arrow icon Orange arrow icon Orange arrow icon Arrow,
https://www.geipan.fr/fr/cas/2005-01-01769,2005-01-01769,https://www.geipan.fr/fr/cas/2005-01-01769,DOWNLOADED,18833,831bfdebd4a20e88df6772cf98642b46718828869300814a929be50183dd68b2,COURDIMANCHE (95) --.--.2005 | GEIPAN Orange arrow icon Orange arrow icon Orange arrow icon Arrow,
https://www.geipan.fr/fr/cas/2005-02-01639,2005-02-01639,https://www.geipan.fr/fr/cas/2005-02-01639,DOWNLOADED,20722,3aa80c3035aa711cf981c4f3525a42bfc6f2fa8c241cc0c45610fdf5fa1e29dc,RENTREE ATMOSPHERIQUE - NATIONAL (FR) 18.02.2005 | GEIPAN Orange arrow icon Orange arrow icon Orange arrow icon Arrow,
https://www.geipan.fr/fr/cas/2005-06-01644,2005-06-01644,https://www.geipan.fr/fr/cas/2005-06-01644,DOWNLOADED,18759,2310b9884ef7c491d9ff7dee1f581914c602c18be30c3cc07d2bd78b18cc19b6,VERNOUILLET (78) 13.06.2005 | GEIPAN Orange arrow icon Orange arrow icon Orange arrow icon Arrow,
https://www.geipan.fr/fr/cas/2005-06-01732,2005-06-01732,https://www.geipan.fr/fr/cas/2005-06-01732,DOWNLOADED,18232,aaf9d568d713dd1f41ee5d8f340829f2bdcd0e996d9e9d354e4f1c362a08930f,SEUGY (95) 19.06.2005 | GEIPAN Orange arrow icon Orange arrow icon Orange arrow icon Arrow,
https://www.geipan.fr/fr/cas/2005-06-02543,2005-06-02543,https://www.geipan.fr/fr/cas/2005-06-02543,DOWNLOADED,18537,85b70e0b7add3643cd0db94c3df8344d745be57f5909a1c39932f467b3cdcfe9,RENNES (35) 11.06.2005 | GEIPAN Orange arrow icon Orange arrow icon Orange arrow icon Arrow,
https://www.geipan.fr/fr/cas/2005-07-01645,2005-07-01645,https://www.geipan.fr/fr/cas/2005-07-01645,DOWNLOADED,18647,2ebd40ed0093fe4d31c04146192cfd45dd48da3b8bd3b9e3121d34b6ccfff94a,AVIGNON (84) 28.06.2005 | GEIPAN Orange arrow icon Orange arrow icon Orange arrow icon Arrow,
https://www.geipan.fr/fr/cas/2005-07-02573,2005-07-02573,https://www.geipan.fr/fr/cas/2005-07-02573,DOWNLOADED,19435,7d6f5d07014a3ea4790c2ae1941a0fd9fea7016258741e99f66767da10c6404f,[AERO AFR] ROISSY-EN-FRANCE (95) 07.07.2005 | GEIPAN Orange arrow icon Orange arrow icon Orange arrow icon Arrow,
https://www.geipan.fr/fr/cas/2005-08-01810,2005-08-01810,https://www.geipan.fr/fr/cas/2005-08-01810,DOWNLOADED,20857,294a6c82bf50be85426bafe3e16600b5924ac9c51b352b0ba595cde6ba68c602,VALBONNE (06) 20.08.2005 | GEIPAN Orange arrow icon Orange arrow icon Orange arrow icon Arrow,
https://www.geipan.fr/fr/cas/2005-09-01648,2005-09-01648,https://www.geipan.fr/fr/cas/2005-09-01648,DOWNLOADED,18665,d8d1fab63340037a8a549bb45084ab20165b1528ee60bcb7003d00232d712b14,EPINE (L') (85) 25.06.2005 | GEIPAN Orange arrow icon Orange arrow icon Orange arrow icon Arrow,
https://www.geipan.fr/fr/cas/2005-09-02811,2005-09-02811,https://www.geipan.fr/fr/cas/2005-09-02811,DOWNLOADED,19491,73ddc7b52c85f3fccfa91448da52c14d32dfd293d6b42b0b2dbf2f0ad8323f43,BLAGNAC (31) 29.09.2005 | GEIPAN Orange arrow icon Orange arrow icon Orange arrow icon Arrow,
https://www.geipan.fr/fr/cas/2005-10-01734,2005-10-01734,https://www.geipan.fr/fr/cas/2005-10-01734,DOWNLOADED,18280,ebdc4712b6e78d64e2cdf3d7a426c12ff90a5f65e85ab183e582b8fce72a17ba,LUZARCHES (95) 13.10.2005 | GEIPAN Orange arrow icon Orange arrow icon Orange arrow icon Arrow,
https://www.geipan.fr/fr/cas/2005-11-01729,2005-11-01729,https://www.geipan.fr/fr/cas/2005-11-01729,DOWNLOADED,19243,40c577c941640a1d99d2af1110b8d1ab0768cf9553ad42581a4fa52e59cea88e,MEURSAULT (21) 01.11.2005 | GEIPAN Orange arrow icon Orange arrow icon Orange arrow icon Arrow,
https://www.geipan.fr/fr/cas/2005-11-01849,2005-11-01849,https://www.geipan.fr/fr/cas/2005-11-01849,DOWNLOADED,19034,e5dd463f91163e8ba4875b8db1bee157f18348a0bcfd52898237ca4f9f99b74d,LILLEBONNE (76) 05.11.2005 | GEIPAN Orange arrow icon Orange arrow icon Orange arrow icon Arrow,
https://www.geipan.fr/fr/cas/2006-04-08197,2006-04-08197,https://www.geipan.fr/fr/cas/2006-04-08197,DOWNLOADED,18949,cf328bdc638484e485086fa118cd1ded9f219821c313864c81e19984a1379bb5,CHATENAY-MALABRY (92) --.04.2006 | GEIPAN Orange arrow icon Orange arrow icon Orange arrow icon Arrow,
https://www.geipan.fr/fr/cas/2006-06-02512,2006-06-02512,https://www.geipan.fr/fr/cas/2006-06-02512,DOWNLOADED,19046,a63b98a8542b4781d297a7f23f262ec98d93b426da1c7d300809a4ab0882a651,FONTAINEBLEAU (77) 20.06.2006 | GEIPAN Orange arrow icon Orange arrow icon Orange arrow icon Arrow,
https://www.geipan.fr/fr/cas/2006-08-02480,2006-08-02480,https://www.geipan.fr/fr/cas/2006-08-02480,DOWNLOADED,18887,0890e0f956ebeafa68c306e9f478075ec2239c33c8e965349fe4f4a713b7b3dd,SAINT-JEAN-DE-MONTS (85) 12.08.2006 | GEIPAN Orange arrow icon Orange arrow icon Orange arrow icon Arrow,
https://www.geipan.fr/fr/cas/2006-09-01751,2006-09-01751,https://www.geipan.fr/fr/cas/2006-09-01751,DOWNLOADED,20415,13860cf2b3170f01ad80d88dae62f78c243284cdd1e219f5485f4aeaf7001748,LANDRECIES (59) 26.09.2006 | GEIPAN Orange arrow icon Orange arrow icon Orange arrow icon Arrow,
https://www.geipan.fr/fr/cas/2006-09-01762,2006-09-01762,https://www.geipan.fr/fr/cas/2006-09-01762,DOWNLOADED,20777,beafee4a1ad301e517a499460e2635dd68df64c447e65e91521b779883b82a79,BAR-SUR-LOUP (06) 01.09.2006 | GEIPAN Orange arrow icon Orange arrow icon Orange arrow icon Arrow,
https://www.geipan.fr/fr/cas/2006-09-01767,2006-09-01767,https://www.geipan.fr/fr/cas/2006-09-01767,DOWNLOADED,18882,0b8578ef9d2ec89aa25995f3e213df39107180f4e5945eef4064cd7be9b31e02,BELMONT (67) 10.09.2006 | GEIPAN Orange arrow icon Orange arrow icon Orange arrow icon Arrow,
https://www.geipan.fr/fr/cas/2006-09-01799,2006-09-01799,https://www.geipan.fr/fr/cas/2006-09-01799,DOWNLOADED,18639,15a10e93169e3c8e290a81375c37cf67218d6795688159081b9ef5ecfa7ff1b9,PORT LEUCATE (11) 18.09.2006 | GEIPAN Orange arrow icon Orange arrow icon Orange arrow icon Arrow,
https://www.geipan.fr/fr/cas/2006-09-01818,2006-09-01818,https://www.geipan.fr/fr/cas/2006-09-01818,DOWNLOADED,18727,ad67475992ba97c02e71603b341a0dfafbd00bfe637c38c82a86f34bd9737044,BREST (29) 13.09.2006 | GEIPAN Orange arrow icon Orange arrow icon Orange arrow icon Arrow,
https://www.geipan.fr/fr/cas/2006-10-01738,2006-10-01738,https://www.geipan.fr/fr/cas/2006-10-01738,DOWNLOADED,18459,dc1daae990b00c4371c248689b1afa235bdb0057e00b60ce694d77376cc4102b,MORTAGNE-SUR-SEVRE (85) 31.10.2006 | GEIPAN Orange arrow icon Orange arrow icon Orange arrow icon Arrow,
https://www.geipan.fr/fr/cas/2006-12-01740,2006-12-01740,https://www.geipan.fr/fr/cas/2006-12-01740,DOWNLOADED,21618,428f128169999eeb788fb07376a62dbb172ecb4fff306c21fa732a94f812250a,HAVRE (LE) (76) 15.12.2006 | GEIPAN Orange arrow icon Orange arrow icon Orange arrow icon Arrow,
https://www.geipan.fr/fr/cas/2007-01-01736,2007-01-01736,https://www.geipan.fr/fr/cas/2007-01-01736,DOWNLOADED,18178,a64e7870cd0cc659291203a02412be5ec5a4cef45725003fd45c5f87177b59f1,MISSON (40) 09.01.2007 | GEIPAN Orange arrow icon Orange arrow icon Orange arrow icon Arrow,
https://www.geipan.fr/fr/cas/2007-01-02005,2007-01-02005,https://www.geipan.fr/fr/cas/2007-01-02005,DOWNLOADED,20977,ff53819d39fcedb6233e355d9c2a26a82c92b390a99a693b055a774062b87713,CROIX-VALMER (LA) (83) 21.01.2007 | GEIPAN Orange arrow icon Orange arrow icon Orange arrow icon Arrow,
https://www.geipan.fr/fr/cas/2007-03-01763,2007-03-01763,https://www.geipan.fr/fr/cas/2007-03-01763,DOWNLOADED,21003,026e6211e6f202afd0839ab1a52cbb70578c9698a7565183e773b6b383d5df9b,DOMPAIRE (88) 30.03.2007 | GEIPAN Orange arrow icon Orange arrow icon Orange arrow icon Arrow,
https://www.geipan.fr/fr/cas/2007-03-02311,2007-03-02311,https://www.geipan.fr/fr/cas/2007-03-02311,DOWNLOADED,19476,3746c231645e645b2f63997d2dc3a5417c254497f13cd18a8886e489e8da040f,PARIS (75) 26.03.2007 | GEIPAN Orange arrow icon Orange arrow icon Orange arrow icon Arrow,
https://www.geipan.fr/fr/cas/2007-03-02544,2007-03-02544,https://www.geipan.fr/fr/cas/2007-03-02544,DOWNLOADED,18964,d6783bbe5f1ae78981c276519121a2d212d134024b38956293990f1b41415cee,BIARRITZ (64) --.--.2007 | GEIPAN Orange arrow icon Orange arrow icon Orange arrow icon Arrow,
https://www.geipan.fr/fr/cas/2007-04-01748,2007-04-01748,https://www.geipan.fr/fr/cas/2007-04-01748,DOWNLOADED,18860,0457ceb63e4f9921509c73ac443f2ae408710958ad93b53c34f0c7f36d41b36b,THIONVILLE (57) 2007 | GEIPAN Orange arrow icon Orange arrow icon Orange arrow icon Arrow,
https://www.geipan.fr/fr/cas/2007-04-01749,2007-04-01749,https://www.geipan.fr/fr/cas/2007-04-01749,DOWNLOADED,20727,e0abca1b5126b7aab2df9e6cce6f8ecb7cacf8dcefe11f324ef9b9097230b25d,LE CROISIC (44) 15.04.2007 | GEIPAN Orange arrow icon Orange arrow icon Orange arrow icon Arrow,
https://www.geipan.fr/fr/cas/2007-04-01764,2007-04-01764,https://www.geipan.fr/fr/cas/2007-04-01764,DOWNLOADED,19040,95b71d87330b1264c1911b7dfb0ae0bc758f2884d0b532143cbf42b43855aa1e,CROZON (29) 20.04.2007 | GEIPAN Orange arrow icon Orange arrow icon Orange arrow icon Arrow,
https://www.geipan.fr/fr/cas/2007-04-02228,2007-04-02228,https://www.geipan.fr/fr/cas/2007-04-02228,DOWNLOADED,18688,3c382ac8cbe78b451ef2afb87d06a7ea2775487e4c5c1ed69fdc7d672f1bbf13,BOURGES (18) 24.04.2007 | GEIPAN Orange arrow icon Orange arrow icon Orange arrow icon Arrow,
https://www.geipan.fr/fr/cas/2007-05-01735,2007-05-01735,https://www.geipan.fr/fr/cas/2007-05-01735,DOWNLOADED,18331,ac6b9b075ca63270ce279e16826da421dd515aa3e3f1f260f008ecad5f581d5c,COURSEGOULES (06) 12.05.2007 | GEIPAN Orange arrow icon Orange arrow icon Orange arrow icon Arrow,
https://www.geipan.fr/fr/cas/2007-06-01730,2007-06-01730,https://www.geipan.fr/fr/cas/2007-06-01730,DOWNLOADED,18687,7d48911c96da067332e573759afff4155ecea82808be6ca43b3ca1bda82c811f,MONEIN (64) 12.06.2007 | GEIPAN Orange arrow icon Orange arrow icon Orange arrow icon Arrow,
https://www.geipan.fr/fr/cas/2007-06-01747,2007-06-01747,https://www.geipan.fr/fr/cas/2007-06-01747,DOWNLOADED,19107,b5688d73099e4f70feadf4dcba8f8579c258c73b9ba5217dc93cfdee339a42a7,NICE (06) 09.06.2007 | GEIPAN Orange arrow icon Orange arrow icon Orange arrow icon Arrow,
https://www.geipan.fr/fr/cas/2007-06-01793,2007-06-01793,https://www.geipan.fr/fr/cas/2007-06-01793,DOWNLOADED,18854,98df39484a515b3517bb8b4370f08b565b33c76a9b038e27de310d869ef9bcef,ANNEMASSE (74) 30.06.2007 | GEIPAN Orange arrow icon Orange arrow icon Orange arrow icon Arrow,
https://www.geipan.fr/fr/cas/2007-06-01802,2007-06-01802,https://www.geipan.fr/fr/cas/2007-06-01802,DOWNLOADED,19442,91868d03fd64bd615579c11c2e4a130a5ae6da06fd553b5dd4a8c658c31061ad,NYONS (26) 19.06.2007 | GEIPAN Orange arrow icon Orange arrow icon Orange arrow icon Arrow,
https://www.geipan.fr/fr/cas/2007-06-02009,2007-06-02009,https://www.geipan.fr/fr/cas/2007-06-02009,DOWNLOADED,19354,1f622abf26bc86db4a30a869b8d8e3e4dc3b04600b819a0965f24b87aeb08e82,ROCHE-SUR-FORON (LA) (74) 30.06.2007 | GEIPAN Orange arrow icon Orange arrow icon Orange arrow icon Arrow,
https://www.geipan.fr/fr/cas/2007-07-01766,2007-07-01766,https://www.geipan.fr/fr/cas/2007-07-01766,DOWNLOADED,19448,3da665bbaa896fb89d2fe0bfac3099ed551f1e7ab3738a58fd2b7ddab4daabeb,SETE (34) 27.07.2007 | GEIPAN Orange arrow icon Orange arrow icon Orange arrow icon Arrow,
https://www.geipan.fr/fr/cas/2007-07-01830,2007-07-01830,https://www.geipan.fr/fr/cas/2007-07-01830,DOWNLOADED,18263,bed8feb8f95c8fb18f2691067edbc4e40bfa13a181657b99bc3a78928a39ab2c,BOURGES (18) 12.07.2007 | GEIPAN Orange arrow icon Orange arrow icon Orange arrow icon Arrow,
https://www.geipan.fr/fr/cas/2007-07-01839,2007-07-01839,https://www.geipan.fr/fr/cas/2007-07-01839,DOWNLOADED,19362,95a850b406c4468976d82ed5c1f8dbcdc54eec018fa86e548b44bc6e4d2d52d2,[AERO AFR] JAZENEUIL (86) 14.07.2007 | GEIPAN Orange arrow icon Orange arrow icon Orange arrow icon Arrow,
https://www.geipan.fr/fr/cas/2007-07-01882,2007-07-01882,https://www.geipan.fr/fr/cas/2007-07-01882,DOWNLOADED,18813,6758638174859d383549a7a98bc911bd842b96cd28284835f730ffb9db85a431,SAVIGNE-SUR-LATHAN (37) 29.07.2007 | GEIPAN Orange arrow icon Orange arrow icon Orange arrow icon Arrow,
https://www.geipan.fr/fr/cas/2007-07-02211,2007-07-02211,https://www.geipan.fr/fr/cas/2007-07-02211,DOWNLOADED,19425,90c6cbd68acc087be53189d1e559fd33b2c92d973bea6714cb745a446e255467,FIGARI (20) 18.07.2007 | GEIPAN Orange arrow icon Orange arrow icon Orange arrow icon Arrow,
https://www.geipan.fr/fr/cas/2007-07-02521,2007-07-02521,https://www.geipan.fr/fr/cas/2007-07-02521,DOWNLOADED,19838,089bbe0461d0321da24c875f66745f4adf2140f389ce49fa7810afc0a5afb178,HADOL (88) 25.07.2007 | GEIPAN Orange arrow icon Orange arrow icon Orange arrow icon Arrow,
https://www.geipan.fr/fr/cas/2007-07-08259,2007-07-08259,https://www.geipan.fr/fr/cas/2007-07-08259,DOWNLOADED,20605,3126839eab63ed816ccc2441c654acc7a2f47d0a69f9e2bbad2cef2a3062b251,DE REMIREMONT (88) VERS DINOZE (88) 06.07.2007 | GEIPAN Orange arrow icon Orange arrow icon Orange arrow icon Arrow,
https://www.geipan.fr/fr/cas/2007-07-09417,2007-07-09417,https://www.geipan.fr/fr/cas/2007-07-09417,DOWNLOADED,19783,9cdedeaa89f2ae1a9c90774aff25cbf0177ed71b7c7994e34d14372fc69b297c,[N118] de BORDEAUX (33) vers NANTES (44) 07.07.2007 | GEIPAN Orange arrow icon Orange arrow icon Orange arrow icon Arrow,
https://www.geipan.fr/fr/cas/2007-08-01745,2007-08-01745,https://www.geipan.fr/fr/cas/2007-08-01745,DOWNLOADED,18777,e7a797d48e1f4831f400a23e2b8341b51e084ae0b6790186cd4ea5300d1f3756,MONTLOUIS-SUR-LOIRE (37) 13.08.2007 | GEIPAN Orange arrow icon Orange arrow icon Orange arrow icon Arrow,
https://www.geipan.fr/fr/cas/2007-08-01783,2007-08-01783,https://www.geipan.fr/fr/cas/2007-08-01783,DOWNLOADED,18549,35d4a37ca91b4429ee577bd471c68e0b1a3c7d704d3370021d8dc83176a4bc5d,CHARNY-SUR-MEUSE (55) 15.08.2007 | GEIPAN Orange arrow icon Orange arrow icon Orange arrow icon Arrow,
https://www.geipan.fr/fr/cas/2007-08-01790,2007-08-01790,https://www.geipan.fr/fr/cas/2007-08-01790,DOWNLOADED,19604,d095f3ff6e3354e5a15b5b29340d790040550758975192dc612d0c527a5c69c4,MALLEVILLE-SUR-LE-BEC (27) 05.08.2007 | GEIPAN Orange arrow icon Orange arrow icon Orange arrow icon Arrow,
https://www.geipan.fr/fr/cas/2007-08-01796,2007-08-01796,https://www.geipan.fr/fr/cas/2007-08-01796,DOWNLOADED,19020,a41c33b88ad75038ecb9b3db749377122a730f83e517bc480fd6885971aea310,SAINT-GERMAIN-EN-LAYE (78) 07.07.2007 | GEIPAN Orange arrow icon Orange arrow icon Orange arrow icon Arrow,
https://www.geipan.fr/fr/cas/2007-08-01805,2007-08-01805,https://www.geipan.fr/fr/cas/2007-08-01805,DOWNLOADED,19783,38a024e5988e623e0be8de325434927a907a650a2b063ab394345bf45dfdf890,GIMONT (32) 18.08.2007 | GEIPAN Orange arrow icon Orange arrow icon Orange arrow icon Arrow,
https://www.geipan.fr/fr/cas/2007-08-01806,2007-08-01806,https://www.geipan.fr/fr/cas/2007-08-01806,DOWNLOADED,19074,8e5fc00148a949f96e66a6475a11a9dd8839040eb692c875ed6bb648e7cf1b6d,VIELLE-SAINT-GIRONS (40) 04.08.2007 | GEIPAN Orange arrow icon Orange arrow icon Orange arrow icon Arrow,
https://www.geipan.fr/fr/cas/2007-08-01829,2007-08-01829,https://www.geipan.fr/fr/cas/2007-08-01829,DOWNLOADED,20416,a5f4d0fd98c1cb0d241307612685122dba20e8de3a2d88a07d305b5c57479ed5,AIX-EN-PROVENCE (13) 30.08.2007 | GEIPAN Orange arrow icon Orange arrow icon Orange arrow icon Arrow,
https://www.geipan.fr/fr/cas/2007-08-01851,2007-08-01851,https://www.geipan.fr/fr/cas/2007-08-01851,DOWNLOADED,19047,4531c35572b84d1bc58b7fcc240e6847322b666663e4d51876752003cae23629,NANTES (44) 28.08.2007 | GEIPAN Orange arrow icon Orange arrow icon Orange arrow icon Arrow,
https://www.geipan.fr/fr/cas/2007-08-01952,2007-08-01952,https://www.geipan.fr/fr/cas/2007-08-01952,DOWNLOADED,19344,71866dee26efdff9a95a40dcc837ea9168d73431655b57cef401c865ce83b986,ROUBAIX (59) 23.08.2007 | GEIPAN Orange arrow icon Orange arrow icon Orange arrow icon Arrow,
https://www.geipan.fr/fr/cas/2007-08-02247,2007-08-02247,https://www.geipan.fr/fr/cas/2007-08-02247,DOWNLOADED,21973,8be6af811d7259f2ea112895ea3bdc59cef61e1e37a31848ea34ed3baf9d0d4a,CHAMBLEY-BUSSIERES (54) 05.08.2007 | GEIPAN Orange arrow icon Orange arrow icon Orange arrow icon Arrow,
https://www.geipan.fr/fr/cas/2007-08-02575,2007-08-02575,https://www.geipan.fr/fr/cas/2007-08-02575,DOWNLOADED,19071,d05e83c6b15fbc5b2730438fa46065843f39e0adaa5640f04b7146047cf23449,ROGNY-LES-SEPT-ECLUSES (89) 02.08.2007 | GEIPAN Orange arrow icon Orange arrow icon Orange arrow icon Arrow,
https://www.geipan.fr/fr/cas/2007-08-02630,2007-08-02630,https://www.geipan.fr/fr/cas/2007-08-02630,DOWNLOADED,18813,b090509507523dad17aab6814712ed56da820cd19de6caaee9845067c45f37ce,SERIGNAN (34) --.08.2007 | GEIPAN Orange arrow icon Orange arrow icon Orange arrow icon Arrow,
https://www.geipan.fr/fr/cas/2007-08-08538,2007-08-08538,https://www.geipan.fr/fr/cas/2007-08-08538,DOWNLOADED,19766,9a940e319ed04c2d595542e533a3235ad38a69e4bee41b2cac531718d6ffe74b,RUCH (33) 15.08.2007 | GEIPAN Orange arrow icon Orange arrow icon Orange arrow icon Arrow,
https://www.geipan.fr/fr/cas/2007-09-01744,2007-09-01744,https://www.geipan.fr/fr/cas/2007-09-01744,DOWNLOADED,18278,144a1feeae380e4d1fecf44567390e16d75c4abcc6622483033d78e305996fe0,[AERO AFR995] 28.09.2007 | GEIPAN Orange arrow icon Orange arrow icon Orange arrow icon Arrow,
https://www.geipan.fr/fr/cas/2007-09-01760,2007-09-01760,https://www.geipan.fr/fr/cas/2007-09-01760,DOWNLOADED,18995,0385503719c90856b728e638bca1cf46a6013de8512b6567703efe45e61420ea,MOUSSY (51) 26.09.2007 | GEIPAN Orange arrow icon Orange arrow icon Orange arrow icon Arrow,
https://www.geipan.fr/fr/cas/2007-09-01795,2007-09-01795,https://www.geipan.fr/fr/cas/2007-09-01795,DOWNLOADED,19244,116641c0f5472b3293332f9c7bb055d728c549636ae9c1e0aeeb9ab0885f01f4,TATINGHEM (62) 02.09.2007 | GEIPAN Orange arrow icon Orange arrow icon Orange arrow icon Arrow,
https://www.geipan.fr/fr/cas/2007-09-01801,2007-09-01801,https://www.geipan.fr/fr/cas/2007-09-01801,DOWNLOADED,19529,b98eda626827f9aa1d98b406e510058e034156c83d993fab2e07bc8954d4f51c,REMIREMONT (88) 13.09.2007 | GEIPAN Orange arrow icon Orange arrow icon Orange arrow icon Arrow,
https://www.geipan.fr/fr/cas/2007-09-01804,2007-09-01804,https://www.geipan.fr/fr/cas/2007-09-01804,DOWNLOADED,19169,b873cc149a3e9003c7da6db14f940eca9b75e8585d55335c4b0cb4b205906887,ARCS (LES) (83) 18.09.2007 | GEIPAN Orange arrow icon Orange arrow icon Orange arrow icon Arrow,
https://www.geipan.fr/fr/cas/2007-10-01746,2007-10-01746,https://www.geipan.fr/fr/cas/2007-10-01746,DOWNLOADED,19262,d40e539ce46291861b13922627d2ec5961481f23b38f341322af823988430762,LIBOURNE (33) 03.10.2007 | GEIPAN Orange arrow icon Orange arrow icon Orange arrow icon Arrow,
https://www.geipan.fr/fr/cas/2007-10-01759,2007-10-01759,https://www.geipan.fr/fr/cas/2007-10-01759,DOWNLOADED,22070,bd831fc54867d0d3d74b2781e198d8752e7bf7a697b01914acb12ba06c44a74c,CHATILLON-SUR-CHALARONNE (01) 02.10.2007 | GEIPAN Orange arrow icon Orange arrow icon Orange arrow icon Arrow,
https://www.geipan.fr/fr/cas/2007-10-01850,2007-10-01850,https://www.geipan.fr/fr/cas/2007-10-01850,DOWNLOADED,27061,b6b92d8ec439cba2b14c33f80b7cafb7c30163665a6513c82dda8d50f9c73783,[A27] DE LILLE (59) VERS TOURNAI (BE.WHT) 01.10.2007 | GEIPAN Orange arrow icon Orange arrow icon Orange arrow icon Arrow,
https://www.geipan.fr/fr/cas/2007-10-01860,2007-10-01860,https://www.geipan.fr/fr/cas/2007-10-01860,DOWNLOADED,18414,a569710653ff6e82c5da310e39fc75a6bb79741508eee74ff0c30e96eb20c818,FOS-SUR-MER (13) 02.11.2007 | GEIPAN Orange arrow icon Orange arrow icon Orange arrow icon Arrow,
https://www.geipan.fr/fr/cas/2007-10-02276,2007-10-02276,https://www.geipan.fr/fr/cas/2007-10-02276,DOWNLOADED,19180,3c19c88b5d52a0daf540d1697c8ca0b6c3f1c4e593b14f12a09c74ab8b2cd922,HAYANGE (57) 13.10.2007 | GEIPAN Orange arrow icon Orange arrow icon Orange arrow icon Arrow,
https://www.geipan.fr/fr/cas/2007-10-02481,2007-10-02481,https://www.geipan.fr/fr/cas/2007-10-02481,DOWNLOADED,19195,392114c1960166b07ed76dbc571a3a368747155f4bb84e2813e1b3f76c674f9c,[A10] de JANVRY (91) vers PARIS (75) 27.10.2007 | GEIPAN Orange arrow icon Orange arrow icon Orange arrow icon Arrow,
https://www.geipan.fr/fr/cas/2007-11-01775,2007-11-01775,https://www.geipan.fr/fr/cas/2007-11-01775,DOWNLOADED,18736,57a5b34e4b338d98210b22a0b682847a9346d7b5407ced408cb666cbc1d77cd6,ORGELET (39) 01.11.2007 | GEIPAN Orange arrow icon Orange arrow icon Orange arrow icon Arrow,
https://www.geipan.fr/fr/cas/2007-11-01803,2007-11-01803,https://www.geipan.fr/fr/cas/2007-11-01803,DOWNLOADED,20159,91256f4694f368dc94bbff06c66a4b6ae7b0e9cb6048213519949df8cd25b6d1,LES ESSARTS (85) 26.11.2007 | GEIPAN Orange arrow icon Orange arrow icon Orange arrow icon Arrow,
https://www.geipan.fr/fr/cas/2007-11-01821,2007-11-01821,https://www.geipan.fr/fr/cas/2007-11-01821,DOWNLOADED,18996,b629c9fae984c906afa6e673cd28287b6adad45d984e760c1cb6738b1c1edcbe,OUZOUER-SUR-LOIRE (45) --.11.2007 | GEIPAN Orange arrow icon Orange arrow icon Orange arrow icon Arrow,
https://www.geipan.fr/fr/cas/2007-11-50223,2007-11-50223,https://www.geipan.fr/fr/cas/2007-11-50223,DOWNLOADED,22726,74f0547b0530009cee530a91a9a0484b24fcb6ec2ad6a9a64d818ae872ff4b72,ORLEANS (45) 01.11.2007 | GEIPAN Orange arrow icon Orange arrow icon Orange arrow icon Arrow,
https://www.geipan.fr/fr/cas/2007-12-01761,2007-12-01761,https://www.geipan.fr/fr/cas/2007-12-01761,DOWNLOADED,19563,da4846e98850da04a73b48fa86a3ffe66a4df65989bf86138a870924ff54f0d5,TOULOUSE (31) 11.12.2007 | GEIPAN Orange arrow icon Orange arrow icon Orange arrow icon Arrow,
https://www.geipan.fr/fr/cas/2007-12-01792,2007-12-01792,https://www.geipan.fr/fr/cas/2007-12-01792,DOWNLOADED,19008,c9d28f5f0d64e5b80092484a013be194d3e130d5b5fb3ee295612911aebd78a9,BIARRITZ (64) 09.12.2007 | GEIPAN Orange arrow icon Orange arrow icon Orange arrow icon Arrow,
https://www.geipan.fr/fr/cas/2008-01-01757,2008-01-01757,https://www.geipan.fr/fr/cas/2008-01-01757,DOWNLOADED,23152,dbe569cb2b72bf268fe3ebd76f73d7f3096d9dcc92dd9a2f0aad5db7886f3264,RENTREE ATMOSPHERIQUE — (REG) OCCITANIE (OCC) 25.01.2008 | GEIPAN Orange arrow icon Orange arrow icon Orange arrow icon Arrow,
https://www.geipan.fr/fr/cas/2008-01-01986,2008-01-01986,https://www.geipan.fr/fr/cas/2008-01-01986,DOWNLOADED,19167,4badab4f881a30cd72c78fc6b0619fec7d2c3a782a150f5d8994f7efdc298dfe,LAQUEUILLE (63) 24.01.2008 | GEIPAN Orange arrow icon Orange arrow icon Orange arrow icon Arrow,
https://www.geipan.fr/fr/cas/2008-01-02215,2008-01-02215,https://www.geipan.fr/fr/cas/2008-01-02215,DOWNLOADED,18891,108d9931046feeb8c3def1e70512404636a545989a22911e6d9440baed2d4f92,[A89] de CLERMONT-FERRAND (63) vers BRIVE-LA-GAILLARDE (19) 01.01.2008 | GEIPAN Orange arrow icon Orange arrow icon Orange arrow icon Arrow,
https://www.geipan.fr/fr/cas/2008-01-02230,2008-01-02230,https://www.geipan.fr/fr/cas/2008-01-02230,DOWNLOADED,18343,c43098a26418bc2cd1a67a6f04b4c66768d93523e3a8b79575574911aedf7e0d,JURIGNAC (16) --.--.2008 | GEIPAN Orange arrow icon Orange arrow icon Orange arrow icon Arrow,
https://www.geipan.fr/fr/cas/2008-01-02291,2008-01-02291,https://www.geipan.fr/fr/cas/2008-01-02291,DOWNLOADED,18288,f0d4ece82a606a2c37eaf1e53826ea676fecddf3a2c186fedfad1b1bd637b7a9,SAINT-LOUIS (974) 13.01.2008 | GEIPAN Orange arrow icon Orange arrow icon Orange arrow icon Arrow,
https://www.geipan.fr/fr/cas/2008-02-01770,2008-02-01770,https://www.geipan.fr/fr/cas/2008-02-01770,DOWNLOADED,18519,621d36681d6212e32074a8929b94f2c02f42f63ab0b062c11773b825e6e3e1fd,ROQUE-SAINTE-MARGUERITE (LA) (12) 01.02.2008 | GEIPAN Orange arrow icon Orange arrow icon Orange arrow icon Arrow,
https://www.geipan.fr/fr/cas/2008-02-01997,2008-02-01997,https://www.geipan.fr/fr/cas/2008-02-01997,DOWNLOADED,19579,b3be8f3d19a4006c9c81b06d60e54fc87621e1dd6ff1ce5e83cb471b8425680d,BOGNY-SUR-MEUSE (08) 29.02.2008 | GEIPAN Orange arrow icon Orange arrow icon Orange arrow icon Arrow,
https://www.geipan.fr/fr/cas/2008-02-01999,2008-02-01999,https://www.geipan.fr/fr/cas/2008-02-01999,DOWNLOADED,19282,f2188284c25d93afd8726137147ad4f652a079e872d33d4947face6390206276,SAINT-ETIENNE-DU-ROUVRAY (76) 13.02.2008 | GEIPAN Orange arrow icon Orange arrow icon Orange arrow icon Arrow,
https://www.geipan.fr/fr/cas/2008-02-02063,2008-02-02063,https://www.geipan.fr/fr/cas/2008-02-02063,DOWNLOADED,19185,de64b415afd5aba4c787592508086249a2387a93e6ef01985c81e62666e7040b,SAINT-DONAT-SUR-L'HERBASSE (26) 07.02.2008 | GEIPAN Orange arrow icon Orange arrow icon Orange arrow icon Arrow,
https://www.geipan.fr/fr/cas/2008-02-02279,2008-02-02279,https://www.geipan.fr/fr/cas/2008-02-02279,DOWNLOADED,18870,3417d2b1d760908fed5ccfbeec4b049f0548595e982e00d337934307dedf772e,TIGNES (73) 18.02.2008 | GEIPAN Orange arrow icon Orange arrow icon Orange arrow icon Arrow,
https://www.geipan.fr/fr/cas/2008-03-01789,2008-03-01789,https://www.geipan.fr/fr/cas/2008-03-01789,DOWNLOADED,19119,b3742bd48c208ef6a800a03dd3a5c095999f4a72645cc075a5dcc322cf58a7f7,VIDAUBAN (83) 15.03.2008 | GEIPAN Orange arrow icon Orange arrow icon Orange arrow icon Arrow,
https://www.geipan.fr/fr/cas/2008-03-01794,2008-03-01794,https://www.geipan.fr/fr/cas/2008-03-01794,DOWNLOADED,19549,6ddb001d1b2c2ed07c8c29b36cd43b72ae4d56480da6a4b8482b89201a51aa9b,PARIS (75) 09.03.2008 | GEIPAN Orange arrow icon Orange arrow icon Orange arrow icon Arrow,
https://www.geipan.fr/fr/cas/2008-03-01811,2008-03-01811,https://www.geipan.fr/fr/cas/2008-03-01811,DOWNLOADED,18904,16526510f30d437305b197c620cfee0cffc3323e6a6b6ca7ea79eed36d0f9603,MERVILLE (59) 31.03.2008 | GEIPAN Orange arrow icon Orange arrow icon Orange arrow icon Arrow,
https://www.geipan.fr/fr/cas/2008-03-01814,2008-03-01814,https://www.geipan.fr/fr/cas/2008-03-01814,DOWNLOADED,19027,7449f934bb4c7bd549ce6f71882ae2cf63d02550a4c0a4dc8c0b3fb665d8f7a7,CAVAILLON (84) 30.03.2008 | GEIPAN Orange arrow icon Orange arrow icon Orange arrow icon Arrow,
https://www.geipan.fr/fr/cas/2008-03-01819,2008-03-01819,https://www.geipan.fr/fr/cas/2008-03-01819,DOWNLOADED,18359,b2f9a520fe81e253cbb01d357b0aa4550c5d44fa0bcc2dc59a2067d2ec26e266,SAINT-AFFRIQUE (12) 25.03.2008 | GEIPAN Orange arrow icon Orange arrow icon Orange arrow icon Arrow,
https://www.geipan.fr/fr/cas/2008-03-01820,2008-03-01820,https://www.geipan.fr/fr/cas/2008-03-01820,DOWNLOADED,18537,4430a5854e452166b1b36bbf9d12f3cbb587f67bc7a8f123cadee8832d4d89c2,PERVENCHERES (61) 29.03.2008 | GEIPAN Orange arrow icon Orange arrow icon Orange arrow icon Arrow,
https://www.geipan.fr/fr/cas/2008-03-01837,2008-03-01837,https://www.geipan.fr/fr/cas/2008-03-01837,DOWNLOADED,19057,3043ccb3a13346cc4474b7a0bbc22cc79292bd83bfca6874fc4343ea6ab31a13,MARCELLOIS (21) 01.03.2008 | GEIPAN Orange arrow icon Orange arrow icon Orange arrow icon Arrow,
https://www.geipan.fr/fr/cas/2008-03-01957,2008-03-01957,https://www.geipan.fr/fr/cas/2008-03-01957,DOWNLOADED,19676,49da8ae74c7b2372572b7ff3213302127f3060b47dabf5d4d1d22865d5be3ce4,ISSY-LES-MOULINEAUX (92) 29.03.2008 | GEIPAN Orange arrow icon Orange arrow icon Orange arrow icon Arrow,
https://www.geipan.fr/fr/cas/2008-04-01812,2008-04-01812,https://www.geipan.fr/fr/cas/2008-04-01812,DOWNLOADED,20377,f5379a4bc9a5b259a161d1cec3553d77ed8084e782ab6703f42c9070f93ed701,PORNICHET (44) 23.04.2008 | GEIPAN Orange arrow icon Orange arrow icon Orange arrow icon Arrow,
https://www.geipan.fr/fr/cas/2008-04-01815,2008-04-01815,https://www.geipan.fr/fr/cas/2008-04-01815,DOWNLOADED,19494,432b3262ec2e0488f242a3d0f8c068fcd31a0b1727a7e61dfae83b4ac6f2ff05,NANCY (54) 19.04.2008 | GEIPAN Orange arrow icon Orange arrow icon Orange arrow icon Arrow,
https://www.geipan.fr/fr/cas/2008-04-01844,2008-04-01844,https://www.geipan.fr/fr/cas/2008-04-01844,DOWNLOADED,18668,fe396451b612d080350dad1cd085acc8631ed1f2f5b2bc9e56a84cfe05aa4643,BAILLY (78) 28.04.2008 | GEIPAN Orange arrow icon Orange arrow icon Orange arrow icon Arrow,
https://www.geipan.fr/fr/cas/2008-04-01907,2008-04-01907,https://www.geipan.fr/fr/cas/2008-04-01907,DOWNLOADED,19963,438555c8ef4023005b78dff1d310be7673bf4bbdaef54f7e0420ead5d6f1c724,VALLET (44) 29.04.2008 | GEIPAN Orange arrow icon Orange arrow icon Orange arrow icon Arrow,
https://www.geipan.fr/fr/cas/2008-04-01924,2008-04-01924,https://www.geipan.fr/fr/cas/2008-04-01924,DOWNLOADED,19957,e6f0faab0efc969caa3d602d5088cc5f2e872c2fb6690bcebee2faf04c70c567,CUERS (83) 27.04.2008 | GEIPAN Orange arrow icon Orange arrow icon Orange arrow icon Arrow,
https://www.geipan.fr/fr/cas/2008-04-02066,2008-04-02066,https://www.geipan.fr/fr/cas/2008-04-02066,DOWNLOADED,19028,de70885abf01f6b930826ca0e0c50f2bafd9fd02ddb721cd27cc05448e06982e,MAUZE-SUR-LE-MIGNON (79) 20.04.2008 | GEIPAN Orange arrow icon Orange arrow icon Orange arrow icon Arrow,
https://www.geipan.fr/fr/cas/2008-04-02067,2008-04-02067,https://www.geipan.fr/fr/cas/2008-04-02067,DOWNLOADED,18925,bc2070c47eb198763740cdee57098ef5e696d224de9d19404e6f9ec226395118,LYON (69) 12.04.2008 | GEIPAN Orange arrow icon Orange arrow icon Orange arrow icon Arrow,
https://www.geipan.fr/fr/cas/2008-04-02068,2008-04-02068,https://www.geipan.fr/fr/cas/2008-04-02068,DOWNLOADED,19360,61ba74a925824b8d479e22b62d3df395665e4fa6093ef04c832346e76d1c8eab,LAGNY-SUR-MARNE (77) 16.04.2008 | GEIPAN Orange arrow icon Orange arrow icon Orange arrow icon Arrow,
https://www.geipan.fr/fr/cas/2008-04-02071,2008-04-02071,https://www.geipan.fr/fr/cas/2008-04-02071,DOWNLOADED,19486,d3297db23ed682134bd1524cf427869796190b5200a18c4a487438762959ff90,MAS-D'AGENAIS (LE) (47) 04.04.2008 | GEIPAN Orange arrow icon Orange arrow icon Orange arrow icon Arrow,
https://www.geipan.fr/fr/cas/2008-04-02072,2008-04-02072,https://www.geipan.fr/fr/cas/2008-04-02072,DOWNLOADED,19828,8ed9fce2f2d621132b7dae2045e761004ffc3c4205a0b5ac744e51e767964275,RODEZ (12) 18.04.2008 | GEIPAN Orange arrow icon Orange arrow icon Orange arrow icon Arrow,
https://www.geipan.fr/fr/cas/2008-04-02073,2008-04-02073,https://www.geipan.fr/fr/cas/2008-04-02073,DOWNLOADED,19712,e92b57dceb4ef505cdaa01bc603394a5d602839cffd43b9ff938e9f2eff8264a,MONTEGUT-EN-COUSERANS (09) 12.04.2008 | GEIPAN Orange arrow icon Orange arrow icon Orange arrow icon Arrow,
https://www.geipan.fr/fr/cas/2008-04-02074,2008-04-02074,https://www.geipan.fr/fr/cas/2008-04-02074,DOWNLOADED,18912,fde03578e4a106fa4fcd17daabe8630cb3b4db41a64213f5952e91b62fbc89f8,PORNICHET (44) 20.04.2008 | GEIPAN Orange arrow icon Orange arrow icon Orange arrow icon Arrow,
https://www.geipan.fr/fr/cas/2008-04-02203,2008-04-02203,https://www.geipan.fr/fr/cas/2008-04-02203,DOWNLOADED,18481,9902e9c51ac520eb0949421dcd1b1b5ce2e08e423b78bc2a558a722b4d37ada4,[N12] de PLOUIGNEAU (29) vers MORLAIX (29) 25.04.2008 | GEIPAN Orange arrow icon Orange arrow icon Orange arrow icon Arrow,
https://www.geipan.fr/fr/cas/2008-04-02282,2008-04-02282,https://www.geipan.fr/fr/cas/2008-04-02282,DOWNLOADED,18554,2e0bfe82cfd25beb59f4951b4f089bfd711614d04a5bee1e4c92993df9e217a7,LAVAL (53) --.04.2008 | GEIPAN Orange arrow icon Orange arrow icon Orange arrow icon Arrow,
https://www.geipan.fr/fr/cas/2008-04-02284,2008-04-02284,https://www.geipan.fr/fr/cas/2008-04-02284,DOWNLOADED,19806,29431fdd47295eb9ab90e81aaa5bbf3b223cb2fb4b562787347f6db6f1aeec97,SEDAN (08) 25.04.2008 | GEIPAN Orange arrow icon Orange arrow icon Orange arrow icon Arrow,
https://www.geipan.fr/fr/cas/2008-04-02574,2008-04-02574,https://www.geipan.fr/fr/cas/2008-04-02574,DOWNLOADED,18694,0f13cecae143ed8b05899efda782f761b5fe5ce471961869a42e4e6fdedfe74d,VRONCOURT (54) --.04.2008 | GEIPAN Orange arrow icon Orange arrow icon Orange arrow icon Arrow,
https://www.geipan.fr/fr/cas/2008-05-01854,2008-05-01854,https://www.geipan.fr/fr/cas/2008-05-01854,DOWNLOADED,19333,776d1ed4472d30121e797b8a4be72451250b3e7401c174008671d66e5004f1ae,ARGENCES (14) 04.05.2008 | GEIPAN Orange arrow icon Orange arrow icon Orange arrow icon Arrow,
https://www.geipan.fr/fr/cas/2008-05-01858,2008-05-01858,https://www.geipan.fr/fr/cas/2008-05-01858,DOWNLOADED,19789,2acbc952671f8e6dd0e5947b2f01798d218a10998980ef93ad50af34033617c4,(DPT) MOSELLE (57) 11.05.2008 | GEIPAN Orange arrow icon Orange arrow icon Orange arrow icon Arrow,
https://www.geipan.fr/fr/cas/2008-05-01859,2008-05-01859,https://www.geipan.fr/fr/cas/2008-05-01859,DOWNLOADED,19571,f5fce98841548c742cfdeb4ec3ca17e5bb93ae4c832b75321f27addcb21ed582,DOMBASLE-SUR-MEURTHE (54) 10.05.2008 | GEIPAN Orange arrow icon Orange arrow icon Orange arrow icon Arrow,
https://www.geipan.fr/fr/cas/2008-05-01881,2008-05-01881,https://www.geipan.fr/fr/cas/2008-05-01881,DOWNLOADED,18411,b3cc77b2168c48c88d41042e52e878779525d358187c91466e0036c320643b17,CHAPELLE-SUR-ERDRE (LA) (44) 30.05.2008 | GEIPAN Orange arrow icon Orange arrow icon Orange arrow icon Arrow,
https://www.geipan.fr/fr/cas/2008-05-01883,2008-05-01883,https://www.geipan.fr/fr/cas/2008-05-01883,DOWNLOADED,18747,8f6e82c5f90134a2dc888688263b77d0b12e5f556d2626c66a637e2f6e004e0b,PLEVENON (22) 12.05.2008 | GEIPAN Orange arrow icon Orange arrow icon Orange arrow icon Arrow,
https://www.geipan.fr/fr/cas/2008-05-01908,2008-05-01908,https://www.geipan.fr/fr/cas/2008-05-01908,DOWNLOADED,19260,8c922764fb99d234151490a6a2a842595d88c1f192ce69d404b158d58ebfb25f,CESSON-SEVIGNE (35) 17.05.2008 | GEIPAN Orange arrow icon Orange arrow icon Orange arrow icon Arrow,
https://www.geipan.fr/fr/cas/2008-05-01936,2008-05-01936,https://www.geipan.fr/fr/cas/2008-05-01936,DOWNLOADED,19545,db8163d3f8fce890bd8d73f770326b9c9c859b8a2ac2f4e0db4f7cb282936497,GEMENOS (13) 21.05.2008 | GEIPAN Orange arrow icon Orange arrow icon Orange arrow icon Arrow,
https://www.geipan.fr/fr/cas/2008-05-01954,2008-05-01954,https://www.geipan.fr/fr/cas/2008-05-01954,DOWNLOADED,19826,4b6cc3abba5ed28ef74cf594fb23e235d2b1d0594bf9fbc50ad564ef67b89b6d,DECAZEVILLE (12) 21.05.2008 | GEIPAN Orange arrow icon Orange arrow icon Orange arrow icon Arrow,
https://www.geipan.fr/fr/cas/2008-05-01980,2008-05-01980,https://www.geipan.fr/fr/cas/2008-05-01980,DOWNLOADED,18433,52d75d608b4f312f2260065c27d5feea469ace998f20a52826d425b94e48a12c,FLEURY (11) 04.05.2008 | GEIPAN Orange arrow icon Orange arrow icon Orange arrow icon Arrow,
https://www.geipan.fr/fr/cas/2008-05-01982,2008-05-01982,https://www.geipan.fr/fr/cas/2008-05-01982,DOWNLOADED,18904,36136433be684bfe86e741e43d6ce5197e82a769eb0beb38e46c7e2d7bb6da5b,MONTOIR-DE-BRETAGNE (44) 07.05.2008 | GEIPAN Orange arrow icon Orange arrow icon Orange arrow icon Arrow,
https://www.geipan.fr/fr/cas/2008-05-01984,2008-05-01984,https://www.geipan.fr/fr/cas/2008-05-01984,DOWNLOADED,18886,de7f255d8ef34105023fa08cc952968dbf498b5f7a2856615d2b1b7f4f63af24,OISLY (41) 08.05.2008 | GEIPAN Orange arrow icon Orange arrow icon Orange arrow icon Arrow,
https://www.geipan.fr/fr/cas/2008-05-02083,2008-05-02083,https://www.geipan.fr/fr/cas/2008-05-02083,DOWNLOADED,21562,0f6d685934639938379ab9f24508f3849a142af57d9b265455341a1c698662a8,LAVERGNE (46) 01.05.2008 | GEIPAN Orange arrow icon Orange arrow icon Orange arrow icon Arrow,
https://www.geipan.fr/fr/cas/2008-05-02084,2008-05-02084,https://www.geipan.fr/fr/cas/2008-05-02084,DOWNLOADED,19216,c8ab000e1c94360da11db81196189b69ab49b66bcf69170ac38bd354cf759dba,AVIGNON (84) 14.05.2008 | GEIPAN Orange arrow icon Orange arrow icon Orange arrow icon Arrow,
https://www.geipan.fr/fr/cas/2008-05-02085,2008-05-02085,https://www.geipan.fr/fr/cas/2008-05-02085,DOWNLOADED,19341,9ee83d1c5033f5195f4014acd51ffc93f700ac7c596f7339f82e62177278ab65,CHATEAUGIRON (35) 17.05.2008 | GEIPAN Orange arrow icon Orange arrow icon Orange arrow icon Arrow,
https://www.geipan.fr/fr/cas/2008-05-02094,2008-05-02094,https://www.geipan.fr/fr/cas/2008-05-02094,DOWNLOADED,19413,679fab7b56ede1eb09801add516ebd3badfac17b86139c88ecfe72b02685b732,AVIGNON (84) 10.05.2008 | GEIPAN Orange arrow icon Orange arrow icon Orange arrow icon Arrow,
https://www.geipan.fr/fr/cas/2008-05-02188,2008-05-02188,https://www.geipan.fr/fr/cas/2008-05-02188,DOWNLOADED,19452,871e4d0c118d1659ad069c2b3a1b3ab6783386156d1f17624066bf75386c2e14,BLOIS (41) 11.05.2008 | GEIPAN Orange arrow icon Orange arrow icon Orange arrow icon Arrow,
https://www.geipan.fr/fr/cas/2008-05-02191,2008-05-02191,https://www.geipan.fr/fr/cas/2008-05-02191,DOWNLOADED,18969,4972d585b2b272bd2274a953e99925f342de4e8d09025fd7ebc86178ee51905d,LAITRE-SOUS-AMANCE (54) 31.05.2008 | GEIPAN Orange arrow icon Orange arrow icon Orange arrow icon Arrow,
https://www.geipan.fr/fr/cas/2008-05-02196,2008-05-02196,https://www.geipan.fr/fr/cas/2008-05-02196,DOWNLOADED,18860,2367b055fd9ff4010ccfdd4b721b7268e2bd79b8e86ee84e9e9d73209df62193,BERGERAC (24) 28.05.2008 | GEIPAN Orange arrow icon Orange arrow icon Orange arrow icon Arrow,
https://www.geipan.fr/fr/cas/2008-05-02202,2008-05-02202,https://www.geipan.fr/fr/cas/2008-05-02202,DOWNLOADED,20796,ef735f350f623f442f6c8bf0310b9e74d25ad874aa6b1edbcc6b7bfa19718178,LANTERNES 03.05.2008 | GEIPAN Orange arrow icon Orange arrow icon Orange arrow icon Arrow,
https://www.geipan.fr/fr/cas/2008-05-02226,2008-05-02226,https://www.geipan.fr/fr/cas/2008-05-02226,DOWNLOADED,19585,b07e57b88cdb12e1a8d2759c77c682ab173551b2c774fb84193407f5136e7a94,SAINT-COULOMB (35) 29.05.2008 | GEIPAN Orange arrow icon Orange arrow icon Orange arrow icon Arrow,
https://www.geipan.fr/fr/cas/2008-05-02272,2008-05-02272,https://www.geipan.fr/fr/cas/2008-05-02272,DOWNLOADED,18487,e886368324c0f86daf5644310adc973b3d39e2d8949b2a12a82f9d9e3740bbfd,DOMPIERRE-SUR-YON (85) 1-.05.2008 | GEIPAN Orange arrow icon Orange arrow icon Orange arrow icon Arrow,
https://www.geipan.fr/fr/cas/2008-05-02289,2008-05-02289,https://www.geipan.fr/fr/cas/2008-05-02289,DOWNLOADED,18412,537ebc9276977b76fb58ee3f12dca6f287981b879550d231167aff9104901789,[D3] de MILIZAC (29) vers BREST (29) 05.05.2008 | GEIPAN Orange arrow icon Orange arrow icon Orange arrow icon Arrow,
https://www.geipan.fr/fr/cas/2008-05-02297,2008-05-02297,https://www.geipan.fr/fr/cas/2008-05-02297,DOWNLOADED,19161,5e618d8984d66629d79f735fb834e360308113b90031fe0b5a40d703711b3658,GROIX (56) 19.05.2008 | GEIPAN Orange arrow icon Orange arrow icon Orange arrow icon Arrow,
https://www.geipan.fr/fr/cas/2008-05-02303,2008-05-02303,https://www.geipan.fr/fr/cas/2008-05-02303,DOWNLOADED,19554,c72d92bc3f670f526b72396287b925a4a1ada14ceab5a3ddefc2a0b81e19cd7c,CACHAN (94) 27.05.2008 | GEIPAN Orange arrow icon Orange arrow icon Orange arrow icon Arrow,
https://www.geipan.fr/fr/cas/2008-05-02304,2008-05-02304,https://www.geipan.fr/fr/cas/2008-05-02304,DOWNLOADED,18608,14e70cff8ed6812b94730e691cea82e399e0bfd4f50612cc78007e2b011519d9,RUAUDIN (72) 16.05.2008 | GEIPAN Orange arrow icon Orange arrow icon Orange arrow icon Arrow,
https://www.geipan.fr/fr/cas/2008-05-02444,2008-05-02444,https://www.geipan.fr/fr/cas/2008-05-02444,DOWNLOADED,18466,04b927fc87c93bac1b552fcb07a2f51d1cfe57a9553161dd95bd20765c77891a,SAINT-GEORGES-DU-BOIS (49) 06.05.2008 | GEIPAN Orange arrow icon Orange arrow icon Orange arrow icon Arrow,
https://www.geipan.fr/fr/cas/2008-05-02445,2008-05-02445,https://www.geipan.fr/fr/cas/2008-05-02445,DOWNLOADED,18582,1edba3917a7e6caeea8f1caf4f9476e666606a7f9a39b19811deed43b6ca0143,MONTAIGU (85) 01.05.2008 | GEIPAN Orange arrow icon Orange arrow icon Orange arrow icon Arrow,
https://www.geipan.fr/fr/cas/2008-05-02447,2008-05-02447,https://www.geipan.fr/fr/cas/2008-05-02447,DOWNLOADED,19250,1116bb4c5ae5b6049787cd8e9e5498551e7fe450d9bffebe5f39e652be681de9,ARGENTRE-DU-PLESSIS (35) 02.05.2008 | GEIPAN Orange arrow icon Orange arrow icon Orange arrow icon Arrow,
https://www.geipan.fr/fr/cas/2008-05-02489,2008-05-02489,https://www.geipan.fr/fr/cas/2008-05-02489,DOWNLOADED,18823,03041ebaa819556056f95aa9a81f9897c51db8e97b6a36c34daf7841e3d2a860,LACROIX-SUR-MEUSE (55) 04.05.2008 | GEIPAN Orange arrow icon Orange arrow icon Orange arrow icon Arrow,
https://www.geipan.fr/fr/cas/2008-05-02507,2008-05-02507,https://www.geipan.fr/fr/cas/2008-05-02507,DOWNLOADED,19272,1644b65c1222c90183d06eda6b670faa919e3de65c095770d61383dd4aec801b,JUIGNE-DES-MOUTIERS (44) 07.05.2008 | GEIPAN Orange arrow icon Orange arrow icon Orange arrow icon Arrow,
https://www.geipan.fr/fr/cas/2008-05-08393,2008-05-08393,https://www.geipan.fr/fr/cas/2008-05-08393,DOWNLOADED,19120,1d49a9be73da5c9392ff6e1ac1edff8f87689658865226ce093f13a9b7bcc3fc,THEIX (56) 06.05.2008 | GEIPAN Orange arrow icon Orange arrow icon Orange arrow icon Arrow,
https://www.geipan.fr/fr/cas/2008-05-08404,2008-05-08404,https://www.geipan.fr/fr/cas/2008-05-08404,DOWNLOADED,19149,eb358005ffbf9dfa3ecb1cf55d58dba087fe844a48a3cacb3827d0822151bcd1,GRAVERIE (LA) (14) 21.05.2008 | GEIPAN Orange arrow icon Orange arrow icon Orange arrow icon Arrow,
https://www.geipan.fr/fr/cas/2008-05-08646,2008-05-08646,https://www.geipan.fr/fr/cas/2008-05-08646,DOWNLOADED,19270,06e3a1661685f59f37bb9214320bcdd4aaa0957988621dd73b7449f701179962,BARBATRE (85) 01.05.2008 | GEIPAN Orange arrow icon Orange arrow icon Orange arrow icon Arrow,
https://www.geipan.fr/fr/cas/2008-06-01927,2008-06-01927,https://www.geipan.fr/fr/cas/2008-06-01927,DOWNLOADED,21986,37ecd0e118da3eb7a7300f912d51de570286e4f98affe6a943c14204fbd4acf8,PERPIGNAN (66) 23.06.2008 | GEIPAN Orange arrow icon Orange arrow icon Orange arrow icon Arrow,
https://www.geipan.fr/fr/cas/2008-06-02107,2008-06-02107,https://www.geipan.fr/fr/cas/2008-06-02107,DOWNLOADED,19022,12856f0e1cfb0d4f71ae2b3cbb6f815aef0d5b1947e2fc0d7555ca097a18a7dd,CEILLAC (05) 29.06.2008 | GEIPAN Orange arrow icon Orange arrow icon Orange arrow icon Arrow,
https://www.geipan.fr/fr/cas/2008-06-02109,2008-06-02109,https://www.geipan.fr/fr/cas/2008-06-02109,DOWNLOADED,19116,31ef80fcd8903217e9ccd091aac57bcbddc5f8c43258c1d8a91eb806f0a67c91,SAINT-SAUVEUR-DE-LANDEMONT (49) 22.06.2008 | GEIPAN Orange arrow icon Orange arrow icon Orange arrow icon Arrow,
https://www.geipan.fr/fr/cas/2008-06-02117,2008-06-02117,https://www.geipan.fr/fr/cas/2008-06-02117,DOWNLOADED,19668,39d77351b9fd12da29e2c937d8570875f863a57a75a61fdc622f62687538148a,TOURNEFEUILLE (31) 23.06.2008 | GEIPAN Orange arrow icon Orange arrow icon Orange arrow icon Arrow,
https://www.geipan.fr/fr/cas/2008-06-02296,2008-06-02296,https://www.geipan.fr/fr/cas/2008-06-02296,DOWNLOADED,18386,a2c25671f4f00ffd066f0ad316d4c150105a69566688da1d7afbe6e856e0be5f,CHALONS EN CHAMPAGNE (51) 0-.06.2008 | GEIPAN Orange arrow icon Orange arrow icon Orange arrow icon Arrow,
https://www.geipan.fr/fr/cas/2008-06-02313,2008-06-02313,https://www.geipan.fr/fr/cas/2008-06-02313,DOWNLOADED,19242,ad2871fce07a73ad7fc0b41f68493616f28c20d3755c7a9d3844a5ad6923f8cf,PARIS (75) 13.06.2008 | GEIPAN Orange arrow icon Orange arrow icon Orange arrow icon Arrow,
https://www.geipan.fr/fr/cas/2008-06-02366,2008-06-02366,https://www.geipan.fr/fr/cas/2008-06-02366,DOWNLOADED,20421,074504b88b33a3d2d17168f2514d435f80fd952f7fd29640788dc1ebc07cea99,BESANCON (25) 26.06.2017 | GEIPAN Orange arrow icon Orange arrow icon Orange arrow icon Arrow,
https://www.geipan.fr/fr/cas/2008-06-02386,2008-06-02386,https://www.geipan.fr/fr/cas/2008-06-02386,DOWNLOADED,19459,ff1a75e3c028d61e232a47b12fa7c80d643e3fa0b5eff2f2238c70c83728509c,FAMECK (57) 03.06.2008 | GEIPAN Orange arrow icon Orange arrow icon Orange arrow icon Arrow,
https://www.geipan.fr/fr/cas/2008-06-02469,2008-06-02469,https://www.geipan.fr/fr/cas/2008-06-02469,DOWNLOADED,19756,b4cb725e97e4f6002c2756a8446dca87376451a9d33aa526c451ba7463682dd2,CHELLES (77) --.06.2008 | GEIPAN Orange arrow icon Orange arrow icon Orange arrow icon Arrow,
https://www.geipan.fr/fr/cas/2008-06-08565,2008-06-08565,https://www.geipan.fr/fr/cas/2008-06-08565,DOWNLOADED,19116,173e940e82e16b0bbf59b82af694ffbe006b1e34b9f94804f7b7ff73bce50cbf,SALETTES (43) 19.06.2008 | GEIPAN Orange arrow icon Orange arrow icon Orange arrow icon Arrow,
https://www.geipan.fr/fr/cas/2008-07-01885,2008-07-01885,https://www.geipan.fr/fr/cas/2008-07-01885,DOWNLOADED,18527,0b9db4e5138942d0f34aef5f4c66fad4015d9d1adfd90fc0c26657ef873eabfc,BRY-SUR-MARNE (94) 08.07.2008 | GEIPAN Orange arrow icon Orange arrow icon Orange arrow icon Arrow,
https://www.geipan.fr/fr/cas/2008-07-02138,2008-07-02138,https://www.geipan.fr/fr/cas/2008-07-02138,DOWNLOADED,19338,76b66ecaa1499f91aefbb9a3b25f40f5e40d796986115f9da57caa38a83e5899,RAMBOUILLET (78) 31.07.2008 | GEIPAN Orange arrow icon Orange arrow icon Orange arrow icon Arrow,
https://www.geipan.fr/fr/cas/2008-07-02139,2008-07-02139,https://www.geipan.fr/fr/cas/2008-07-02139,DOWNLOADED,19514,8fa7b34a604b33b76f7f848601685c8089e1c16a1b7b5c417f7e3b9c6a71f695,COUTEVROULT (77) 20.07.2008 | GEIPAN Orange arrow icon Orange arrow icon Orange arrow icon Arrow,
https://www.geipan.fr/fr/cas/2008-07-02144,2008-07-02144,https://www.geipan.fr/fr/cas/2008-07-02144,DOWNLOADED,19619,008a9d2abb25c26c7eefe92261638d1928ff3f0e8a0625de4a393e7f01ffbfbf,PARIS (75) 30.07.2008 | GEIPAN Orange arrow icon Orange arrow icon Orange arrow icon Arrow,
https://www.geipan.fr/fr/cas/2008-07-02216,2008-07-02216,https://www.geipan.fr/fr/cas/2008-07-02216,DOWNLOADED,20127,a2551a937aa883e5a0765d8069c5613b454589faf86cf3e1a74ebbdc265856d5,SAINT-MALO (35) 14.07.2008 | GEIPAN Orange arrow icon Orange arrow icon Orange arrow icon Arrow,
https://www.geipan.fr/fr/cas/2008-07-02290,2008-07-02290,https://www.geipan.fr/fr/cas/2008-07-02290,DOWNLOADED,20642,73383603dfb4353e6803edc57db0b803ec96bd54f2fd2f2c25d415f70e33fe59,(DPT) VAUCLUSE (84) 04.07.2008 | GEIPAN Orange arrow icon Orange arrow icon Orange arrow icon Arrow,
https://www.geipan.fr/fr/cas/2008-07-02314,2008-07-02314,https://www.geipan.fr/fr/cas/2008-07-02314,DOWNLOADED,21958,79137084dcc71754d432301cb77852e9c0f11f74d5ee347dd2f256328a321f90,ALPES-DE-HAUTE-PROVENCE (04) 28.07.2008 | GEIPAN Orange arrow icon Orange arrow icon Orange arrow icon Arrow,
https://www.geipan.fr/fr/cas/2008-07-02388,2008-07-02388,https://www.geipan.fr/fr/cas/2008-07-02388,DOWNLOADED,19565,dc4dac0d82885de9e1b7ba6e27f56247484e5bdc32dc69795b5483e1c11a6a90,(DPT) HERAULT (34) 27.07.2008 | GEIPAN Orange arrow icon Orange arrow icon Orange arrow icon Arrow,
https://www.geipan.fr/fr/cas/2008-07-02443,2008-07-02443,https://www.geipan.fr/fr/cas/2008-07-02443,DOWNLOADED,19715,3ef5b80880e9c2b0bdbb8fe517e5010903ef779a6ab68b2a0533117262769ac8,BARRET-DE-LIOURE (26) 08.07.2008 | GEIPAN Orange arrow icon Orange arrow icon Orange arrow icon Arrow,
https://www.geipan.fr/fr/cas/2008-08-02061,2008-08-02061,https://www.geipan.fr/fr/cas/2008-08-02061,DOWNLOADED,18775,864a9c938196fa6ec4557d2e16ed14d0bf070ad3ae1d9963adfc99e3d66f9de9,ABLIS (78) 30.08.2008 | GEIPAN Orange arrow icon Orange arrow icon Orange arrow icon Arrow,
https://www.geipan.fr/fr/cas/2008-08-02106,2008-08-02106,https://www.geipan.fr/fr/cas/2008-08-02106,DOWNLOADED,20724,28a20324e71674ab21dba24f12f8e830d6fd335dbcb744c87097b0c8d5a87d29,NOUZONVILLE (08) 30.08.2008 | GEIPAN Orange arrow icon Orange arrow icon Orange arrow icon Arrow,
https://www.geipan.fr/fr/cas/2008-08-02183,2008-08-02183,https://www.geipan.fr/fr/cas/2008-08-02183,DOWNLOADED,19104,b16c74b32362a8f9054baa22fb81030e68c765b68ad68296faba7161b2e0c649,FECHAIN (59) 15.08.2008 | GEIPAN Orange arrow icon Orange arrow icon Orange arrow icon Arrow,
https://www.geipan.fr/fr/cas/2008-08-02184,2008-08-02184,https://www.geipan.fr/fr/cas/2008-08-02184,DOWNLOADED,18565,bbe4f46deefa2a1447e058bf5dd6e99ad29a04ab6b947f0617c6f5bc558daba7,SAINT-NAZAIRE (44) 15.08.2008 | GEIPAN Orange arrow icon Orange arrow icon Orange arrow icon Arrow,
https://www.geipan.fr/fr/cas/2008-08-02218,2008-08-02218,https://www.geipan.fr/fr/cas/2008-08-02218,DOWNLOADED,19325,ef6d811f75967026d8e7099bb8f84d1e40318f4c3ce8b664df899f9e1ad559a3,PRESEAU (59) 10.08.2008 | GEIPAN Orange arrow icon Orange arrow icon Orange arrow icon Arrow,
https://www.geipan.fr/fr/cas/2008-08-02271,2008-08-02271,https://www.geipan.fr/fr/cas/2008-08-02271,DOWNLOADED,18469,68838e237352f5bb5115dddbc30bcb7d538eda48bf52f1ad1942355b1c70944f,PLOUNEVEZ-QUINTIN (22) --.08.2007 | GEIPAN Orange arrow icon Orange arrow icon Orange arrow icon Arrow,
https://www.geipan.fr/fr/cas/2008-08-09390,2008-08-09390,https://www.geipan.fr/fr/cas/2008-08-09390,DOWNLOADED,19765,b8ef9247403cc3e7f50f7386c9ba1c1762777a18ccafa28538d3e5556159b0ca,ATHIS-MONS (91) 29.08.2008 | GEIPAN Orange arrow icon Orange arrow icon Orange arrow icon Arrow,
https://www.geipan.fr/fr/cas/2008-09-02045,2008-09-02045,https://www.geipan.fr/fr/cas/2008-09-02045,DOWNLOADED,19614,ab0ce7b6865414a7138a6c86c9da42d704b8f5e17b6ce45b52e6c03751aa31a6,GOUVIEUX (60) 20.09.2008 | GEIPAN Orange arrow icon Orange arrow icon Orange arrow icon Arrow,
https://www.geipan.fr/fr/cas/2008-09-02047,2008-09-02047,https://www.geipan.fr/fr/cas/2008-09-02047,DOWNLOADED,20145,b329c62d5593388facacbe004d79cf94577d834ea5f56e44484bfdc7bb761716,SOSPEL (06) 05.09.2008 | GEIPAN Orange arrow icon Orange arrow icon Orange arrow icon Arrow,
https://www.geipan.fr/fr/cas/2008-09-02065,2008-09-02065,https://www.geipan.fr/fr/cas/2008-09-02065,DOWNLOADED,29241,19ffa7684d1583a5cb0ab83f83ce7b79386a8536110823acf513c7c3eb0ba5f4,DEBRIS SPATIAUX (RETOMBEE) — NATIONAL (FR) 25.09.2008 | GEIPAN Orange arrow icon Orange arrow icon Orange arrow icon Arrow,
https://www.geipan.fr/fr/cas/2008-09-02170,2008-09-02170,https://www.geipan.fr/fr/cas/2008-09-02170,DOWNLOADED,18741,56e15a0c02462c858d90a0c83417feb8d1644abb97005386841b0d31b3572d83,BOLLENE (84) 08.09.2008 | GEIPAN Orange arrow icon Orange arrow icon Orange arrow icon Arrow,
https://www.geipan.fr/fr/cas/2008-09-02553,2008-09-02553,https://www.geipan.fr/fr/cas/2008-09-02553,DOWNLOADED,19136,6349fd56979dd18f1e61e21d14788a31ae243d3475b4d11156d6c743ca10755c,PARIS (75) 28.09.2008 | GEIPAN Orange arrow icon Orange arrow icon Orange arrow icon Arrow,
https://www.geipan.fr/fr/cas/2008-09-02699,2008-09-02699,https://www.geipan.fr/fr/cas/2008-09-02699,DOWNLOADED,19552,7c6dbce1c1dcfc75eb3741acb56933a6770e83b100df826e828fe16fb369dd06,BRUGES (33) 21.09.2008 | GEIPAN Orange arrow icon Orange arrow icon Orange arrow icon Arrow,
https://www.geipan.fr/fr/cas/2008-09-09397,2008-09-09397,https://www.geipan.fr/fr/cas/2008-09-09397,DOWNLOADED,19510,d8e173bad7e1331e636b39233c3bf6b2f915d2c452b06169e5b456977f25b4e2,VILLE-ES-NONAIS (LA) (35) 25.09.2008 | GEIPAN Orange arrow icon Orange arrow icon Orange arrow icon Arrow,
https://www.geipan.fr/fr/cas/2008-10-02305,2008-10-02305,https://www.geipan.fr/fr/cas/2008-10-02305,DOWNLOADED,19621,1715a4ce0c44fc97a3394ba29a153f207e9f35512f56bbb5217c051920f0be09,BUC (78) 02.10.2008 | GEIPAN Orange arrow icon Orange arrow icon Orange arrow icon Arrow,
https://www.geipan.fr/fr/cas/2008-10-02513,2008-10-02513,https://www.geipan.fr/fr/cas/2008-10-02513,DOWNLOADED,19472,72113040824cfbfdc5c5ca4e28ead73403986408745e4f2cfbc63568aaec9aa1,PALAU-DEL-VIDRE (66) --.10.2008 | GEIPAN Orange arrow icon Orange arrow icon Orange arrow icon Arrow,
https://www.geipan.fr/fr/cas/2008-11-01897,2008-11-01897,https://www.geipan.fr/fr/cas/2008-11-01897,DOWNLOADED,19504,c206ba8efe42db404f73b42a9259bceb54e5e2f3707f81d60e4a5b652f5abc3a,BOIS-GUILLAUME (76) 07.11.2008 | GEIPAN Orange arrow icon Orange arrow icon Orange arrow icon Arrow,
https://www.geipan.fr/fr/cas/2008-11-01901,2008-11-01901,https://www.geipan.fr/fr/cas/2008-11-01901,DOWNLOADED,19656,e131b1eded61488b93d1ef854657061c1a90a42349a3151d121f3a57f3ee7555,CARSPACH (68) 12.11.2008 | GEIPAN Orange arrow icon Orange arrow icon Orange arrow icon Arrow,
https://www.geipan.fr/fr/cas/2008-11-01933,2008-11-01933,https://www.geipan.fr/fr/cas/2008-11-01933,DOWNLOADED,19233,dae3e4e17c68479a118ae4c3a50f02a2e2298184483b803ade140fa30cb887f1,PONT-SUR-YONNE (89) 04.11.2008 | GEIPAN Orange arrow icon Orange arrow icon Orange arrow icon Arrow,
https://www.geipan.fr/fr/cas/2008-12-01930,2008-12-01930,https://www.geipan.fr/fr/cas/2008-12-01930,DOWNLOADED,18859,3003f91f216ac6c776e80858f2966d77bacd146e596802232adc8cc639cff917,SAINT-PIERRE (974) 14.12.2008 | GEIPAN Orange arrow icon Orange arrow icon Orange arrow icon Arrow,
https://www.geipan.fr/fr/cas/2008-12-01931,2008-12-01931,https://www.geipan.fr/fr/cas/2008-12-01931,DOWNLOADED,19023,4263112aa1914bd707abe1d448fded9b23fe72055262ddc60c1be628b01e22c5,SAINT-JOSEPH (974) 19.12.2008 | GEIPAN Orange arrow icon Orange arrow icon Orange arrow icon Arrow,
https://www.geipan.fr/fr/cas/2008-12-01944,2008-12-01944,https://www.geipan.fr/fr/cas/2008-12-01944,DOWNLOADED,19550,9744594ee3dcd454d04877ea0a2f69b685799f75e790e214ff27ca8e76d5676c,STRASBOURG (67) 06.12.2008 | GEIPAN Orange arrow icon Orange arrow icon Orange arrow icon Arrow,
https://www.geipan.fr/fr/cas/2008-12-01960,2008-12-01960,https://www.geipan.fr/fr/cas/2008-12-01960,DOWNLOADED,19967,537a258fcf3be491fa9d12ddb31f4ba2c4aaa006a9f0be149db56c0b9fe26586,SAINT-PIERRE-QUIBERON (56) 21.12.2008 | GEIPAN Orange arrow icon Orange arrow icon Orange arrow icon Arrow,
https://www.geipan.fr/fr/cas/2008-12-01964,2008-12-01964,https://www.geipan.fr/fr/cas/2008-12-01964,DOWNLOADED,21971,9d302ae88c68cc21edcfa9854d7b9c8f48c1a911a83bb2238c79cfe5ae2e89ac,"RENTREE ATMOSPHERIQUE — (REG) NOUVELLE-AQUITAINE, OCCITANIE (NAQ, OCC) 23.12.2008 | GEIPAN Orange arrow icon Orange arrow icon Orange arrow icon Arrow",
https://www.geipan.fr/fr/cas/2008-12-01973,2008-12-01973,https://www.geipan.fr/fr/cas/2008-12-01973,DOWNLOADED,18932,13240d92f73569e74ace50ec8c112dd9c7b51c3dd36d84ecae28eefb27ae5fbd,MACON (71) 26.12.2008 | GEIPAN Orange arrow icon Orange arrow icon Orange arrow icon Arrow,
https://www.geipan.fr/fr/cas/2008-12-01988,2008-12-01988,https://www.geipan.fr/fr/cas/2008-12-01988,DOWNLOADED,18615,38714c80a51e3ba9c623ad335365f414812948a1637425314f410c92ebab11fb,CHARTRETTES (77) 18.12.2008 | GEIPAN Orange arrow icon Orange arrow icon Orange arrow icon Arrow,
https://www.geipan.fr/fr/cas/2008-12-02132,2008-12-02132,https://www.geipan.fr/fr/cas/2008-12-02132,DOWNLOADED,19627,fca9034257f6cf90c7959f231163a08798cde7f3f32962d14982d922b079a4f4,ORTHEZ (64) 02.12.2008 | GEIPAN Orange arrow icon Orange arrow icon Orange arrow icon Arrow,
https://www.geipan.fr/fr/cas/2008-12-02308,2008-12-02308,https://www.geipan.fr/fr/cas/2008-12-02308,DOWNLOADED,19389,1fa1f7a4fe6b0176e98c00454950ba796873caa5fd696ec988fc80cd2ff8aab0,SAINT-PIERRE (974) 16.12.2008 | GEIPAN Orange arrow icon Orange arrow icon Orange arrow icon Arrow,
https://www.geipan.fr/fr/cas/2009-01-01940,2009-01-01940,https://www.geipan.fr/fr/cas/2009-01-01940,DOWNLOADED,18598,4eb2f3fbb9f63e184315e4a712f5f2011c033ceed3524828aa7c1f0599f10425,GRASSE (06) 03.01.2009 | GEIPAN Orange arrow icon Orange arrow icon Orange arrow icon Arrow,
https://www.geipan.fr/fr/cas/2009-01-01942,2009-01-01942,https://www.geipan.fr/fr/cas/2009-01-01942,DOWNLOADED,18553,efbca2ea693669a165148ea7eaf099492d453b989979a5f2d1595d24c9cc3a49,ERMONT (95) 11.01.2009 | GEIPAN Orange arrow icon Orange arrow icon Orange arrow icon Arrow,
https://www.geipan.fr/fr/cas/2009-01-01943,2009-01-01943,https://www.geipan.fr/fr/cas/2009-01-01943,DOWNLOADED,19489,be6343cee63dbf98e7374a32f743b24eeabc80a618c6284d2919ba88f7d90e74,MONTREUX (CH.VD) 01.01.2009 | GEIPAN Orange arrow icon Orange arrow icon Orange arrow icon Arrow,
https://www.geipan.fr/fr/cas/2009-01-01945,2009-01-01945,https://www.geipan.fr/fr/cas/2009-01-01945,DOWNLOADED,18352,4add4283745e39a642c2eafdc05888c828d17e6dd46987cf53a4f48b0a9643e3,NOYERS-SUR-JABRON (04) 15.01.2009 | GEIPAN Orange arrow icon Orange arrow icon Orange arrow icon Arrow,
https://www.geipan.fr/fr/cas/2009-01-01947,2009-01-01947,https://www.geipan.fr/fr/cas/2009-01-01947,DOWNLOADED,18471,1697aaefd51c8839fcfcb010e544ce4c502362cf19a8aafe19936dcb77fa0ff8,SAINT-GIRONS (09) 15.01.2009 | GEIPAN Orange arrow icon Orange arrow icon Orange arrow icon Arrow,
https://www.geipan.fr/fr/cas/2009-01-01949,2009-01-01949,https://www.geipan.fr/fr/cas/2009-01-01949,DOWNLOADED,18589,32dca1c41198f2583a02a00e7b5e2916472a12578ace0443811dedef21f0d0f9,REALVILLE (82) 13.01.2009 | GEIPAN Orange arrow icon Orange arrow icon Orange arrow icon Arrow,
https://www.geipan.fr/fr/cas/2009-01-01961,2009-01-01961,https://www.geipan.fr/fr/cas/2009-01-01961,DOWNLOADED,25934,d1a7b5357a798b64f8b0e7b3680f162ecf9704874d858f7a2f2e508a39d30c81,RENTREE ATMOSPHERIQUE — NATIONAL (FR) 17.01.2009 | GEIPAN Orange arrow icon Orange arrow icon Orange arrow icon Arrow,
https://www.geipan.fr/fr/cas/2009-01-01962,2009-01-01962,https://www.geipan.fr/fr/cas/2009-01-01962,DOWNLOADED,19928,feacc794f36d67f98343300876cebdaad9379c1362ae088da74dca70e1006a25,RENTREE ATMOSPHERIQUE — NATIONAL (FR) 25.01.2009 | GEIPAN Orange arrow icon Orange arrow icon Orange arrow icon Arrow,
https://www.geipan.fr/fr/cas/2009-01-01963,2009-01-01963,https://www.geipan.fr/fr/cas/2009-01-01963,DOWNLOADED,19070,6d9a9915f0cea4b80b1373d00a88105f2c2f677eb7a2f2401b03a6191fe3d524,REIMS (51) 25.01.2009 | GEIPAN Orange arrow icon Orange arrow icon Orange arrow icon Arrow,
https://www.geipan.fr/fr/cas/2009-01-01968,2009-01-01968,https://www.geipan.fr/fr/cas/2009-01-01968,DOWNLOADED,18758,1e750d04b373e7832a5d5ba50bede98cd2e5bfa9603bd31a916d17b755b5c846,SAINT-QUANTIN-DE-RANCANNE (17) 09.01.2009 | GEIPAN Orange arrow icon Orange arrow icon Orange arrow icon Arrow,
https://www.geipan.fr/fr/cas/2009-01-01990,2009-01-01990,https://www.geipan.fr/fr/cas/2009-01-01990,DOWNLOADED,19142,6c38e7104964066c5efcc4354a1848809e6a16e72ff2ebc4f6684c80d8d2d4fb,STRASBOURG (67) 01.01.2009 | GEIPAN Orange arrow icon Orange arrow icon Orange arrow icon Arrow,
https://www.geipan.fr/fr/cas/2009-01-02214,2009-01-02214,https://www.geipan.fr/fr/cas/2009-01-02214,DOWNLOADED,18698,aac3b548f4f114776221128ae3ee064e871cedbd350cc1e49837544450999d0c,MARSEILLE (13) 11.01.2009 | GEIPAN Orange arrow icon Orange arrow icon Orange arrow icon Arrow,
https://www.geipan.fr/fr/cas/2009-01-02324,2009-01-02324,https://www.geipan.fr/fr/cas/2009-01-02324,DOWNLOADED,19064,03ce6e66148d9b3114019240f3d9cdcd25834087db665aae111ebd0b1199e049,THIANT (59) 06.01.2009 | GEIPAN Orange arrow icon Orange arrow icon Orange arrow icon Arrow,
https://www.geipan.fr/fr/cas/2009-01-02353,2009-01-02353,https://www.geipan.fr/fr/cas/2009-01-02353,DOWNLOADED,19123,7a3f40709503c48288193a35711ed56eca1c1d22bf05051ca01ee1a850e5c15c,CHARS (95) 19.01.2009 | GEIPAN Orange arrow icon Orange arrow icon Orange arrow icon Arrow,
https://www.geipan.fr/fr/cas/2009-01-02730,2009-01-02730,https://www.geipan.fr/fr/cas/2009-01-02730,DOWNLOADED,19219,dae3e154e7a217a21d09f272484353fa60d1919252e54cd97c408d0f8c699d64,ALBIAS (82) 17.01.2009 | GEIPAN Orange arrow icon Orange arrow icon Orange arrow icon Arrow,
https://www.geipan.fr/fr/cas/2009-01-02738,2009-01-02738,https://www.geipan.fr/fr/cas/2009-01-02738,DOWNLOADED,18491,15e86d845aa7f3f207ea9ae2d7bce75a70426e638766b9b5219ed3a304c0ff97,SAINT-FELIX (74) 25.01.2009 | GEIPAN Orange arrow icon Orange arrow icon Orange arrow icon Arrow,
https://www.geipan.fr/fr/cas/2009-01-02739,2009-01-02739,https://www.geipan.fr/fr/cas/2009-01-02739,DOWNLOADED,18638,7186cf6a223844e17c1325492ff8da1b1d4ac1ff0341178796328070c98073b4,PORTIRAGNES (34) 25.01.2009 | GEIPAN Orange arrow icon Orange arrow icon Orange arrow icon Arrow,
https://www.geipan.fr/fr/cas/2009-01-02740,2009-01-02740,https://www.geipan.fr/fr/cas/2009-01-02740,DOWNLOADED,19066,43d6117493b5ea1b3c2fcd947a5dd1992635ddb442fbac1fde7fc58d56e9406a,GRASSE (06) 17.01.2009 | GEIPAN Orange arrow icon Orange arrow icon Orange arrow icon Arrow,
https://www.geipan.fr/fr/cas/2009-01-02741,2009-01-02741,https://www.geipan.fr/fr/cas/2009-01-02741,DOWNLOADED,19260,2132fce17560ee7073d28466404a2ee17f752903ca15c181bd62b048114b3e75,ISTRES (13) 25.01.2009 | GEIPAN Orange arrow icon Orange arrow icon Orange arrow icon Arrow,
https://www.geipan.fr/fr/cas/2009-01-08361,2009-01-08361,https://www.geipan.fr/fr/cas/2009-01-08361,DOWNLOADED,18784,7e83092bcbf8e281a923a05e51fb17aa68cefcfefcdf6b18e2e7705ba33dda73,SAINT-NICOLAS-LEZ-ARRAS (62) 06.01.2009 | GEIPAN Orange arrow icon Orange arrow icon Orange arrow icon Arrow,
https://www.geipan.fr/fr/cas/2009-02-01981,2009-02-01981,https://www.geipan.fr/fr/cas/2009-02-01981,DOWNLOADED,18404,e21aeec5da035dc07e164949c8c4fe9762371dc76f9a3a37049ad64de08f6b91,BLAGNAC (31) 06.02.2009 | GEIPAN Orange arrow icon Orange arrow icon Orange arrow icon Arrow,
https://www.geipan.fr/fr/cas/2009-02-01983,2009-02-01983,https://www.geipan.fr/fr/cas/2009-02-01983,DOWNLOADED,19054,f85458a80abea6e4b872440eb501b601759fa66945740c2b37b97745748a7c23,CLERMONT-L'HERAULT (34) 05.02.2009 | GEIPAN Orange arrow icon Orange arrow icon Orange arrow icon Arrow,
https://www.geipan.fr/fr/cas/2009-02-01985,2009-02-01985,https://www.geipan.fr/fr/cas/2009-02-01985,DOWNLOADED,19556,4856f0991c939df3cc55aec494e780b489981e3c3fb492eb0e46a0ce3a4c25b4,MARSEILLE (13) 04.02.2009 | GEIPAN Orange arrow icon Orange arrow icon Orange arrow icon Arrow,
https://www.geipan.fr/fr/cas/2009-02-01995,2009-02-01995,https://www.geipan.fr/fr/cas/2009-02-01995,DOWNLOADED,19114,8aa8776e940d6c120dc464bd107aa317d9fff75d3d0ad814ffe0b9255aee4b7b,[N88] de RODEZ (12) vers ALBI (81) 20.02.2009 | GEIPAN Orange arrow icon Orange arrow icon Orange arrow icon Arrow,
https://www.geipan.fr/fr/cas/2009-02-01996,2009-02-01996,https://www.geipan.fr/fr/cas/2009-02-01996,DOWNLOADED,18764,1b627a09ea60ca93613d285afc7cc89f471d4460d151638758d5e7bdece7fdcf,RENNES (35) 15.02.2009 | GEIPAN Orange arrow icon Orange arrow icon Orange arrow icon Arrow,
https://www.geipan.fr/fr/cas/2009-02-02205,2009-02-02205,https://www.geipan.fr/fr/cas/2009-02-02205,DOWNLOADED,18534,8896b9961e303c50cfaacf3e71f8ba5f881e3ae5cccaa2dfcaadbe764a2820d7,BASSE-HAM (57) 28.02.2009 | GEIPAN Orange arrow icon Orange arrow icon Orange arrow icon Arrow,
https://www.geipan.fr/fr/cas/2009-02-02207,2009-02-02207,https://www.geipan.fr/fr/cas/2009-02-02207,DOWNLOADED,19121,484a992f6289e37170b9bba9f5a9e69d9945dbae1281a4df2ecf2a7935098f58,MUREAUX (LES) (78) 27.02.2009 | GEIPAN Orange arrow icon Orange arrow icon Orange arrow icon Arrow,
https://www.geipan.fr/fr/cas/2009-02-02234,2009-02-02234,https://www.geipan.fr/fr/cas/2009-02-02234,DOWNLOADED,18969,6e478025a7d5931e3914e72e5f4576de14fcab48038bed83d4d12f5639a1f225,SAINT-CYPRIEN (66) 11.02.2009 | GEIPAN Orange arrow icon Orange arrow icon Orange arrow icon Arrow,
https://www.geipan.fr/fr/cas/2009-02-02257,2009-02-02257,https://www.geipan.fr/fr/cas/2009-02-02257,DOWNLOADED,19144,5b460b209c6162803533a437d7bba933d4f40f02b1f9fb7a3fba1976b5243204,HAUTEFORT (24) 15.02.2009 | GEIPAN Orange arrow icon Orange arrow icon Orange arrow icon Arrow,
https://www.geipan.fr/fr/cas/2009-02-02283,2009-02-02283,https://www.geipan.fr/fr/cas/2009-02-02283,DOWNLOADED,19184,97f4fd67c70c2115f718e2589df23df8a51d9cdbd6b94f3c11e3334a737987a9,VILLEDIEU-DU-CLAIN (LA) (86) 15.02.2009 | GEIPAN Orange arrow icon Orange arrow icon Orange arrow icon Arrow,
https://www.geipan.fr/fr/cas/2009-02-02285,2009-02-02285,https://www.geipan.fr/fr/cas/2009-02-02285,DOWNLOADED,19508,7f492d879a64cad62f8effbd21aa822d8524b990e50f259f5c631903898563ce,BRIENNE-LE-CHATEAU (10) 05.02.2009 | GEIPAN Orange arrow icon Orange arrow icon Orange arrow icon Arrow,
https://www.geipan.fr/fr/cas/2009-02-02407,2009-02-02407,https://www.geipan.fr/fr/cas/2009-02-02407,DOWNLOADED,18832,2fc78c959c8276191934889a2f627d05739d6ff5810a7680c1b1e4375b006cae,PEINTURES (LES) (33) 28.02.2009 | GEIPAN Orange arrow icon Orange arrow icon Orange arrow icon Arrow,
https://www.geipan.fr/fr/cas/2009-02-02596,2009-02-02596,https://www.geipan.fr/fr/cas/2009-02-02596,DOWNLOADED,19312,906a9d47a5dbac62cb329cccef52d189eadce0f47d20ff2d78d67166a5181332,MEYZIEU (69) 03.02.2009 | GEIPAN Orange arrow icon Orange arrow icon Orange arrow icon Arrow,
https://www.geipan.fr/fr/cas/2009-02-02717,2009-02-02717,https://www.geipan.fr/fr/cas/2009-02-02717,DOWNLOADED,21303,9ebb3ee10a89c4e6d794ef45ae7e9ce73be65f623d6825debb0c9afaadd9f0a1,AUSSOIS (73) 28.02.2009 | GEIPAN Orange arrow icon Orange arrow icon Orange arrow icon Arrow,
https://www.geipan.fr/fr/cas/2009-02-08354,2009-02-08354,https://www.geipan.fr/fr/cas/2009-02-08354,DOWNLOADED,18781,b9ea224603b3393e3b595d644e904ea57771590bcee9a64d8fa360de185a90e6,SAINT-NAZAIRE (44) 05.02.2009 | GEIPAN Orange arrow icon Orange arrow icon Orange arrow icon Arrow,
https://www.geipan.fr/fr/cas/2009-02-09010,2009-02-09010,https://www.geipan.fr/fr/cas/2009-02-09010,DOWNLOADED,19456,538310d012296c8227e44c89a7342c908ab8f0116f83c77f81026b42ac265915,BRIENNE-LA-VIEILLE (10) 09.02.2009 | GEIPAN Orange arrow icon Orange arrow icon Orange arrow icon Arrow,
https://www.geipan.fr/fr/cas/2009-03-02235,2009-03-02235,https://www.geipan.fr/fr/cas/2009-03-02235,DOWNLOADED,18700,4f9dbc6bd80ee4fb0e8effe9992963bfce5874ecf0fa1d2636649b08d727b559,SAINT-MARTIN-L'ARS (86) 17.03.2009 | GEIPAN Orange arrow icon Orange arrow icon Orange arrow icon Arrow,
https://www.geipan.fr/fr/cas/2009-03-02236,2009-03-02236,https://www.geipan.fr/fr/cas/2009-03-02236,DOWNLOADED,19027,31da709b7ac772d5796b62f4913a64aec9e42888490aa0877bc12eecd3469ed3,SAVIGNE-SUR-LATHAN (37) 17.03.2009 | GEIPAN Orange arrow icon Orange arrow icon Orange arrow icon Arrow,
https://www.geipan.fr/fr/cas/2009-03-02238,2009-03-02238,https://www.geipan.fr/fr/cas/2009-03-02238,DOWNLOADED,19291,299c72039bf064d44dc4f2e6ecd11942eb65838c6c22b9cc24867005b2a207fa,SAINT-EGREVE (38) 17.03.2009 | GEIPAN Orange arrow icon Orange arrow icon Orange arrow icon Arrow,
https://www.geipan.fr/fr/cas/2009-03-02239,2009-03-02239,https://www.geipan.fr/fr/cas/2009-03-02239,DOWNLOADED,18893,7a7729d73a208def98fe4245f162ca40b34e5df7c71b17b500ef4b3f92d7ea51,SAINT-PAUL (974) 21.03.2009 | GEIPAN Orange arrow icon Orange arrow icon Orange arrow icon Arrow,
https://www.geipan.fr/fr/cas/2009-03-02248,2009-03-02248,https://www.geipan.fr/fr/cas/2009-03-02248,DOWNLOADED,18493,250a2b6bb186e5a065211884d4904e69deff2b92afede43b064f28cbfe6f915c,MACON (71) 18.03.2009 | GEIPAN Orange arrow icon Orange arrow icon Orange arrow icon Arrow,
https://www.geipan.fr/fr/cas/2009-03-02249,2009-03-02249,https://www.geipan.fr/fr/cas/2009-03-02249,DOWNLOADED,19178,c37a9030dea69f28f58de92e7d2cff589e2c20444cffd92bf541e611db15e67b,ESCHBACH (67) 30.03.2009 | GEIPAN Orange arrow icon Orange arrow icon Orange arrow icon Arrow,
https://www.geipan.fr/fr/cas/2009-03-02250,2009-03-02250,https://www.geipan.fr/fr/cas/2009-03-02250,DOWNLOADED,18971,9397a8a56915dce6704c6c3535a55c7be224f373ddd1a7070545f4253b78baef,AOUSTE-SUR-SYE (26) 14.03.2009 | GEIPAN Orange arrow icon Orange arrow icon Orange arrow icon Arrow,
https://www.geipan.fr/fr/cas/2009-03-02252,2009-03-02252,https://www.geipan.fr/fr/cas/2009-03-02252,DOWNLOADED,19216,aec55a2e9f8dfc689a7219f1fe10c34d59615e6e2c67218ed64222cca5fcbf00,ILE-D'YEU (L') (85) 17.03.2009 | GEIPAN Orange arrow icon Orange arrow icon Orange arrow icon Arrow,
https://www.geipan.fr/fr/cas/2009-03-02254,2009-03-02254,https://www.geipan.fr/fr/cas/2009-03-02254,DOWNLOADED,19119,09fa1ed4f718b1a5db71b4a108e3318afcf7b699a11fdbb2c021b3842a84b927,SAINT-REMEZE (07) 25.03.2009 | GEIPAN Orange arrow icon Orange arrow icon Orange arrow icon Arrow,
https://www.geipan.fr/fr/cas/2009-03-02258,2009-03-02258,https://www.geipan.fr/fr/cas/2009-03-02258,DOWNLOADED,19440,b4d4697ceca3fd5a7c6c989904992d244e507d9f71a2f6bb9a376157dcddb8e5,VIANNE (47) 03.03.2009 | GEIPAN Orange arrow icon Orange arrow icon Orange arrow icon Arrow,
https://www.geipan.fr/fr/cas/2009-03-02273,2009-03-02273,https://www.geipan.fr/fr/cas/2009-03-02273,DOWNLOADED,19235,b9ba3642b14020c047fa5e39f71cf9dca465bbd1c649280db5685f1e8de084c9,SAVIGNAC-LES-EGLISES (24) 15.03.2009 | GEIPAN Orange arrow icon Orange arrow icon Orange arrow icon Arrow,
https://www.geipan.fr/fr/cas/2009-03-02277,2009-03-02277,https://www.geipan.fr/fr/cas/2009-03-02277,DOWNLOADED,19027,73426985b0d478077b40c8ec63fae10007ed8a1d97cd335b166048086c248efb,HAYANGE (57) 22.03.2009 | GEIPAN Orange arrow icon Orange arrow icon Orange arrow icon Arrow,
https://www.geipan.fr/fr/cas/2009-03-02292,2009-03-02292,https://www.geipan.fr/fr/cas/2009-03-02292,DOWNLOADED,20516,76a1263e30304114d348a4bde8fd0fe6635ffaf796a1b967b41c575abbd5472f,MARSEILLE (13) 30.03.2009 | GEIPAN Orange arrow icon Orange arrow icon Orange arrow icon Arrow,
https://www.geipan.fr/fr/cas/2009-03-02293,2009-03-02293,https://www.geipan.fr/fr/cas/2009-03-02293,DOWNLOADED,18461,b941afe36054678792f0066be2165ea3ff3ccad471dfadcda64f48313b305f05,TAURIGNAN-VIEUX (09) 28.03.2009 | GEIPAN Orange arrow icon Orange arrow icon Orange arrow icon Arrow,
https://www.geipan.fr/fr/cas/2009-03-02448,2009-03-02448,https://www.geipan.fr/fr/cas/2009-03-02448,DOWNLOADED,19216,b649ef1e96d69ffa67d553815be3f4ee6cdcf5e07a3cf50f1a63837005eeb65e,JOIGNY (89) 30.03.2009 | GEIPAN Orange arrow icon Orange arrow icon Orange arrow icon Arrow,
https://www.geipan.fr/fr/cas/2009-03-02503,2009-03-02503,https://www.geipan.fr/fr/cas/2009-03-02503,DOWNLOADED,19366,b0d6fe4e7907e6d54af4793452c3c8740047eca73044ad0fa12bda23b1e4d194,NOISIEL (77) 13.03.2009 | GEIPAN Orange arrow icon Orange arrow icon Orange arrow icon Arrow,
https://www.geipan.fr/fr/cas/2009-03-08235,2009-03-08235,https://www.geipan.fr/fr/cas/2009-03-08235,DOWNLOADED,18911,a61f5591383bdcaacd5561c3e629467022abb80130ada074476ca1443261bb53,MILLAS (66) 17.03.2009 | GEIPAN Orange arrow icon Orange arrow icon Orange arrow icon Arrow,
https://www.geipan.fr/fr/cas/2009-04-02259,2009-04-02259,https://www.geipan.fr/fr/cas/2009-04-02259,DOWNLOADED,21513,ba5283010ce6f0c51d0bf92339296998e95f4768a0eaed9490cba3e705325ccd,SAINT-DENIS (93) 04.04.2009 | GEIPAN Orange arrow icon Orange arrow icon Orange arrow icon Arrow,
https://www.geipan.fr/fr/cas/2009-04-02260,2009-04-02260,https://www.geipan.fr/fr/cas/2009-04-02260,DOWNLOADED,18622,f97d096b296860854d27361910c7930974d6c624026a7bd66083dda8c51cd398,TOULOUSE (31) 02.04.2009 | GEIPAN Orange arrow icon Orange arrow icon Orange arrow icon Arrow,
https://www.geipan.fr/fr/cas/2009-04-02274,2009-04-02274,https://www.geipan.fr/fr/cas/2009-04-02274,DOWNLOADED,19825,58a2d7c26512550988a2aaf891b2671e2ddfa8843fbe0f05c0d0d31bd6e59911,PONTARLIER (25) 09.04.2009 | GEIPAN Orange arrow icon Orange arrow icon Orange arrow icon Arrow,
https://www.geipan.fr/fr/cas/2009-04-02275,2009-04-02275,https://www.geipan.fr/fr/cas/2009-04-02275,DOWNLOADED,18770,de9138f01ce107e18becedb8cd04b300fff3588c83a9658a3c6e5e286d0610b2,DIEBLING (57) 01.04.2009 | GEIPAN Orange arrow icon Orange arrow icon Orange arrow icon Arrow,
https://www.geipan.fr/fr/cas/2009-04-02298,2009-04-02298,https://www.geipan.fr/fr/cas/2009-04-02298,DOWNLOADED,18788,9483136838e3995cb19497cc954992be9e3b8aeecc2fa7c913e10f338c9f3266,TROIS-ILETS (LES) (972) 20.04.2009 | GEIPAN Orange arrow icon Orange arrow icon Orange arrow icon Arrow,
https://www.geipan.fr/fr/cas/2009-04-02299,2009-04-02299,https://www.geipan.fr/fr/cas/2009-04-02299,DOWNLOADED,18762,88208b7b4550004e5138ec6078e7f4b68998e7db95b0bb99a449123716e2fa34,CHARTRETTES (77) 22.04.2009 | GEIPAN Orange arrow icon Orange arrow icon Orange arrow icon Arrow,
https://www.geipan.fr/fr/cas/2009-04-02300,2009-04-02300,https://www.geipan.fr/fr/cas/2009-04-02300,DOWNLOADED,18885,c8dfcceb7c603c60c74f5e95f82284a9a1df99f7810e82e1bf597ca22c4da12b,RUMILLY (74) 25.04.2009 | GEIPAN Orange arrow icon Orange arrow icon Orange arrow icon Arrow,
https://www.geipan.fr/fr/cas/2009-04-02662,2009-04-02662,https://www.geipan.fr/fr/cas/2009-04-02662,DOWNLOADED,19833,aaa1695d43e81228197ec7b81ff5aa1c47e747e56227d5a74ca195349a07a333,ROUHE (25) 01.04.2009 | GEIPAN Orange arrow icon Orange arrow icon Orange arrow icon Arrow,
https://www.geipan.fr/fr/cas/2009-05-02301,2009-05-02301,https://www.geipan.fr/fr/cas/2009-05-02301,DOWNLOADED,19442,ea67aa82455e7ef448df615228b01422627e9628364533e5b674e9f94022b8d1,TEMPLE-SUR-LOT (LE) (47) 17.05.2009 | GEIPAN Orange arrow icon Orange arrow icon Orange arrow icon Arrow,
https://www.geipan.fr/fr/cas/2009-05-02302,2009-05-02302,https://www.geipan.fr/fr/cas/2009-05-02302,DOWNLOADED,18906,95cdb606a594dc2cee6fc27969dc19f067480d411aa961a2b84cdd938369b06d,CHALIFERT (77) 02.05.2009 | GEIPAN Orange arrow icon Orange arrow icon Orange arrow icon Arrow,
https://www.geipan.fr/fr/cas/2009-05-02307,2009-05-02307,https://www.geipan.fr/fr/cas/2009-05-02307,DOWNLOADED,19123,a295258508349e04c0c4f08ebf331e6d9812cc27125b45c3468791abd293ab8d,MAGNY-EN-VEXIN (95) 10.05.2009 | GEIPAN Orange arrow icon Orange arrow icon Orange arrow icon Arrow,
https://www.geipan.fr/fr/cas/2009-05-02309,2009-05-02309,https://www.geipan.fr/fr/cas/2009-05-02309,DOWNLOADED,19649,0512c6f6a6b650357329edfbb54d8b0f611651297238e88d3def07c292b9064d,MONTAIGU (85) 22.05.2009 | GEIPAN Orange arrow icon Orange arrow icon Orange arrow icon Arrow,
https://www.geipan.fr/fr/cas/2009-05-02318,2009-05-02318,https://www.geipan.fr/fr/cas/2009-05-02318,DOWNLOADED,19261,cb22dc39d506f4cae5cdc01965be9def869f18f830e14985d2dd6e0d311f27c8,SAINT-AVERTIN (37) 30.05.2009 | GEIPAN Orange arrow icon Orange arrow icon Orange arrow icon Arrow,
https://www.geipan.fr/fr/cas/2009-05-02319,2009-05-02319,https://www.geipan.fr/fr/cas/2009-05-02319,DOWNLOADED,20236,95d0b4140dd3de93d4418cfdd001cd3fa9865e040279c766c68cc478da9aa30d,SEUILLET (03) 03.05.2009 | GEIPAN Orange arrow icon Orange arrow icon Orange arrow icon Arrow,
https://www.geipan.fr/fr/cas/2009-05-02322,2009-05-02322,https://www.geipan.fr/fr/cas/2009-05-02322,DOWNLOADED,18540,3500d2393ee0906de24519523ecf84ffce1bd453089007644fce2f0eddef30cb,CUFFIES (02) 19.05.2009 | GEIPAN Orange arrow icon Orange arrow icon Orange arrow icon Arrow,
https://www.geipan.fr/fr/cas/2009-05-02413,2009-05-02413,https://www.geipan.fr/fr/cas/2009-05-02413,DOWNLOADED,19100,02db5dd6fa5e371e66d8946782c233e1fd0662288c13bbf9225af6ff8a7cb43a,QUILLAN (11) 28.05.2009 | GEIPAN Orange arrow icon Orange arrow icon Orange arrow icon Arrow,
https://www.geipan.fr/fr/cas/2009-05-02565,2009-05-02565,https://www.geipan.fr/fr/cas/2009-05-02565,DOWNLOADED,19272,924ddc3538d5497ec5c7c4814b00948afea3cdaac381e78c6db9e667b83fba14,MENGLON (26) 23.05.2009 | GEIPAN Orange arrow icon Orange arrow icon Orange arrow icon Arrow,
https://www.geipan.fr/fr/cas/2009-05-02721,2009-05-02721,https://www.geipan.fr/fr/cas/2009-05-02721,DOWNLOADED,19147,2471bd0c875ddfe569e35103e91a07c9dfc93fd4e2424e85cafe04ae91bc48f2,MONETEAU (89) 13.05.2009 | GEIPAN Orange arrow icon Orange arrow icon Orange arrow icon Arrow,
https://www.geipan.fr/fr/cas/2009-06-02317,2009-06-02317,https://www.geipan.fr/fr/cas/2009-06-02317,DOWNLOADED,18803,db35141f97cf643008168d91055fb294f1a9585a292b7cf0b731c41054975b96,CHEMILLE (49) 15.06.2009 | GEIPAN Orange arrow icon Orange arrow icon Orange arrow icon Arrow,
https://www.geipan.fr/fr/cas/2009-06-02321,2009-06-02321,https://www.geipan.fr/fr/cas/2009-06-02321,DOWNLOADED,19731,c210882221eabc43cae22a02abc962ade613ba21182a10e87e0522eaed313dff,HURBACHE (88) 01.06.2009 | GEIPAN Orange arrow icon Orange arrow icon Orange arrow icon Arrow,
https://www.geipan.fr/fr/cas/2009-06-02327,2009-06-02327,https://www.geipan.fr/fr/cas/2009-06-02327,DOWNLOADED,18779,400dbf001c3329fbc746630c2bd8d0937525911d2e14ae0a6d913e16b40ef6b2,FRANCONVILLE (95) 27.06.2009 | GEIPAN Orange arrow icon Orange arrow icon Orange arrow icon Arrow,
https://www.geipan.fr/fr/cas/2009-06-02328,2009-06-02328,https://www.geipan.fr/fr/cas/2009-06-02328,DOWNLOADED,18447,e4c43e5aec0e59bb4abecb5944d3ecf8f1c5e5c1cd87a942106d56635e993844,ELANCOURT (78) 28.06.2009 | GEIPAN Orange arrow icon Orange arrow icon Orange arrow icon Arrow,
https://www.geipan.fr/fr/cas/2009-06-02329,2009-06-02329,https://www.geipan.fr/fr/cas/2009-06-02329,DOWNLOADED,21199,66fabf7d43c450ced0a42f48dc4964964c1a7fbdfd0473b9bb3c686e7faeb5b8,ORGON (13) 18.06.2009 | GEIPAN Orange arrow icon Orange arrow icon Orange arrow icon Arrow,
https://www.geipan.fr/fr/cas/2009-06-02333,2009-06-02333,https://www.geipan.fr/fr/cas/2009-06-02333,DOWNLOADED,18814,c4c13e6093554c8e3adfd12378311dc42aa070c7d10b9e82468a177470f2330f,HYERES (83) 26.06.2009 | GEIPAN Orange arrow icon Orange arrow icon Orange arrow icon Arrow,
https://www.geipan.fr/fr/cas/2009-06-02338,2009-06-02338,https://www.geipan.fr/fr/cas/2009-06-02338,DOWNLOADED,19313,78d4e075d52eda2241df9a4cb334b62d388c92bff550ed31ebd4783f2c452ef5,MARSEILLE (13) 12.06.2009 | GEIPAN Orange arrow icon Orange arrow icon Orange arrow icon Arrow,
https://www.geipan.fr/fr/cas/2009-06-02341,2009-06-02341,https://www.geipan.fr/fr/cas/2009-06-02341,DOWNLOADED,19027,64a0437ceed3680781eed3363ee136f40c20740df062e1dfac651cfc7fd43eb0,SAINT-PIERRE (974) 20.06.2009 | GEIPAN Orange arrow icon Orange arrow icon Orange arrow icon Arrow,
https://www.geipan.fr/fr/cas/2009-06-02355,2009-06-02355,https://www.geipan.fr/fr/cas/2009-06-02355,DOWNLOADED,18672,4236b788c77d5fdc825e374571fe9d07d96dd3774b1b23a1ab8b67186d0a9dda,COMPIEGNE (60) 30.06.2009 | GEIPAN Orange arrow icon Orange arrow icon Orange arrow icon Arrow,
https://www.geipan.fr/fr/cas/2009-06-02368,2009-06-02368,https://www.geipan.fr/fr/cas/2009-06-02368,DOWNLOADED,18823,86ebfade32a99ba2f3dfe4f031973e3732c17b9b3de12a630e10e606d994b3c8,TARBES (65) 03.06.2009 | GEIPAN Orange arrow icon Orange arrow icon Orange arrow icon Arrow,
https://www.geipan.fr/fr/cas/2009-06-02408,2009-06-02408,https://www.geipan.fr/fr/cas/2009-06-02408,DOWNLOADED,19243,f957c5d308207eee0c3eb7ac0f00eba6385f60d40a97a615ca1580aa12a47af1,NARBONNE (11) 28.06.2009 | GEIPAN Orange arrow icon Orange arrow icon Orange arrow icon Arrow,
https://www.geipan.fr/fr/cas/2009-06-02535,2009-06-02535,https://www.geipan.fr/fr/cas/2009-06-02535,DOWNLOADED,19477,9b7d5b807610f911443e73522376012b137c516d8d0487763daf68e49af199af,SEYSSES (31) 03.06.2009 | GEIPAN Orange arrow icon Orange arrow icon Orange arrow icon Arrow,
https://www.geipan.fr/fr/cas/2009-06-02537,2009-06-02537,https://www.geipan.fr/fr/cas/2009-06-02537,DOWNLOADED,19000,13c2e30f1d01dd73202999f020c75062a92711ef48fb97dc5acc982d78067aa8,NICE (06) 07.06.2009 | GEIPAN Orange arrow icon Orange arrow icon Orange arrow icon Arrow,
https://www.geipan.fr/fr/cas/2009-06-02542,2009-06-02542,https://www.geipan.fr/fr/cas/2009-06-02542,DOWNLOADED,19476,b400ba9a955055476d7f808513c86d25a1dec169068161d90b748577434c6a77,BORDEAUX (33) 12.05.2009 | GEIPAN Orange arrow icon Orange arrow icon Orange arrow icon Arrow,
https://www.geipan.fr/fr/cas/2009-06-02705,2009-06-02705,https://www.geipan.fr/fr/cas/2009-06-02705,DOWNLOADED,18791,e19430a4cc16948a78ade6bd61788b79b91b3f9fef9220b2e95e04e035db0cad,FONTENAY-SOUS-BOIS (94) 07.06.2009 | GEIPAN Orange arrow icon Orange arrow icon Orange arrow icon Arrow,
https://www.geipan.fr/fr/cas/2009-07-02339,2009-07-02339,https://www.geipan.fr/fr/cas/2009-07-02339,DOWNLOADED,19290,4af3fa57430fd6064200a6b2c2b159aba26c27351e037e79f1a61efd1a80aac5,PLAISANCE-DU-TOUCH (31) 04.07.2009 | GEIPAN Orange arrow icon Orange arrow icon Orange arrow icon Arrow,
https://www.geipan.fr/fr/cas/2009-07-02340,2009-07-02340,https://www.geipan.fr/fr/cas/2009-07-02340,DOWNLOADED,19564,e7b2cc77715e0c10552c3d9bef5f5b351c97e00b0248d063deaf3e1a12775a5f,HAUTMONT (59) 04.07.2009 | GEIPAN Orange arrow icon Orange arrow icon Orange arrow icon Arrow,
https://www.geipan.fr/fr/cas/2009-07-02342,2009-07-02342,https://www.geipan.fr/fr/cas/2009-07-02342,DOWNLOADED,19155,ef8acbed16d9b39137d75c3042c4d6f8490d8703ca7620e9cb9328e5d8c39c8c,SARCELLES (95) 04.07.2009 | GEIPAN Orange arrow icon Orange arrow icon Orange arrow icon Arrow,
https://www.geipan.fr/fr/cas/2009-07-02347,2009-07-02347,https://www.geipan.fr/fr/cas/2009-07-02347,DOWNLOADED,19494,01e4610d26c3dd37a251af6162a90a8cf124ba1cc3784efec3818eb48336e5c0,BAGNEUX (92) 22.07.2009 | GEIPAN Orange arrow icon Orange arrow icon Orange arrow icon Arrow,
https://www.geipan.fr/fr/cas/2009-07-02348,2009-07-02348,https://www.geipan.fr/fr/cas/2009-07-02348,DOWNLOADED,18985,36b11cc75468679b42ffe1bc6a59f4ee22edbdfb3b1c789d6246a9170eac0eb7,DAREIZE (69) 21.07.2009 | GEIPAN Orange arrow icon Orange arrow icon Orange arrow icon Arrow,
https://www.geipan.fr/fr/cas/2009-07-02349,2009-07-02349,https://www.geipan.fr/fr/cas/2009-07-02349,DOWNLOADED,18922,050e9dd58be81e05758e1088c9fc6d4fd1cc7d72371a91537b514b223292efba,MONTROUGE (92) 21.07.2009 | GEIPAN Orange arrow icon Orange arrow icon Orange arrow icon Arrow,
https://www.geipan.fr/fr/cas/2009-07-02350,2009-07-02350,https://www.geipan.fr/fr/cas/2009-07-02350,DOWNLOADED,20292,a3e5dbbd6f58fd26e48783857a45407e84a7865e1ea855ded84443c4d40818ce,CAZERES (31) 19.07.2009 | GEIPAN Orange arrow icon Orange arrow icon Orange arrow icon Arrow,
https://www.geipan.fr/fr/cas/2009-07-02352,2009-07-02352,https://www.geipan.fr/fr/cas/2009-07-02352,DOWNLOADED,18860,d1fa9afab44225946bb27b0c8879e84b260e62994ddfa85f71a4119de4daa552,CREON (33) 18.07.2009 | GEIPAN Orange arrow icon Orange arrow icon Orange arrow icon Arrow,
https://www.geipan.fr/fr/cas/2009-07-02358,2009-07-02358,https://www.geipan.fr/fr/cas/2009-07-02358,DOWNLOADED,19407,2a71db88c174bb1392b8543937023c2e879323c8a50e5f934ba666a6da8a9014,PIRIAC-SUR-MER (44) 14.07.2009 | GEIPAN Orange arrow icon Orange arrow icon Orange arrow icon Arrow,
https://www.geipan.fr/fr/cas/2009-07-02359,2009-07-02359,https://www.geipan.fr/fr/cas/2009-07-02359,DOWNLOADED,19025,097ab5e3dc0e691ac42785e09e5c29f1c3a784b481cdc6a252526a1e6eb2c3ab,PLOUGASNOU (29) 17.07.2009 | GEIPAN Orange arrow icon Orange arrow icon Orange arrow icon Arrow,
https://www.geipan.fr/fr/cas/2009-07-02361,2009-07-02361,https://www.geipan.fr/fr/cas/2009-07-02361,DOWNLOADED,21825,3ab9fd02112d67085f741d26a15d011b056859d579a30d013cf59e12be250b6b,RIXHEIM (68) 26.07.2009 | GEIPAN Orange arrow icon Orange arrow icon Orange arrow icon Arrow,
https://www.geipan.fr/fr/cas/2009-07-02364,2009-07-02364,https://www.geipan.fr/fr/cas/2009-07-02364,DOWNLOADED,19297,dda0f970344fdcb1c30ae94ed740701735b6d11dec0f3fba7ece6bb5267922d0,ROCHE-SUR-YON (LA) (85) 02.07.2009 | GEIPAN Orange arrow icon Orange arrow icon Orange arrow icon Arrow,
https://www.geipan.fr/fr/cas/2009-07-02365,2009-07-02365,https://www.geipan.fr/fr/cas/2009-07-02365,DOWNLOADED,21336,ff509a30969e02f0c56871262a7f98fb95b2533e304dd1a222373035b1a2233e,VIREUX-WALLERAND (08) 20.07.2009 | GEIPAN Orange arrow icon Orange arrow icon Orange arrow icon Arrow,
https://www.geipan.fr/fr/cas/2009-07-02369,2009-07-02369,https://www.geipan.fr/fr/cas/2009-07-02369,DOWNLOADED,18827,113587c04a0dcc08119acb2f3e3abb2761242b83c337602362b5e47d63bcb3f7,MESSIGNY-ET-VANTOUX (21) 19.07.2009 | GEIPAN Orange arrow icon Orange arrow icon Orange arrow icon Arrow,
https://www.geipan.fr/fr/cas/2009-07-02376,2009-07-02376,https://www.geipan.fr/fr/cas/2009-07-02376,DOWNLOADED,18856,17f5b629a0642510f235bfbda0a3c688337f447f4ea8bbc801c458fc8680ceae,LOURDES (65) 23.07.2009 | GEIPAN Orange arrow icon Orange arrow icon Orange arrow icon Arrow,
https://www.geipan.fr/fr/cas/2009-07-02395,2009-07-02395,https://www.geipan.fr/fr/cas/2009-07-02395,DOWNLOADED,18568,02295f177aaeba93a7e70fa6c0a9084926b178a1cfda7f418fdb8adaa20a3b7e,SAINT-ESTEVE (66) 31.07.2009 | GEIPAN Orange arrow icon Orange arrow icon Orange arrow icon Arrow,
https://www.geipan.fr/fr/cas/2009-07-02431,2009-07-02431,https://www.geipan.fr/fr/cas/2009-07-02431,DOWNLOADED,19091,e56cd7c84cb59067e2fd8d85be3e24a69f35246e5f452f3cd54b7537b1762359,PLOBSHEIM (67) 05.07.2009 | GEIPAN Orange arrow icon Orange arrow icon Orange arrow icon Arrow,
https://www.geipan.fr/fr/cas/2009-07-02441,2009-07-02441,https://www.geipan.fr/fr/cas/2009-07-02441,DOWNLOADED,18673,b4ab14aefcd457a70b6bd22c27a2aa10c2f93f24c834045f660499f0bcce5f3d,CHAUNY (02) 14.07.2009 | GEIPAN Orange arrow icon Orange arrow icon Orange arrow icon Arrow,
https://www.geipan.fr/fr/cas/2009-07-02449,2009-07-02449,https://www.geipan.fr/fr/cas/2009-07-02449,DOWNLOADED,19381,b3fa1e4ee6e1ee4b6848e37cddf7d74e5e2ba020b63df96318b910893aa91fa5,PIRIAC-SUR-MER (44) 19.07.2009 | GEIPAN Orange arrow icon Orange arrow icon Orange arrow icon Arrow,
https://www.geipan.fr/fr/cas/2009-07-02490,2009-07-02490,https://www.geipan.fr/fr/cas/2009-07-02490,DOWNLOADED,19336,82bbf7635b88513f7abd0fe4bc8d1dabfc5c992b16442a5059cbc73ee432c8a1,SAINT-JUST-SAINT-RAMBERT (42) 25.07.2009 | GEIPAN Orange arrow icon Orange arrow icon Orange arrow icon Arrow,
https://www.geipan.fr/fr/cas/2009-07-02679,2009-07-02679,https://www.geipan.fr/fr/cas/2009-07-02679,DOWNLOADED,19678,82a995cd5bb400892f7112708e6a5c9885032c76f6c16c489422e40058ea9fd7,CHAMPIGNY-SUR-MARNE (94) 15.07.2009 | GEIPAN Orange arrow icon Orange arrow icon Orange arrow icon Arrow,
https://www.geipan.fr/fr/cas/2009-07-02707,2009-07-02707,https://www.geipan.fr/fr/cas/2009-07-02707,DOWNLOADED,19081,1306ca87dc47c1995f5d38ce74c38f7138946bcc2fa11a7cfd6ce35cc29d5238,SAINT-SAMSON-DE-BONFOSSE (50) --.07.2009 | GEIPAN Orange arrow icon Orange arrow icon Orange arrow icon Arrow,
https://www.geipan.fr/fr/cas/2009-07-08337,2009-07-08337,https://www.geipan.fr/fr/cas/2009-07-08337,DOWNLOADED,18889,aa7808103e8e2ed9763dc150fd6b691cd808254f79661f7c14f4cd2404dcf3bb,PUISIEUX (62) 14.07.2009 | GEIPAN Orange arrow icon Orange arrow icon Orange arrow icon Arrow,
https://www.geipan.fr/fr/cas/2009-07-08438,2009-07-08438,https://www.geipan.fr/fr/cas/2009-07-08438,DOWNLOADED,19826,fd8b5224580b2ac87f0209c5ec5ff2eb0589f2a6d00e8ed7b084f285217d8e1b,CROIGNON (33) 23.07.2009 | GEIPAN Orange arrow icon Orange arrow icon Orange arrow icon Arrow,
https://www.geipan.fr/fr/cas/2009-08-02370,2009-08-02370,https://www.geipan.fr/fr/cas/2009-08-02370,DOWNLOADED,18597,dad451b827eafae7cd3dd3519616745666f54c41caa0c727490ac6ead7cc7ccf,CASTANET-TOLOSAN (31) 18.08.2009 | GEIPAN Orange arrow icon Orange arrow icon Orange arrow icon Arrow,
https://www.geipan.fr/fr/cas/2009-08-02371,2009-08-02371,https://www.geipan.fr/fr/cas/2009-08-02371,DOWNLOADED,18474,0d3024d9d1e9c4bd143b8a32a1eb92da851afcc35dce430c60ad578166cd3cb9,PEROLS (34) 20.08.2009 | GEIPAN Orange arrow icon Orange arrow icon Orange arrow icon Arrow,
https://www.geipan.fr/fr/cas/2009-08-02372,2009-08-02372,https://www.geipan.fr/fr/cas/2009-08-02372,DOWNLOADED,19125,582bb715761cf80e3bf3a8b52f5cd33b88e93618762b6eaa7a23fa5d9129a203,RAUCOURT-ET-FLABA (08) 08.08.2009 | GEIPAN Orange arrow icon Orange arrow icon Orange arrow icon Arrow,
https://www.geipan.fr/fr/cas/2009-08-02373,2009-08-02373,https://www.geipan.fr/fr/cas/2009-08-02373,DOWNLOADED,18844,049ceb28c866c3620764e73946cc44637bb144d20f3633b3e6f43b76e75265c8,ORLEANS (45) 07.08.2009 | GEIPAN Orange arrow icon Orange arrow icon Orange arrow icon Arrow,
https://www.geipan.fr/fr/cas/2009-08-02374,2009-08-02374,https://www.geipan.fr/fr/cas/2009-08-02374,DOWNLOADED,18900,2e7432ef98fc5574839da42cb51eacd8fc2d8b8b2d2f3e039359a12c99df35f8,JUSSY (02) 23.08.2009 | GEIPAN Orange arrow icon Orange arrow icon Orange arrow icon Arrow,
https://www.geipan.fr/fr/cas/2009-08-02375,2009-08-02375,https://www.geipan.fr/fr/cas/2009-08-02375,DOWNLOADED,19098,4cf8b534751e490ae17e7293e13438a1d1e5f0f171558783c85523156c4590fd,[D840] de VALADY (12) vers NUCES (12) 12.08.2009 | GEIPAN Orange arrow icon Orange arrow icon Orange arrow icon Arrow,
https://www.geipan.fr/fr/cas/2009-08-02378,2009-08-02378,https://www.geipan.fr/fr/cas/2009-08-02378,DOWNLOADED,19146,09c85eca3b2439771c0f0afe0a5db29620a03e3e55b2b132840ac95fcd0ce50a,SAINT-GERMAIN-DU-PUY (18) 23.08.2009 | GEIPAN Orange arrow icon Orange arrow icon Orange arrow icon Arrow,
https://www.geipan.fr/fr/cas/2009-08-02380,2009-08-02380,https://www.geipan.fr/fr/cas/2009-08-02380,DOWNLOADED,19134,f4c18bb402c4d1ed0f9cecabf5d7273dab3696e0b9c9835c0f30b6812e0c4e29,MORZINE (74) 14.08.2009 | GEIPAN Orange arrow icon Orange arrow icon Orange arrow icon Arrow,
https://www.geipan.fr/fr/cas/2009-08-02383,2009-08-02383,https://www.geipan.fr/fr/cas/2009-08-02383,DOWNLOADED,20077,113e71c98c88bd4a045b07cf772fabdcec7d86b82b44f66830ad2fd49861b07e,VALLAURIS (06) 07.08.2009 | GEIPAN Orange arrow icon Orange arrow icon Orange arrow icon Arrow,
https://www.geipan.fr/fr/cas/2009-08-02385,2009-08-02385,https://www.geipan.fr/fr/cas/2009-08-02385,DOWNLOADED,19204,744fd065255ec28a6b1e588dbaf76c72840ec00b85e70fe5f5ec2fabac0d0561,ANGOULEME (16) 15.08.2009 | GEIPAN Orange arrow icon Orange arrow icon Orange arrow icon Arrow,
https://www.geipan.fr/fr/cas/2009-08-02387,2009-08-02387,https://www.geipan.fr/fr/cas/2009-08-02387,DOWNLOADED,20155,6b1064668df0070fa94dee8340fed0b5816938d181cfa46c12d4ab695537bdc5,PONT-DE-CHERUY (38) 12.08.2009 | GEIPAN Orange arrow icon Orange arrow icon Orange arrow icon Arrow,
https://www.geipan.fr/fr/cas/2009-08-02390,2009-08-02390,https://www.geipan.fr/fr/cas/2009-08-02390,DOWNLOADED,19091,1702fa59e76d4ea3b6a37ea56c058790e443b77b9799de0453f8f33e1a9a53b4,AZERAILLES (54) 28.08.2009 | GEIPAN Orange arrow icon Orange arrow icon Orange arrow icon Arrow,
https://www.geipan.fr/fr/cas/2009-08-02393,2009-08-02393,https://www.geipan.fr/fr/cas/2009-08-02393,DOWNLOADED,18569,eba012d26ebb2cb37f5b17c20dc47b9998e884ebbcac3fec64b07f586c413190,FONTAINEBLEAU (77) 22.08.2009 | GEIPAN Orange arrow icon Orange arrow icon Orange arrow icon Arrow,
https://www.geipan.fr/fr/cas/2009-08-02394,2009-08-02394,https://www.geipan.fr/fr/cas/2009-08-02394,DOWNLOADED,19034,053d66a10a5203b709990eea99827f791e55e0288f4dae96ee91d55a11cc6f47,MENTON (06) 15.08.2009 | GEIPAN Orange arrow icon Orange arrow icon Orange arrow icon Arrow,
https://www.geipan.fr/fr/cas/2009-08-02398,2009-08-02398,https://www.geipan.fr/fr/cas/2009-08-02398,DOWNLOADED,18507,36e6d7ef213ddd83ed1937cb37408de036088808c69288510883a978607eb53c,PORNICHET (44) 15.08.2009 | GEIPAN Orange arrow icon Orange arrow icon Orange arrow icon Arrow,
https://www.geipan.fr/fr/cas/2009-08-02399,2009-08-02399,https://www.geipan.fr/fr/cas/2009-08-02399,DOWNLOADED,18354,e0410e4bf57d04f47f449560b6621b12577e7d316734e683bf3ecf514b644fac,PLOUHARNEL (56) 07.08.2009 | GEIPAN Orange arrow icon Orange arrow icon Orange arrow icon Arrow,
https://www.geipan.fr/fr/cas/2009-08-02404,2009-08-02404,https://www.geipan.fr/fr/cas/2009-08-02404,DOWNLOADED,19829,285b5d72d9d41117e3a014521136e0260d4ad453517a5347a8c18e186326a9ae,ILE-DE-BREHAT (22) 16.08.2009 | GEIPAN Orange arrow icon Orange arrow icon Orange arrow icon Arrow,
https://www.geipan.fr/fr/cas/2009-08-02406,2009-08-02406,https://www.geipan.fr/fr/cas/2009-08-02406,DOWNLOADED,19575,32a1287ad9cdc511fb36190f015516444af97936184cb9f906598da760f20f94,LARMOR-BADEN (56) 25.08.2009 | GEIPAN Orange arrow icon Orange arrow icon Orange arrow icon Arrow,
https://www.geipan.fr/fr/cas/2009-08-02409,2009-08-02409,https://www.geipan.fr/fr/cas/2009-08-02409,DOWNLOADED,18964,ad45ead425168883713641b8a286ecca83108559e0ee10a5f1a06dbacdaee36e,TROISSEREUX (60) 15.08.2009 | GEIPAN Orange arrow icon Orange arrow icon Orange arrow icon Arrow,
https://www.geipan.fr/fr/cas/2009-08-02410,2009-08-02410,https://www.geipan.fr/fr/cas/2009-08-02410,DOWNLOADED,19528,3dd0e0f651d997c87e64d71b12855563bab273f5cbc2aa552f8d8deb9582a329,SAN-MARTINO-DI-LOTA (20) 30.08.2009 | GEIPAN Orange arrow icon Orange arrow icon Orange arrow icon Arrow,
https://www.geipan.fr/fr/cas/2009-08-02411,2009-08-02411,https://www.geipan.fr/fr/cas/2009-08-02411,DOWNLOADED,18293,a02a801b1ebf84f12c8eb6869d72ce5e3ee5958b5b0d44e8d9c73c021b7880a5,GRENOBLE (38) 06.08.2009 | GEIPAN Orange arrow icon Orange arrow icon Orange arrow icon Arrow,
https://www.geipan.fr/fr/cas/2009-08-02424,2009-08-02424,https://www.geipan.fr/fr/cas/2009-08-02424,DOWNLOADED,19175,959b1019dd0c0b1741e7fac98dc0193a660fadeca3439d34674b173761633413,HAVRE (LE) (76) 31.08.2009 | GEIPAN Orange arrow icon Orange arrow icon Orange arrow icon Arrow,
https://www.geipan.fr/fr/cas/2009-08-02425,2009-08-02425,https://www.geipan.fr/fr/cas/2009-08-02425,DOWNLOADED,19776,d58a50c58f76229e1224cabbdd5f29d18968a83aa084aff4875215e45da9e229,CANET-EN-ROUSSILLON (66) 11.08.2009 | GEIPAN Orange arrow icon Orange arrow icon Orange arrow icon Arrow,
https://www.geipan.fr/fr/cas/2009-08-02427,2009-08-02427,https://www.geipan.fr/fr/cas/2009-08-02427,DOWNLOADED,19445,5a5b75b9ac24ff9815add72313d963c4ea62b1f6a077a6c47d271260bec7a4b9,SEDAN (08) 21.08.2009 | GEIPAN Orange arrow icon Orange arrow icon Orange arrow icon Arrow,
https://www.geipan.fr/fr/cas/2009-08-02450,2009-08-02450,https://www.geipan.fr/fr/cas/2009-08-02450,DOWNLOADED,19508,370480966787d91dfba81067f0498d91c3355b015f254d82d3a02425dfae5ae4,AUDUN-LE-TICHE (57) 05.08.2009 | GEIPAN Orange arrow icon Orange arrow icon Orange arrow icon Arrow,
https://www.geipan.fr/fr/cas/2009-08-02465,2009-08-02465,https://www.geipan.fr/fr/cas/2009-08-02465,DOWNLOADED,19173,7dbb33381f42a1418135e72a21188eeb63c2d0a0e8d64990210012e2b87f47d2,[AERO AFR] PARIS (75) 13.08.2009 | GEIPAN Orange arrow icon Orange arrow icon Orange arrow icon Arrow,
https://www.geipan.fr/fr/cas/2009-08-02468,2009-08-02468,https://www.geipan.fr/fr/cas/2009-08-02468,DOWNLOADED,19391,cfaf56c5b73271e507945d622fd41fec89fab98a61eec59f60fe5db41064c276,RANGEN (67) 24.08.2009 | GEIPAN Orange arrow icon Orange arrow icon Orange arrow icon Arrow,
https://www.geipan.fr/fr/cas/2009-08-02757,2009-08-02757,https://www.geipan.fr/fr/cas/2009-08-02757,DOWNLOADED,19200,704c5ee3aefb1b92d0a2ace38bc94104aa6c978e9bcf8a1998ce22232f224a3c,VILLIERS-CHARLEMAGNE (53) --.08.2009 | GEIPAN Orange arrow icon Orange arrow icon Orange arrow icon Arrow,
https://www.geipan.fr/fr/cas/2009-08-08221,2009-08-08221,https://www.geipan.fr/fr/cas/2009-08-08221,DOWNLOADED,19970,220fa542864a4229c143f5addd569aafbaab03f7485f10484baa348a315b2a48,MAUBOURGUET (65) 22.08.2009 | GEIPAN Orange arrow icon Orange arrow icon Orange arrow icon Arrow,
https://www.geipan.fr/fr/cas/2009-08-08376,2009-08-08376,https://www.geipan.fr/fr/cas/2009-08-08376,DOWNLOADED,20489,e1c031df616d9ecd7f00cffb4eeaea0e6b85334a4fb3bf36aece4ac1ec8b2aa6,COURTRY (77) 29.08.2009 | GEIPAN Orange arrow icon Orange arrow icon Orange arrow icon Arrow,
https://www.geipan.fr/fr/cas/2009-09-02392,2009-09-02392,https://www.geipan.fr/fr/cas/2009-09-02392,DOWNLOADED,18875,4d36e8dbfbe13c33e678b13ea9fc9cde66a21ec71bae5266ad789de566657735,NANCY (54) 06.09.2009 | GEIPAN Orange arrow icon Orange arrow icon Orange arrow icon Arrow,
https://www.geipan.fr/fr/cas/2009-09-02400,2009-09-02400,https://www.geipan.fr/fr/cas/2009-09-02400,DOWNLOADED,19688,7eaa8976ee292629336d61d68c251a37fbf682132f010ba5bd13e730b8103a85,MARTRES-TOLOSANE (31) 06.09.2009 | GEIPAN Orange arrow icon Orange arrow icon Orange arrow icon Arrow,
https://www.geipan.fr/fr/cas/2009-09-02401,2009-09-02401,https://www.geipan.fr/fr/cas/2009-09-02401,DOWNLOADED,19208,770c17a38e459a113954d425daf1a34bd6505a782ede89acaf18d153bd28c797,SAINTE-GENEVIEVE-DES-BOIS (91) 05.09.2009 | GEIPAN Orange arrow icon Orange arrow icon Orange arrow icon Arrow,
https://www.geipan.fr/fr/cas/2009-09-02402,2009-09-02402,https://www.geipan.fr/fr/cas/2009-09-02402,DOWNLOADED,18445,621ad8fa75d863dc140041a4c07229e4b8784c3cfa7bd5a989b9118b811be495,PARIS (75) 07.09.2009 | GEIPAN Orange arrow icon Orange arrow icon Orange arrow icon Arrow,
https://www.geipan.fr/fr/cas/2009-09-02403,2009-09-02403,https://www.geipan.fr/fr/cas/2009-09-02403,DOWNLOADED,18956,2b968f3c2799e996d304f0c555066af4e28696c08895f631f679b5e4f110cca3,TAILLAN-MEDOC (LE) (33) 08.09.2009 | GEIPAN Orange arrow icon Orange arrow icon Orange arrow icon Arrow,
https://www.geipan.fr/fr/cas/2009-09-02405,2009-09-02405,https://www.geipan.fr/fr/cas/2009-09-02405,DOWNLOADED,18715,a2182ae0d217edfa9eb39641c366038d903b68df6ee8530420b611b204fdf869,BOURDIC (30) 04.09.2009 | GEIPAN Orange arrow icon Orange arrow icon Orange arrow icon Arrow,
https://www.geipan.fr/fr/cas/2009-09-02414,2009-09-02414,https://www.geipan.fr/fr/cas/2009-09-02414,DOWNLOADED,18809,c973f48424bd6a86e9f8622d0bf40c5153f3bfaa9984dd2c5b1c938bc99efd12,POISSY (78) 27.09.2009 | GEIPAN Orange arrow icon Orange arrow icon Orange arrow icon Arrow,
https://www.geipan.fr/fr/cas/2009-09-02415,2009-09-02415,https://www.geipan.fr/fr/cas/2009-09-02415,DOWNLOADED,19153,c9942a4f4b4ba941385dd2f68f942eaa5790ea91ab73a30081b2c38e912c27b9,MEROUX (90) 26.09.2009 | GEIPAN Orange arrow icon Orange arrow icon Orange arrow icon Arrow,
https://www.geipan.fr/fr/cas/2009-09-02416,2009-09-02416,https://www.geipan.fr/fr/cas/2009-09-02416,DOWNLOADED,18520,0adf3d2b75e683821019c929b58cf3f1bc5a8ab61a2d72ae6d4719e91ce3d8d6,FABREGUES (34) 27.09.2009 | GEIPAN Orange arrow icon Orange arrow icon Orange arrow icon Arrow,
https://www.geipan.fr/fr/cas/2009-09-02417,2009-09-02417,https://www.geipan.fr/fr/cas/2009-09-02417,DOWNLOADED,19489,100f1e1a1b9d8e21a9f9b611302351c52e9dbb2a379ddb8a599399b646d3b978,ROCHE-SUR-YON (LA) (85) 21.09.2009 | GEIPAN Orange arrow icon Orange arrow icon Orange arrow icon Arrow,
https://www.geipan.fr/fr/cas/2009-09-02419,2009-09-02419,https://www.geipan.fr/fr/cas/2009-09-02419,DOWNLOADED,18495,78aed0f2e40ed9527e9565afd723dc507c97e4e58e963bc3fc676a77ac10b102,HEROUVILLE-SAINT-CLAIR (14) 16.09.2009 | GEIPAN Orange arrow icon Orange arrow icon Orange arrow icon Arrow,
https://www.geipan.fr/fr/cas/2009-09-02429,2009-09-02429,https://www.geipan.fr/fr/cas/2009-09-02429,DOWNLOADED,19032,964f55b95ddd1d5cb5896ca48cb484c2d1f95339884bea7f8e0e75235ef2de36,SAINT-OUEN (93) 29.09.2009 | GEIPAN Orange arrow icon Orange arrow icon Orange arrow icon Arrow,
https://www.geipan.fr/fr/cas/2009-09-02430,2009-09-02430,https://www.geipan.fr/fr/cas/2009-09-02430,DOWNLOADED,21340,9e00e409a3cd59a5bff3ec2057ba4974e3d11bc16a640d9ad5098bc1f73f9c11,(CAN) CHASSENEUIL-DU-POITOU (86) 24.09.2009 | GEIPAN Orange arrow icon Orange arrow icon Orange arrow icon Arrow,
https://www.geipan.fr/fr/cas/2009-09-02436,2009-09-02436,https://www.geipan.fr/fr/cas/2009-09-02436,DOWNLOADED,19436,875bcdd3ed24082486cd8b9c50ca7140fad844ea80eb174a9a600e92acac2f6e,CHATEAUBRIANT (44) 24.09.2009 | GEIPAN Orange arrow icon Orange arrow icon Orange arrow icon Arrow,
https://www.geipan.fr/fr/cas/2009-09-02437,2009-09-02437,https://www.geipan.fr/fr/cas/2009-09-02437,DOWNLOADED,18885,fbfb267c54f91f18d1233fe5c1e2c6d818274f0c832d1095cbc66c450eafe2df,SAINTE-SUZANNE (974) 29.09.2009 | GEIPAN Orange arrow icon Orange arrow icon Orange arrow icon Arrow,
https://www.geipan.fr/fr/cas/2009-09-02438,2009-09-02438,https://www.geipan.fr/fr/cas/2009-09-02438,DOWNLOADED,18810,b7bbc6a22d29fcf7f1a3f546605cf5ae9da95fa4501fbdea4bcde44c1113f134,POITIERS (86) 06.09.2009 | GEIPAN Orange arrow icon Orange arrow icon Orange arrow icon Arrow,
https://www.geipan.fr/fr/cas/2009-09-02439,2009-09-02439,https://www.geipan.fr/fr/cas/2009-09-02439,DOWNLOADED,18613,5492f36979ec8b82a80fb7db0e29c9a80929bc9ed98d5506aa4f1e4547066fa6,POITIERS (86) 05.09.2009 | GEIPAN Orange arrow icon Orange arrow icon Orange arrow icon Arrow,
https://www.geipan.fr/fr/cas/2009-09-02440,2009-09-02440,https://www.geipan.fr/fr/cas/2009-09-02440,DOWNLOADED,18621,e01f8edaab2ea2c5a6d8b90222c1cca9d103ddf470b70f2a50a4cbd26ae0658a,PARIS (75) 09.09.2009 | GEIPAN Orange arrow icon Orange arrow icon Orange arrow icon Arrow,
https://www.geipan.fr/fr/cas/2009-09-02451,2009-09-02451,https://www.geipan.fr/fr/cas/2009-09-02451,DOWNLOADED,19084,f8134d038c48acafda19d1284da5827a4f14a7bcc24a8e6c2f2018a3d9430823,FLEIX (86) 15.09.2009 | GEIPAN Orange arrow icon Orange arrow icon Orange arrow icon Arrow,
https://www.geipan.fr/fr/cas/2009-09-02522,2009-09-02522,https://www.geipan.fr/fr/cas/2009-09-02522,DOWNLOADED,20174,8ecb55bfc4ddb39baa833ef18db1167aa3ed1e6d44f76051dc0e6f1c08859418,CHAHAIGNES (72) 13.09.2009 | GEIPAN Orange arrow icon Orange arrow icon Orange arrow icon Arrow,
https://www.geipan.fr/fr/cas/2009-09-02525,2009-09-02525,https://www.geipan.fr/fr/cas/2009-09-02525,DOWNLOADED,19171,be0692235dc481f3c013ec2d108a92b88a196ec9e31e163462eee8e9be1e0e28,MARSEILLE (13) --.09.2009 | GEIPAN Orange arrow icon Orange arrow icon Orange arrow icon Arrow,
https://www.geipan.fr/fr/cas/2009-09-08636,2009-09-08636,https://www.geipan.fr/fr/cas/2009-09-08636,DOWNLOADED,19392,3e7a2aeec1aefc4f198ac8b054c88a5979be220a0d7d4dbfcf6ff86925bcf046,THONES (74) 26.09.2009 | GEIPAN Orange arrow icon Orange arrow icon Orange arrow icon Arrow,
https://www.geipan.fr/fr/cas/2009-10-02434,2009-10-02434,https://www.geipan.fr/fr/cas/2009-10-02434,DOWNLOADED,19174,ea6c08508ae7c22dbf10cd587f082a1ce58492c14fa51038160ff4968e626297,RAINCY (LE) (93) 31.10.2009 | GEIPAN Orange arrow icon Orange arrow icon Orange arrow icon Arrow,
https://www.geipan.fr/fr/cas/2009-10-02435,2009-10-02435,https://www.geipan.fr/fr/cas/2009-10-02435,DOWNLOADED,18416,33ed5ed0b740fa4a66d7a0bcff218106e4f9146b9c835a4c6402bea6cddc21f4,PARIS (75) 18.10.2009 | GEIPAN Orange arrow icon Orange arrow icon Orange arrow icon Arrow,
https://www.geipan.fr/fr/cas/2009-10-02442,2009-10-02442,https://www.geipan.fr/fr/cas/2009-10-02442,DOWNLOADED,25563,08e7a6c2b5bf5c00d26c46ff328aa6c4ac4ad19279a3ff006c20043e42f62c8e,DEBRIS SPATIAUX (RETOMBEE) — NATIONAL (FR) 18.10.2009 | GEIPAN Orange arrow icon Orange arrow icon Orange arrow icon Arrow,
https://www.geipan.fr/fr/cas/2009-10-02452,2009-10-02452,https://www.geipan.fr/fr/cas/2009-10-02452,DOWNLOADED,19344,882704a7a281a52b89bcc609ed31b31174f6935536ebb783187cb11f3bde8626,ETOGES (51) 04.10.2009 | GEIPAN Orange arrow icon Orange arrow icon Orange arrow icon Arrow,
https://www.geipan.fr/fr/cas/2009-10-02464,2009-10-02464,https://www.geipan.fr/fr/cas/2009-10-02464,DOWNLOADED,18896,73deb0b7f7a91481d51af48a8b4d11a9ed61ac073ca29d2f7a4850679a50991a,ILLE-SUR-TET (66) 14.10.2009 | GEIPAN Orange arrow icon Orange arrow icon Orange arrow icon Arrow,
https://www.geipan.fr/fr/cas/2009-10-02477,2009-10-02477,https://www.geipan.fr/fr/cas/2009-10-02477,DOWNLOADED,19074,c06a13e8ea054e07ec56e6d7def0f082dacfba46a85bb758fc96a87080874e1c,LANVAUDAN (56) 17.10.2009 | GEIPAN Orange arrow icon Orange arrow icon Orange arrow icon Arrow,
https://www.geipan.fr/fr/cas/2009-10-02505,2009-10-02505,https://www.geipan.fr/fr/cas/2009-10-02505,DOWNLOADED,19501,ffe90052dc1a9beb1ffccdc6499261ed04453c2ac54e1ee8d70b4cbc6462dbe3,COULOUNIEIX-CHAMIERS (24) 27.10.2009 | GEIPAN Orange arrow icon Orange arrow icon Orange arrow icon Arrow,
https://www.geipan.fr/fr/cas/2009-10-02519,2009-10-02519,https://www.geipan.fr/fr/cas/2009-10-02519,DOWNLOADED,20231,842bed0834288c31e218c3df0a3f97497cda079bde441a85a05cc5cd98f00968,NIEUIL-L'ESPOIR (86) 03.10.2009 | GEIPAN Orange arrow icon Orange arrow icon Orange arrow icon Arrow,
https://www.geipan.fr/fr/cas/2009-11-02454,2009-11-02454,https://www.geipan.fr/fr/cas/2009-11-02454,DOWNLOADED,21602,4b57fca5b618bdd919ea056e333f7aeff5811561b5f30238255744cd67588f65,CLAIRA (66) 09.11.2009 | GEIPAN Orange arrow icon Orange arrow icon Orange arrow icon Arrow,
https://www.geipan.fr/fr/cas/2009-11-02455,2009-11-02455,https://www.geipan.fr/fr/cas/2009-11-02455,DOWNLOADED,19714,cbedbc841b41bb2547d3860fbfb22d736776b86163454d171c9ad4796885e1fa,JEANTES (02) 15.11.2009 | GEIPAN Orange arrow icon Orange arrow icon Orange arrow icon Arrow,
https://www.geipan.fr/fr/cas/2009-11-02459,2009-11-02459,https://www.geipan.fr/fr/cas/2009-11-02459,DOWNLOADED,18751,baa115019035433a742a0bd63c348b0dd1d305c0745682f60498700a96969c3c,THEMINES (46) 26.11.2009 | GEIPAN Orange arrow icon Orange arrow icon Orange arrow icon Arrow,
https://www.geipan.fr/fr/cas/2009-11-02460,2009-11-02460,https://www.geipan.fr/fr/cas/2009-11-02460,DOWNLOADED,18414,5cdc0024919f2dec4cbe89497a1308d69daf5bdd8230a916826a923aa8e4ef53,BRETIGNY-SUR-ORGE (91) 18.11.2009 | GEIPAN Orange arrow icon Orange arrow icon Orange arrow icon Arrow,
https://www.geipan.fr/fr/cas/2009-11-02462,2009-11-02462,https://www.geipan.fr/fr/cas/2009-11-02462,DOWNLOADED,18994,4a7c21bbe6e9ff8ea40af5023bc78449757c4fe8deb1286918a8a1fc227f0b96,SAINT-VARENT (79) 10.11.2009 | GEIPAN Orange arrow icon Orange arrow icon Orange arrow icon Arrow,
https://www.geipan.fr/fr/cas/2009-11-02474,2009-11-02474,https://www.geipan.fr/fr/cas/2009-11-02474,DOWNLOADED,19655,231d98c5586e1a3132d20b7f314e577b01b0e55b63379b3fe6081d1d4b7f5d27,CHANGE (72) 12.11.2009 | GEIPAN Orange arrow icon Orange arrow icon Orange arrow icon Arrow,
https://www.geipan.fr/fr/cas/2009-11-02476,2009-11-02476,https://www.geipan.fr/fr/cas/2009-11-02476,DOWNLOADED,18835,e11f18e064a02a3f291c0b47a7f7562d1364d299a7df3473701790147a21bb50,MONTLUEL (01) 10.11.2009 | GEIPAN Orange arrow icon Orange arrow icon Orange arrow icon Arrow,
https://www.geipan.fr/fr/cas/2009-11-02486,2009-11-02486,https://www.geipan.fr/fr/cas/2009-11-02486,DOWNLOADED,18968,f0430c3e9b7ffb92ea3098864205f3596e7ac99cd5f8ab713b6cbf4239a027e6,CRETEIL (94) 18.11.2009 | GEIPAN Orange arrow icon Orange arrow icon Orange arrow icon Arrow,
https://www.geipan.fr/fr/cas/2009-11-02487,2009-11-02487,https://www.geipan.fr/fr/cas/2009-11-02487,DOWNLOADED,20370,ab7a8c864a18b7d1ce49d2283fdcdbc297edc2df808b78423f391233b7cacd9b,BUIRONFOSSE (02) 19.11.2009 | GEIPAN Orange arrow icon Orange arrow icon Orange arrow icon Arrow,
https://www.geipan.fr/fr/cas/2009-11-02488,2009-11-02488,https://www.geipan.fr/fr/cas/2009-11-02488,DOWNLOADED,19271,1a1669835dcb50f511a3d10270a67fc857ced51b6e4e96f97fad005050aac848,SAINT-MICHEL (02) 15.11.2009 | GEIPAN Orange arrow icon Orange arrow icon Orange arrow icon Arrow,
https://www.geipan.fr/fr/cas/2009-11-02492,2009-11-02492,https://www.geipan.fr/fr/cas/2009-11-02492,DOWNLOADED,19206,e42405ee8a917cb740dda6d54062c5b56bc61bd28662ef889518639bb428f452,DORMANS (51) 19.11.2009 | GEIPAN Orange arrow icon Orange arrow icon Orange arrow icon Arrow,
https://www.geipan.fr/fr/cas/2009-11-02494,2009-11-02494,https://www.geipan.fr/fr/cas/2009-11-02494,DOWNLOADED,19125,9057d68590e070a10f5dac4ffd9c31ce2d7f32ec8471134f0589982ed55fa683,MONACO (MC.MC) 30.11.2009 | GEIPAN Orange arrow icon Orange arrow icon Orange arrow icon Arrow,
https://www.geipan.fr/fr/cas/2009-11-02511,2009-11-02511,https://www.geipan.fr/fr/cas/2009-11-02511,DOWNLOADED,19200,ad566c40b8bc8f23a01c8029bd1875ff8c6aa028c75ced7f64a21f1b9d758270,CASTRES-GIRONDE (33) 26.11.2009 | GEIPAN Orange arrow icon Orange arrow icon Orange arrow icon Arrow,
https://www.geipan.fr/fr/cas/2009-11-02514,2009-11-02514,https://www.geipan.fr/fr/cas/2009-11-02514,DOWNLOADED,18470,0da378508754187b6a7c826cbb971bec00b924af550f7eaac47692fd67deab9e,PAITA (988) 09.11.2009 | GEIPAN Orange arrow icon Orange arrow icon Orange arrow icon Arrow,
https://www.geipan.fr/fr/cas/2009-11-02527,2009-11-02527,https://www.geipan.fr/fr/cas/2009-11-02527,DOWNLOADED,18819,b0ba9a69a50ab26284b9621bccae2cc64ae3e45a8db3bd28df6235e4dd0e1488,PESSAC (33) 22.11.2009 | GEIPAN Orange arrow icon Orange arrow icon Orange arrow icon Arrow,
https://www.geipan.fr/fr/cas/2009-11-02528,2009-11-02528,https://www.geipan.fr/fr/cas/2009-11-02528,DOWNLOADED,18992,2dbfb6d9221be20064fe0a9ceb67adcddd44a18e86b752c856eb31fb501a7d4b,MUNDOLSHEIM (67) --.11.2009 | GEIPAN Orange arrow icon Orange arrow icon Orange arrow icon Arrow,
https://www.geipan.fr/fr/cas/2009-11-02692,2009-11-02692,https://www.geipan.fr/fr/cas/2009-11-02692,DOWNLOADED,22516,04653236638aabd88ec92a1cc5fbce06e8cc4f2f9d729f90fdbb3222efc01621,VILLEFRANCHE-SUR-MER (06) 16.11.2009 | GEIPAN Orange arrow icon Orange arrow icon Orange arrow icon Arrow,
https://www.geipan.fr/fr/cas/2009-11-08555,2009-11-08555,https://www.geipan.fr/fr/cas/2009-11-08555,DOWNLOADED,19289,834d1e48183a335d12c728de6e29718bef269eb22610148888559a6c9cf3cbc8,NAVES (59) 19.11.2009 | GEIPAN Orange arrow icon Orange arrow icon Orange arrow icon Arrow,
https://www.geipan.fr/fr/cas/2009-11-09017,2009-11-09017,https://www.geipan.fr/fr/cas/2009-11-09017,DOWNLOADED,19452,6c6c195205d279831687ffe58149a78e6a90c2d4f6962e7bb1b202c788a515fe,VILLEFRANCHE-SUR-MER (06) 26.11.2009 | GEIPAN Orange arrow icon Orange arrow icon Orange arrow icon Arrow,
https://www.geipan.fr/fr/cas/2009-12-02471,2009-12-02471,https://www.geipan.fr/fr/cas/2009-12-02471,DOWNLOADED,18506,149e6b50be107a6bd51e52f7a250d7e79146e1c7c005fd3ba4f0359e5e955c71,MONTPELLIER (34) 11.12.2009 | GEIPAN Orange arrow icon Orange arrow icon Orange arrow icon Arrow,
https://www.geipan.fr/fr/cas/2009-12-02472,2009-12-02472,https://www.geipan.fr/fr/cas/2009-12-02472,DOWNLOADED,18791,4713863fffa3537284fc11c22f77932919591c046a5cb24d0c9267f2acafd567,ANGOULEME (16) 11.12.2009 | GEIPAN Orange arrow icon Orange arrow icon Orange arrow icon Arrow,
https://www.geipan.fr/fr/cas/2009-12-02473,2009-12-02473,https://www.geipan.fr/fr/cas/2009-12-02473,DOWNLOADED,18825,99695a1ad14db7c71b1ff55897166bdf6e80932e1e05aa88f637c968c932b1a6,PEROY-LES-GOMBRIES (60) 03.12.2009 | GEIPAN Orange arrow icon Orange arrow icon Orange arrow icon Arrow,
https://www.geipan.fr/fr/cas/2009-12-02485,2009-12-02485,https://www.geipan.fr/fr/cas/2009-12-02485,DOWNLOADED,18903,ba467275b050731b9c6dfb5348c96ccebc0567c0dfa48071d981f7b2ad17bff9,SAINT-LEU (974) 19.12.2009 | GEIPAN Orange arrow icon Orange arrow icon Orange arrow icon Arrow,
https://www.geipan.fr/fr/cas/2009-12-02495,2009-12-02495,https://www.geipan.fr/fr/cas/2009-12-02495,DOWNLOADED,18922,f54215dfb8e8fb6ade8efe692120d2148087ce19c792a400daad5bdbbef64b2b,MORSANG-SUR-ORGE (91) 27.12.2009 | GEIPAN Orange arrow icon Orange arrow icon Orange arrow icon Arrow,
https://www.geipan.fr/fr/cas/2009-12-02497,2009-12-02497,https://www.geipan.fr/fr/cas/2009-12-02497,DOWNLOADED,19323,bb4828b0965d6938e0113a70117044710db2154d089228f3142d78495e0945d1,TOULOUSE (31) 13.12.2009 | GEIPAN Orange arrow icon Orange arrow icon Orange arrow icon Arrow,
https://www.geipan.fr/fr/cas/2009-12-02500,2009-12-02500,https://www.geipan.fr/fr/cas/2009-12-02500,DOWNLOADED,19029,f375ee3e6a352b2e99b8945bc3a7ae7d0f13057978c3276ace7e1290d126e991,RUMEGIES (59) 25.12.2009 | GEIPAN Orange arrow icon Orange arrow icon Orange arrow icon Arrow,
https://www.geipan.fr/fr/cas/2009-12-02501,2009-12-02501,https://www.geipan.fr/fr/cas/2009-12-02501,DOWNLOADED,19177,1dad5f43e49552afa2bc45010dcfb6e81298f608d21ed977933ad2801be3e717,MAMOUDZOU (976) 31.12.2009 | GEIPAN Orange arrow icon Orange arrow icon Orange arrow icon Arrow,
https://www.geipan.fr/fr/cas/2009-12-02504,2009-12-02504,https://www.geipan.fr/fr/cas/2009-12-02504,DOWNLOADED,19042,fb693e902b671d0e76901c9bd524396a525590559606c9761bb3ac7773d4a0f5,VIESSOIX (14) 08.12.2009 | GEIPAN Orange arrow icon Orange arrow icon Orange arrow icon Arrow,
https://www.geipan.fr/fr/cas/2009-12-02517,2009-12-02517,https://www.geipan.fr/fr/cas/2009-12-02517,DOWNLOADED,19630,ed1636a712f3534f9e636d21acd9788370088cd4bd2197d371015a23246e246b,JOUE-LES-TOURS (37) 17.12.2009 | GEIPAN Orange arrow icon Orange arrow icon Orange arrow icon Arrow,
https://www.geipan.fr/fr/cas/2009-12-02523,2009-12-02523,https://www.geipan.fr/fr/cas/2009-12-02523,DOWNLOADED,19531,4887cfb951560eb5c2d0274069f75a84482f67e568d2f3dbdd76311e8a7d2cc3,MELUN (77) 31.12.2009 | GEIPAN Orange arrow icon Orange arrow icon Orange arrow icon Arrow,
https://www.geipan.fr/fr/cas/2009-12-08355,2009-12-08355,https://www.geipan.fr/fr/cas/2009-12-08355,DOWNLOADED,18546,caf91d4b6f33ac5caf1b17ae41608921fbb24a4bf1071b9ccd029201f8c55216,MARIGNE-LAILLE (72) 03.12.2009 | GEIPAN Orange arrow icon Orange arrow icon Orange arrow icon Arrow,
https://www.geipan.fr/fr/cas/2010-01-02498,2010-01-02498,https://www.geipan.fr/fr/cas/2010-01-02498,DOWNLOADED,21502,9b10f0aff9553e295ad6e7c8f0a1123637fb7a92d1bcba9430803b2a0155dbfa,TAVERNY (95) 04.01.2010 | GEIPAN Orange arrow icon Orange arrow icon Orange arrow icon Arrow,
https://www.geipan.fr/fr/cas/2010-01-02499,2010-01-02499,https://www.geipan.fr/fr/cas/2010-01-02499,DOWNLOADED,18613,636b8c17d4a67e2411dcedb10f6ec694833c1014d1e797c408d3115ef8fa3cc3,[A4] de STRASBOURG (67) vers HAGUENAU (67) 06.01.2010 | GEIPAN Orange arrow icon Orange arrow icon Orange arrow icon Arrow,
https://www.geipan.fr/fr/cas/2010-01-02502,2010-01-02502,https://www.geipan.fr/fr/cas/2010-01-02502,DOWNLOADED,19041,8c9500789832d965590a539fb49fa4c20b75f219891809422048c31e36f5cd92,[N2] de SAINTE-MARIE (974) vers SAINT-DENIS (974) 06.01.2010 | GEIPAN Orange arrow icon Orange arrow icon Orange arrow icon Arrow,
https://www.geipan.fr/fr/cas/2010-01-02518,2010-01-02518,https://www.geipan.fr/fr/cas/2010-01-02518,DOWNLOADED,18978,33ca66be57b6c4c727dcda65287a66c8db5dcbd4e2d11215c8be9e52e78f0d80,LAHAS (32) 20.01.2010 | GEIPAN Orange arrow icon Orange arrow icon Orange arrow icon Arrow,
https://www.geipan.fr/fr/cas/2010-01-02520,2010-01-02520,https://www.geipan.fr/fr/cas/2010-01-02520,DOWNLOADED,18936,219057b028a387f32742c361fe9aafb92d89ec994fa230b48f479d6f8cbe6287,EYSINES (33) 13.01.2010 | GEIPAN Orange arrow icon Orange arrow icon Orange arrow icon Arrow,
https://www.geipan.fr/fr/cas/2010-01-02529,2010-01-02529,https://www.geipan.fr/fr/cas/2010-01-02529,DOWNLOADED,20201,b0219351eab43209a2dec49bd81f595fef0c0286cb6a17232ab722bf55a53ea0,ILE D'OLERON (17) 01.01.2010 | GEIPAN Orange arrow icon Orange arrow icon Orange arrow icon Arrow,
https://www.geipan.fr/fr/cas/2010-01-02534,2010-01-02534,https://www.geipan.fr/fr/cas/2010-01-02534,DOWNLOADED,19058,f551e5570b5abf3e9c2a9a25606bbf00e6227c161a2a6342b2f10fcc9645a726,LORIENT (56) 03.01.2010 | GEIPAN Orange arrow icon Orange arrow icon Orange arrow icon Arrow,
https://www.geipan.fr/fr/cas/2010-01-02550,2010-01-02550,https://www.geipan.fr/fr/cas/2010-01-02550,DOWNLOADED,22787,feb59be17a5ad9cfe6c23580cb72b57d557b9d540a9fd1aad46fc8598a73fd73,PLESSIS-TREVISE (LE) (94) 20.06.2017 | GEIPAN Orange arrow icon Orange arrow icon Orange arrow icon Arrow,
https://www.geipan.fr/fr/cas/2010-01-02559,2010-01-02559,https://www.geipan.fr/fr/cas/2010-01-02559,DOWNLOADED,19223,347359a2914ee6ea88bdf426bedac92d38872b93112f3b56db74dfa7aab4cb8c,[N524] de EAUZE (32) vers CAZAUBON (32) 21.01.2010 | GEIPAN Orange arrow icon Orange arrow icon Orange arrow icon Arrow,
https://www.geipan.fr/fr/cas/2010-01-02567,2010-01-02567,https://www.geipan.fr/fr/cas/2010-01-02567,DOWNLOADED,19080,91b763c107fbdaf820c7ec3f41b4469168b1d33e87444274a93f480cc033363f,SAINT-FRANCOIS-LONGCHAMP (73) 21.01.2010 | GEIPAN Orange arrow icon Orange arrow icon Orange arrow icon Arrow,
https://www.geipan.fr/fr/cas/2010-01-02571,2010-01-02571,https://www.geipan.fr/fr/cas/2010-01-02571,DOWNLOADED,18970,2bd3f174e4c5751b2f84e73ea9dd60df88c275914805ffe582dfb4f3d6a43344,SAINT-GERMAIN-DU-PUCH (33) 01.01.2010 | GEIPAN Orange arrow icon Orange arrow icon Orange arrow icon Arrow,
https://www.geipan.fr/fr/cas/2010-01-02585,2010-01-02585,https://www.geipan.fr/fr/cas/2010-01-02585,DOWNLOADED,19128,3748ae80f8edc80f728f9d2fddd30accf3cc71f7b3f9560006766deffc1cbf5d,[A4] de REICHSTETT (67) vers STRASBOURG (67) 16.01.2010 | GEIPAN Orange arrow icon Orange arrow icon Orange arrow icon Arrow,
https://www.geipan.fr/fr/cas/2010-02-02524,2010-02-02524,https://www.geipan.fr/fr/cas/2010-02-02524,DOWNLOADED,20033,e7000125e2d6e2371aa5dc38e913193ff230120facd2a1bb1becf5517bf524c0,FORT-DE-FRANCE (972) 07.02.2010 | GEIPAN Orange arrow icon Orange arrow icon Orange arrow icon Arrow,
https://www.geipan.fr/fr/cas/2010-02-02526,2010-02-02526,https://www.geipan.fr/fr/cas/2010-02-02526,DOWNLOADED,20206,f1b137019fdd8f80fb777cf3c0965add2f129ade2e2b353661096ead70da3205,LANTERNES (56) 14.02.2010 | GEIPAN Orange arrow icon Orange arrow icon Orange arrow icon Arrow,
https://www.geipan.fr/fr/cas/2010-02-02533,2010-02-02533,https://www.geipan.fr/fr/cas/2010-02-02533,DOWNLOADED,19251,87dc30adc915cfdd42e55dd4b35680cd7215458411f1122cc087c77d8a008abc,COULOUNIEIX-CHAMIERS (24) 22.02.2010 | GEIPAN Orange arrow icon Orange arrow icon Orange arrow icon Arrow,
https://www.geipan.fr/fr/cas/2010-02-02539,2010-02-02539,https://www.geipan.fr/fr/cas/2010-02-02539,DOWNLOADED,19896,bdf16fb9615518cff5c20c59efffd206fbfb5d41ffe5f3f768ecf6f68218a897,BAUD (56) 11.02.2010 | GEIPAN Orange arrow icon Orange arrow icon Orange arrow icon Arrow,
https://www.geipan.fr/fr/cas/2010-02-02547,2010-02-02547,https://www.geipan.fr/fr/cas/2010-02-02547,DOWNLOADED,19387,6b8da2920fe56f37f87f77ce2216a7aa659c4fcf0ccddecd30b7f95f70740d2a,MILLERY (54) 27.02.2010 | GEIPAN Orange arrow icon Orange arrow icon Orange arrow icon Arrow,
https://www.geipan.fr/fr/cas/2010-02-02548,2010-02-02548,https://www.geipan.fr/fr/cas/2010-02-02548,DOWNLOADED,19738,9c4cb68361931f511a13e14bfdf8a823af22dfa43ef1f59116cb61f57489e9a4,ELNE (66) 28.02.2010 | GEIPAN Orange arrow icon Orange arrow icon Orange arrow icon Arrow,
https://www.geipan.fr/fr/cas/2010-02-02591,2010-02-02591,https://www.geipan.fr/fr/cas/2010-02-02591,DOWNLOADED,19888,31ce62ac3b823129a382a014563f282611abf4b81b548dbc211d1ca8633993f1,SATILLIEU (07) 03.02.2010 | GEIPAN Orange arrow icon Orange arrow icon Orange arrow icon Arrow,
https://www.geipan.fr/fr/cas/2010-03-02536,2010-03-02536,https://www.geipan.fr/fr/cas/2010-03-02536,DOWNLOADED,20173,352874e23067b339c65505c37df90460207c1d0fdf4303a028aafc6298cea633,[D115] de PIERRE-CHATEL (38) vers MOTTE-D'AVEILLANS (LA) (38) 06.03.2010 | GEIPAN Orange arrow icon Orange arrow icon Orange arrow icon Arrow,
https://www.geipan.fr/fr/cas/2010-03-02540,2010-03-02540,https://www.geipan.fr/fr/cas/2010-03-02540,DOWNLOADED,19800,9805173badfb030102dc52e32849c87f91b0e0aa77e94b4f88d99f092f96abfe,[D8] de VALENTINE (31) vers MARTRES-DE-RIVIERE (31) 17.03.2010 | GEIPAN Orange arrow icon Orange arrow icon Orange arrow icon Arrow,
https://www.geipan.fr/fr/cas/2010-03-02541,2010-03-02541,https://www.geipan.fr/fr/cas/2010-03-02541,DOWNLOADED,19694,769ccd160caef64b6c9eb34c01be0265bfb27c052116bbaf6e32685e03af68d0,[D613] de MEZE (34) vers BOUZIGUES (34) 11.03.2010 | GEIPAN Orange arrow icon Orange arrow icon Orange arrow icon Arrow,
https://www.geipan.fr/fr/cas/2010-03-02545,2010-03-02545,https://www.geipan.fr/fr/cas/2010-03-02545,DOWNLOADED,20317,7c8ff82eb88b6b7e227a9d26cc512390ffde430bf2178ffb004a4d5c63d5b263,FAMECK (57) 31.03.2010 | GEIPAN Orange arrow icon Orange arrow icon Orange arrow icon Arrow,
https://www.geipan.fr/fr/cas/2010-03-02546,2010-03-02546,https://www.geipan.fr/fr/cas/2010-03-02546,DOWNLOADED,19088,d9e286a5df3b8db95129275cf23fa56cc4dbdb53e35de66f2f77164c7ad4f6f7,ROSHEIM (67) 04.03.2010 | GEIPAN Orange arrow icon Orange arrow icon Orange arrow icon Arrow,
https://www.geipan.fr/fr/cas/2010-03-02554,2010-03-02554,https://www.geipan.fr/fr/cas/2010-03-02554,DOWNLOADED,18908,138a76e575b383a83ff8e9ce89cdc075b0dffe590b3ee0212c6d1a14fde50146,BERRIAS-ET-CASTELJAU (07) 30.03.2010 | GEIPAN Orange arrow icon Orange arrow icon Orange arrow icon Arrow,
https://www.geipan.fr/fr/cas/2010-03-02558,2010-03-02558,https://www.geipan.fr/fr/cas/2010-03-02558,DOWNLOADED,19537,d728bc1d1cb1083e9ade1314df9aba1c1fb9f02ccf8f9ef2d06eb8b3a61ffc0a,CHECY (45) 15.03.2010 | GEIPAN Orange arrow icon Orange arrow icon Orange arrow icon Arrow,
https://www.geipan.fr/fr/cas/2010-03-02580,2010-03-02580,https://www.geipan.fr/fr/cas/2010-03-02580,DOWNLOADED,19402,43b814fd23d93170ad5319e948afb6536be0db60ff0747d9f928d83327b1ce8c,FORGES (LES) (88) 27.03.2010 | GEIPAN Orange arrow icon Orange arrow icon Orange arrow icon Arrow,
https://www.geipan.fr/fr/cas/2010-04-02551,2010-04-02551,https://www.geipan.fr/fr/cas/2010-04-02551,DOWNLOADED,19231,c6ef528c0fa5fc4ad85b4ad11c993bd75b2ea75692d601f3bfc1bf87b7070bc9,ESCOURCE (40) 14.04.2010 | GEIPAN Orange arrow icon Orange arrow icon Orange arrow icon Arrow,
https://www.geipan.fr/fr/cas/2010-04-02552,2010-04-02552,https://www.geipan.fr/fr/cas/2010-04-02552,DOWNLOADED,19419,3d9735f43fdca6d7290c1f3ac9f656188cfb012db0f7f3bfe97ea51d540d7532,BORDEAUX (33) 05.04.2010 | GEIPAN Orange arrow icon Orange arrow icon Orange arrow icon Arrow,
https://www.geipan.fr/fr/cas/2010-04-02555,2010-04-02555,https://www.geipan.fr/fr/cas/2010-04-02555,DOWNLOADED,18750,32fd4dc51b97993701794b62589ef6df933777a0c2a1d4d6c0b83f9374e51751,ORTAFFA (66) 09.04.2010 | GEIPAN Orange arrow icon Orange arrow icon Orange arrow icon Arrow,
https://www.geipan.fr/fr/cas/2010-04-02556,2010-04-02556,https://www.geipan.fr/fr/cas/2010-04-02556,DOWNLOADED,18993,28f42216420fbb95f169a81f4db4c330e17678f783cb74673bdf085f094e3cbd,NICE (06) 14.04.2010 | GEIPAN Orange arrow icon Orange arrow icon Orange arrow icon Arrow,
https://www.geipan.fr/fr/cas/2010-04-02560,2010-04-02560,https://www.geipan.fr/fr/cas/2010-04-02560,DOWNLOADED,19936,8e14ed6021d0e1f5e12eaac7b85020f0bf5c015a2a5f85d06b9a1f7f643928e5,BOURG-EN-BRESSE (01) 17.04.2010 | GEIPAN Orange arrow icon Orange arrow icon Orange arrow icon Arrow,
https://www.geipan.fr/fr/cas/2010-04-02561,2010-04-02561,https://www.geipan.fr/fr/cas/2010-04-02561,DOWNLOADED,20147,e4814ede0476d78387d9e01d2d684005a13e7ea93be0d94a84516851d1380d1f,"[AERO 2xRYR, RAM, EIN] BORDEAUX (33) 14.04.2010 | GEIPAN Orange arrow icon Orange arrow icon Orange arrow icon Arrow",
https://www.geipan.fr/fr/cas/2010-04-02563,2010-04-02563,https://www.geipan.fr/fr/cas/2010-04-02563,DOWNLOADED,19077,5e6b804e4647d6c8979912bfe2ac094c1a0de1492a5d27c709ff32a55b8575be,ROUFFACH (68) 10.04.2010 | GEIPAN Orange arrow icon Orange arrow icon Orange arrow icon Arrow,
https://www.geipan.fr/fr/cas/2010-04-02566,2010-04-02566,https://www.geipan.fr/fr/cas/2010-04-02566,DOWNLOADED,21295,1299a8d3db2804e1698c8e471bf00791f995fddbf1c72034a6d5af4ce0580fae,OUESSANT (29) 29.04.2010 | GEIPAN Orange arrow icon Orange arrow icon Orange arrow icon Arrow,
https://www.geipan.fr/fr/cas/2010-04-02616,2010-04-02616,https://www.geipan.fr/fr/cas/2010-04-02616,DOWNLOADED,19032,25e25edc1820d04f174a43a9ae16f3a71fe16981cae814fe17a1cadd617a6ac8,SAINT-ALBAN-LEYSSE (73) 24.04.2010 | GEIPAN Orange arrow icon Orange arrow icon Orange arrow icon Arrow,
https://www.geipan.fr/fr/cas/2010-04-02719,2010-04-02719,https://www.geipan.fr/fr/cas/2010-04-02719,DOWNLOADED,19364,051b0d917e0774142588fc960128747b381d5642478a7f1651f82822b007335a,GAREIN (40) 07.04.2010 | GEIPAN Orange arrow icon Orange arrow icon Orange arrow icon Arrow,
https://www.geipan.fr/fr/cas/2010-04-02831,2010-04-02831,https://www.geipan.fr/fr/cas/2010-04-02831,DOWNLOADED,19462,c5187cc60c05679fe9794837a8b9e064d85517b93253026ecac36fba4014affe,MENTON (06) 10.04.2010 | GEIPAN Orange arrow icon Orange arrow icon Orange arrow icon Arrow,
https://www.geipan.fr/fr/cas/2010-05-02562,2010-05-02562,https://www.geipan.fr/fr/cas/2010-05-02562,DOWNLOADED,19192,a94b3e8163581607956cc5d28fda61cdad229017121517dfc227870ce2e4aae2,FAVIERES (54) 02.05.2010 | GEIPAN Orange arrow icon Orange arrow icon Orange arrow icon Arrow,
https://www.geipan.fr/fr/cas/2010-05-02564,2010-05-02564,https://www.geipan.fr/fr/cas/2010-05-02564,DOWNLOADED,19321,c0db92671edae5375d1159025d00799b7e7e6e64afedd164d8be8027b3339482,COURONNE (LA) (16) 06.05.2010 | GEIPAN Orange arrow icon Orange arrow icon Orange arrow icon Arrow,
https://www.geipan.fr/fr/cas/2010-05-02568,2010-05-02568,https://www.geipan.fr/fr/cas/2010-05-02568,DOWNLOADED,20231,df2d4f5493a0906ec20a57284ecbdb4861b601a71655ff0c910c5e6281ae8501,SALLANCHES (74) 01.05.2010 | GEIPAN Orange arrow icon Orange arrow icon Orange arrow icon Arrow,
https://www.geipan.fr/fr/cas/2010-05-02572,2010-05-02572,https://www.geipan.fr/fr/cas/2010-05-02572,DOWNLOADED,20481,aef9dc22d63a7ae5a2a313c2312d73a2c8e51dbd94a12dadaa6be84fbfc47e20,MONCEAUX-SUR-DORDOGNE (19) 22.05.2010 | GEIPAN Orange arrow icon Orange arrow icon Orange arrow icon Arrow,
https://www.geipan.fr/fr/cas/2010-05-02576,2010-05-02576,https://www.geipan.fr/fr/cas/2010-05-02576,DOWNLOADED,18881,9aa01402a4d57d59dd0bb702700daaeb75328e7157042120bf04ace88c2e9da3,MARESCHES (59) 31.05.2010 | GEIPAN Orange arrow icon Orange arrow icon Orange arrow icon Arrow,
https://www.geipan.fr/fr/cas/2010-05-02582,2010-05-02582,https://www.geipan.fr/fr/cas/2010-05-02582,DOWNLOADED,19206,01ae4712d6698c0e9a7fbef1a78572ce3d7ebf7e95876b699071fae76da0680f,PARIS (75) 23.05.2010 | GEIPAN Orange arrow icon Orange arrow icon Orange arrow icon Arrow,
https://www.geipan.fr/fr/cas/2010-05-02583,2010-05-02583,https://www.geipan.fr/fr/cas/2010-05-02583,DOWNLOADED,20363,be9cec9bc8870590c7353a23bcb189b826dec7039cbf34b4d48a1e78c5cf1c2b,BEYNES (78) 24.05.2010 | GEIPAN Orange arrow icon Orange arrow icon Orange arrow icon Arrow,
https://www.geipan.fr/fr/cas/2010-05-02615,2010-05-02615,https://www.geipan.fr/fr/cas/2010-05-02615,DOWNLOADED,19240,96e2c7d82aca240fa4eccf0ece543671ff65f52854c0fb2147b519adbf57a388,AUBERVILLE-LA-RENAULT (76) 23.05.2010 | GEIPAN Orange arrow icon Orange arrow icon Orange arrow icon Arrow,
https://www.geipan.fr/fr/cas/2010-05-02625,2010-05-02625,https://www.geipan.fr/fr/cas/2010-05-02625,DOWNLOADED,19936,d6d12750c058395a929ad88e7faed7146fd32cbe996c495e4e0e4598416a99f5,NANCY (54) 21.05.2010 | GEIPAN Orange arrow icon Orange arrow icon Orange arrow icon Arrow,
https://www.geipan.fr/fr/cas/2010-05-02672,2010-05-02672,https://www.geipan.fr/fr/cas/2010-05-02672,DOWNLOADED,18898,53651d29b822b5df779fa46b3ae499a75dac694e79148df0c80b319b61a899ef,CLAIRVAUX-LES-LACS (39) 17.05.2010 | GEIPAN Orange arrow icon Orange arrow icon Orange arrow icon Arrow,
https://www.geipan.fr/fr/cas/2010-05-50116,2010-05-50116,https://www.geipan.fr/fr/cas/2010-05-50116,DOWNLOADED,21389,5ed002646f2161a565468d7739f1c73dba48ba15b5d57bddf5d3cce1e01c1b67,PORT-SAINTE-MARIE (47) 26.05.2010 | GEIPAN Orange arrow icon Orange arrow icon Orange arrow icon Arrow,
https://www.geipan.fr/fr/cas/2010-06-02577,2010-06-02577,https://www.geipan.fr/fr/cas/2010-06-02577,DOWNLOADED,19373,866ed1315bc9ca05cdfedf4364c68ae2ccd5c66e48586cfe2b47991235493cc6,MONTPELLIER (34) 04.06.2010 | GEIPAN Orange arrow icon Orange arrow icon Orange arrow icon Arrow,
https://www.geipan.fr/fr/cas/2010-06-02578,2010-06-02578,https://www.geipan.fr/fr/cas/2010-06-02578,DOWNLOADED,19740,7593a8d5092dbc134f38a11ea6360966d624f2a11250e69329dc9282ecd7ca31,FONTENAY-SOUS-BOIS (94) 03.06.2010 | GEIPAN Orange arrow icon Orange arrow icon Orange arrow icon Arrow,
https://www.geipan.fr/fr/cas/2010-06-02579,2010-06-02579,https://www.geipan.fr/fr/cas/2010-06-02579,DOWNLOADED,19245,ed0cde2cb2c9287def0420f35b5167c3d9a6927b426aab8d5c9a398f2722f395,TOURNAN-EN-BRIE (77) 05.06.2010 | GEIPAN Orange arrow icon Orange arrow icon Orange arrow icon Arrow,
https://www.geipan.fr/fr/cas/2010-06-02581,2010-06-02581,https://www.geipan.fr/fr/cas/2010-06-02581,DOWNLOADED,19490,0f8695e5a1943162fece2cc7566d26065a4176e7173e7616cb68a9b735297b66,SAINT-JULIEN-EN-GENEVOIS (74) 06.06.2010 | GEIPAN Orange arrow icon Orange arrow icon Orange arrow icon Arrow,
https://www.geipan.fr/fr/cas/2010-06-02584,2010-06-02584,https://www.geipan.fr/fr/cas/2010-06-02584,DOWNLOADED,19942,0fbea5a8463be07a0ec4660da21d4ce65fbacd7f6be421b81b83f7125d063055,TOULOUSE (31) 12.06.2010 | GEIPAN Orange arrow icon Orange arrow icon Orange arrow icon Arrow,
https://www.geipan.fr/fr/cas/2010-06-02586,2010-06-02586,https://www.geipan.fr/fr/cas/2010-06-02586,DOWNLOADED,18792,cd616013c9f6e212819aa8437c8eb4dd4255f5ceab2c4cca736e240d498bbe29,PARIS (75) 05.06.2010 | GEIPAN Orange arrow icon Orange arrow icon Orange arrow icon Arrow,
https://www.geipan.fr/fr/cas/2010-06-02587,2010-06-02587,https://www.geipan.fr/fr/cas/2010-06-02587,DOWNLOADED,19363,59c32a9d5f7a96650b81bf7175f76faeff33c1b78382451c852731ed0e29b665,MONTAT (LE) (46) 06.06.2010 | GEIPAN Orange arrow icon Orange arrow icon Orange arrow icon Arrow,
https://www.geipan.fr/fr/cas/2010-06-02588,2010-06-02588,https://www.geipan.fr/fr/cas/2010-06-02588,DOWNLOADED,19144,2f2d7404187f007174ded8b36d85fe514e7769b68a67f9fb9f905fa1e5aa6fe1,USSAC (19) 25.06.2010 | GEIPAN Orange arrow icon Orange arrow icon Orange arrow icon Arrow,
https://www.geipan.fr/fr/cas/2010-06-02589,2010-06-02589,https://www.geipan.fr/fr/cas/2010-06-02589,DOWNLOADED,18862,3b6bf68d0d784d5c29568e528ef64edfa9d99e36a0a4e00f1604cc468266d1b8,CHAULGNES (58) 25.06.2010 | GEIPAN Orange arrow icon Orange arrow icon Orange arrow icon Arrow,
https://www.geipan.fr/fr/cas/2010-06-02590,2010-06-02590,https://www.geipan.fr/fr/cas/2010-06-02590,DOWNLOADED,19196,35959ecb45e089e7cf18743de0ae9013e28ee5f022acd4522dc76deb49479f6b,CONFLANS-SAINTE-HONORINE (78) 13.06.2010 | GEIPAN Orange arrow icon Orange arrow icon Orange arrow icon Arrow,
https://www.geipan.fr/fr/cas/2010-06-02593,2010-06-02593,https://www.geipan.fr/fr/cas/2010-06-02593,DOWNLOADED,19005,f4e95b4c93bd154bd05df6e360050e9220b54be31198a7a68cec84b98b6630d1,PARIS (75) 26.06.2010 | GEIPAN Orange arrow icon Orange arrow icon Orange arrow icon Arrow,
https://www.geipan.fr/fr/cas/2010-06-02598,2010-06-02598,https://www.geipan.fr/fr/cas/2010-06-02598,DOWNLOADED,19456,d8b382b991edaf4cf3ef71b97ce64f81c12795413ed9dc0897c723c81080cccf,NANTES (44) 07.06.2010 | GEIPAN Orange arrow icon Orange arrow icon Orange arrow icon Arrow,
https://www.geipan.fr/fr/cas/2010-06-02599,2010-06-02599,https://www.geipan.fr/fr/cas/2010-06-02599,DOWNLOADED,19409,549e28af8598757bf0256f16f8f36a4adb8e6b3303143a81122fd1e064118207,MORDELLES (35) 03.06.2010 | GEIPAN Orange arrow icon Orange arrow icon Orange arrow icon Arrow,
https://www.geipan.fr/fr/cas/2010-06-02600,2010-06-02600,https://www.geipan.fr/fr/cas/2010-06-02600,DOWNLOADED,18979,1c650246d525640c8ba10599cb72e6745c4ecad4a58397742018e0e41f8bc5d7,VERGENNE (LA) (70) 02.06.2010 | GEIPAN Orange arrow icon Orange arrow icon Orange arrow icon Arrow,
https://www.geipan.fr/fr/cas/2010-06-02611,2010-06-02611,https://www.geipan.fr/fr/cas/2010-06-02611,DOWNLOADED,18975,d43b86ec9c84a8153ca9e0e8264f7a94bd8d3855661186dc198b08cb16b0ffc7,SAINT-MAUR-DES-FOSSES (94) 30.06.2010 | GEIPAN Orange arrow icon Orange arrow icon Orange arrow icon Arrow,
https://www.geipan.fr/fr/cas/2010-06-02612,2010-06-02612,https://www.geipan.fr/fr/cas/2010-06-02612,DOWNLOADED,18696,c38709a56da9cb2c23a8e589736755f72220ba7e6ef5aff8a257cf8994fc9770,MONTFORT-SUR-MEU (35) 27.06.2010 | GEIPAN Orange arrow icon Orange arrow icon Orange arrow icon Arrow,
https://www.geipan.fr/fr/cas/2010-06-02613,2010-06-02613,https://www.geipan.fr/fr/cas/2010-06-02613,DOWNLOADED,19614,bfb2b909c100559d1fa11b98bd4f46e6b1b9230668650ef69c6d59d308f95990,ISIGNY-LE-BUAT (50) 19.06.2010 | GEIPAN Orange arrow icon Orange arrow icon Orange arrow icon Arrow,
https://www.geipan.fr/fr/cas/2010-06-02614,2010-06-02614,https://www.geipan.fr/fr/cas/2010-06-02614,DOWNLOADED,19121,cdd8d64ce04930fe18eb75a5b63bd73a403078ac889067a98b3561473a475753,CALAIS (62) 12.06.2010 | GEIPAN Orange arrow icon Orange arrow icon Orange arrow icon Arrow,
https://www.geipan.fr/fr/cas/2010-06-02640,2010-06-02640,https://www.geipan.fr/fr/cas/2010-06-02640,DOWNLOADED,19079,18c00dc77ba573c83209d951b65e80081cb6872a63bb4a4fef0f19a2c29f2d8b,SALLANCHES (74) 10.06.2010 | GEIPAN Orange arrow icon Orange arrow icon Orange arrow icon Arrow,
https://www.geipan.fr/fr/cas/2010-06-02643,2010-06-02643,https://www.geipan.fr/fr/cas/2010-06-02643,DOWNLOADED,20274,f02c76289d0b81c4161be1d2b82ba9f5539f16b3727600837fad4964672e1a3a,PLESSIS-GRAMMOIRE (LE) (49) 20.06.2010 | GEIPAN Orange arrow icon Orange arrow icon Orange arrow icon Arrow,
https://www.geipan.fr/fr/cas/2010-06-02658,2010-06-02658,https://www.geipan.fr/fr/cas/2010-06-02658,DOWNLOADED,19109,c82f0d84abb26188a8abb0ba3026e3e483c6eaa0061f37d87ad7d3b5c61d5c89,GROSSETO-PRUGNA (20) 06.06.2010 | GEIPAN Orange arrow icon Orange arrow icon Orange arrow icon Arrow,
https://www.geipan.fr/fr/cas/2010-06-02671,2010-06-02671,https://www.geipan.fr/fr/cas/2010-06-02671,DOWNLOADED,18940,3ffa297563614dd8b80d67f334653ca3a5c4fa9ebf6cca8c0b51dce7a94ff95b,GOURIN (56) 04.06.2010 | GEIPAN Orange arrow icon Orange arrow icon Orange arrow icon Arrow,
https://www.geipan.fr/fr/cas/2010-06-08927,2010-06-08927,https://www.geipan.fr/fr/cas/2010-06-08927,DOWNLOADED,21039,a558a8aa206b281b92d9141a070d5b83175107dc242926a1955fe92bd0db146b,"[AERO AFR] LAT 11.60, LON 144.70 (US.GU) 27.06.2010 | GEIPAN Orange arrow icon Orange arrow icon Orange arrow icon Arrow",
https://www.geipan.fr/fr/cas/2010-07-02592,2010-07-02592,https://www.geipan.fr/fr/cas/2010-07-02592,DOWNLOADED,19236,baee84eb20a77773c7b942b5ba1eed7f6a75af4504562d9d3d1425db3115e75b,CERGY (95) 01.07.2010 | GEIPAN Orange arrow icon Orange arrow icon Orange arrow icon Arrow,
https://www.geipan.fr/fr/cas/2010-07-02594,2010-07-02594,https://www.geipan.fr/fr/cas/2010-07-02594,DOWNLOADED,19219,94209634957bd719da5586b5c107a1616b0c41b0471406833524df0c3fe43422,PETIT-COURONNE (76) 03.07.2010 | GEIPAN Orange arrow icon Orange arrow icon Orange arrow icon Arrow,
https://www.geipan.fr/fr/cas/2010-07-02597,2010-07-02597,https://www.geipan.fr/fr/cas/2010-07-02597,DOWNLOADED,18884,4a7018299a96ec6b78783b0810e33911419fb8365e9529df97c29564002b299d,SAINT-REMY-LA-VARENNE (49) 06.07.2010 | GEIPAN Orange arrow icon Orange arrow icon Orange arrow icon Arrow,
https://www.geipan.fr/fr/cas/2010-07-02601,2010-07-02601,https://www.geipan.fr/fr/cas/2010-07-02601,DOWNLOADED,19409,c7e5c96048abfcf0be41a60f390bf7101c407af4014a77e80aa763024d9ad441,PARTHENAY-DE-BRETAGNE (35) 01.07.2010 | GEIPAN Orange arrow icon Orange arrow icon Orange arrow icon Arrow,
https://www.geipan.fr/fr/cas/2010-07-02602,2010-07-02602,https://www.geipan.fr/fr/cas/2010-07-02602,DOWNLOADED,19043,5d747e54c8b192a0904c733c22ae803171cfee3f62519f9d4f0443daec3202b1,NOIRETABLE (42) 05.07.2010 | GEIPAN Orange arrow icon Orange arrow icon Orange arrow icon Arrow,
https://www.geipan.fr/fr/cas/2010-07-02603,2010-07-02603,https://www.geipan.fr/fr/cas/2010-07-02603,DOWNLOADED,19923,f5841c2063a94855e373091a17664fd1d5f5955ca8f529c093d07ae9185c9fc8,BRION (89) 03.07.2010 | GEIPAN Orange arrow icon Orange arrow icon Orange arrow icon Arrow,
https://www.geipan.fr/fr/cas/2010-07-02605,2010-07-02605,https://www.geipan.fr/fr/cas/2010-07-02605,DOWNLOADED,19864,a626bd11fca25ed5b94e939a20860896d5d4f620e5c51c50d0065aa67f2603bc,FORT-MAHON-PLAGE (80) 04.07.2010 | GEIPAN Orange arrow icon Orange arrow icon Orange arrow icon Arrow,
https://www.geipan.fr/fr/cas/2010-07-02609,2010-07-02609,https://www.geipan.fr/fr/cas/2010-07-02609,DOWNLOADED,19042,606b049b64fe1823a20038ed39b6b591e7da7710b3bf08463bee1488bf809d7e,LABASTIDE-SAINT-SERNIN (31) 25.07.2010 | GEIPAN Orange arrow icon Orange arrow icon Orange arrow icon Arrow,
https://www.geipan.fr/fr/cas/2010-07-02617,2010-07-02617,https://www.geipan.fr/fr/cas/2010-07-02617,DOWNLOADED,19029,f7acbd1575b46042380cc7c10c7c84e9fb5a4d16201fe692a379096a918c8f61,BERTANGLES (80) 11.07.2010 | GEIPAN Orange arrow icon Orange arrow icon Orange arrow icon Arrow,
https://www.geipan.fr/fr/cas/2010-07-02618,2010-07-02618,https://www.geipan.fr/fr/cas/2010-07-02618,DOWNLOADED,19269,2be4ec29c68ecfab0710d253e387c6fda502a4c588c1608ed23d570776a87004,BARBERAZ (73) 08.07.2010 | GEIPAN Orange arrow icon Orange arrow icon Orange arrow icon Arrow,
https://www.geipan.fr/fr/cas/2010-07-02620,2010-07-02620,https://www.geipan.fr/fr/cas/2010-07-02620,DOWNLOADED,18811,28f8da4ed4bd0aceeaac969be5ce4d0560d56ac378b333e8d562a6275ec4ef64,APT (84) 02.07.2010 | GEIPAN Orange arrow icon Orange arrow icon Orange arrow icon Arrow,
https://www.geipan.fr/fr/cas/2010-07-02626,2010-07-02626,https://www.geipan.fr/fr/cas/2010-07-02626,DOWNLOADED,19165,107efa4e19ca7a009c0cee03d4f9724839b7a921d6211ff21e851d0918f04d62,VALLAURIS (06) 30.07.2010 | GEIPAN Orange arrow icon Orange arrow icon Orange arrow icon Arrow,
https://www.geipan.fr/fr/cas/2010-07-02627,2010-07-02627,https://www.geipan.fr/fr/cas/2010-07-02627,DOWNLOADED,20024,5cba0d9234bb97d45db340a7a0ff856f163e28c428e4c1f6492729a8c37ae48b,ALBI (81) 18.07.2010 | GEIPAN Orange arrow icon Orange arrow icon Orange arrow icon Arrow,
https://www.geipan.fr/fr/cas/2010-07-02628,2010-07-02628,https://www.geipan.fr/fr/cas/2010-07-02628,DOWNLOADED,20036,99349104a4add655eb0cd19d1de7815e03f3c9320a59bd16f9d3901171b5db17,AIX-EN-PROVENCE (13) 15.07.2010 | GEIPAN Orange arrow icon Orange arrow icon Orange arrow icon Arrow,
https://www.geipan.fr/fr/cas/2010-07-02629,2010-07-02629,https://www.geipan.fr/fr/cas/2010-07-02629,DOWNLOADED,19213,cf0bc95d83b5cfb09e73d00af08811fb63e00a845a3597f75e9753753702c879,HUTTENHEIM (67) 16.07.2010 | GEIPAN Orange arrow icon Orange arrow icon Orange arrow icon Arrow,
https://www.geipan.fr/fr/cas/2010-07-02634,2010-07-02634,https://www.geipan.fr/fr/cas/2010-07-02634,DOWNLOADED,18995,7ab2e6931f8f748746a373997766d14e5d4693d147982e3246715378d54cd1bd,TREPT (38) 30.07.2010 | GEIPAN Orange arrow icon Orange arrow icon Orange arrow icon Arrow,
https://www.geipan.fr/fr/cas/2010-07-02641,2010-07-02641,https://www.geipan.fr/fr/cas/2010-07-02641,DOWNLOADED,19499,4d1124496faaa71580bdb90d577047ebf5ef1b02479ee186a9c1394a6a1fded8,HERMITES (LES) (37) 17.07.2010 | GEIPAN Orange arrow icon Orange arrow icon Orange arrow icon Arrow,
https://www.geipan.fr/fr/cas/2010-07-02642,2010-07-02642,https://www.geipan.fr/fr/cas/2010-07-02642,DOWNLOADED,19055,73d0d13daf820c19e95c5ac4b22500cb29da2a011076848058a7b477c183e3c2,BOHALLE (LA) (49) 11.07.2010 | GEIPAN Orange arrow icon Orange arrow icon Orange arrow icon Arrow,
https://www.geipan.fr/fr/cas/2010-07-02644,2010-07-02644,https://www.geipan.fr/fr/cas/2010-07-02644,DOWNLOADED,20065,b3d7ecc947aa497749e4d42d4113469e618e94c1ff03d8414be2c30655c40582,SAINT-JEAN-CAP-FERRAT (06) 13.07.2010 | GEIPAN Orange arrow icon Orange arrow icon Orange arrow icon Arrow,
https://www.geipan.fr/fr/cas/2010-07-02655,2010-07-02655,https://www.geipan.fr/fr/cas/2010-07-02655,DOWNLOADED,18904,ac9b3659ba16b857b02ac9e6e3fd7931f262c80dadbef61c28b392af048af5a7,ROSNY-SOUS-BOIS (93) 01.07.2010 | GEIPAN Orange arrow icon Orange arrow icon Orange arrow icon Arrow,
https://www.geipan.fr/fr/cas/2010-07-02680,2010-07-02680,https://www.geipan.fr/fr/cas/2010-07-02680,DOWNLOADED,19389,0b3e61623d36cc17c98281a78f699b35f71e9b0bbc43d4ddd0a34fbdcc8962e8,CANTELEU (76) 18.07.2010 | GEIPAN Orange arrow icon Orange arrow icon Orange arrow icon Arrow,
https://www.geipan.fr/fr/cas/2010-07-02682,2010-07-02682,https://www.geipan.fr/fr/cas/2010-07-02682,DOWNLOADED,18561,dd6131b219e474d01203d56da52a96318b88c026ad63313278b242690e20a360,CAMBOULIT (46) 28.07.2010 | GEIPAN Orange arrow icon Orange arrow icon Orange arrow icon Arrow,
https://www.geipan.fr/fr/cas/2010-07-02813,2010-07-02813,https://www.geipan.fr/fr/cas/2010-07-02813,DOWNLOADED,19889,7d470fda8ecfa83fcc4ee5bf67750c4b50382bde855a4f3d48f3761a59a5649d,SAINT-POL-SUR-TERNOISE (62) 20.07.2010 | GEIPAN Orange arrow icon Orange arrow icon Orange arrow icon Arrow,
https://www.geipan.fr/fr/cas/2010-07-08217,2010-07-08217,https://www.geipan.fr/fr/cas/2010-07-08217,DOWNLOADED,19507,30e8dc2ad003d88b1ed24c0546f0b6479c0adc5ee3256cd866837c53ef62521a,MONTELIMAR (26) 09.07.2010 | GEIPAN Orange arrow icon Orange arrow icon Orange arrow icon Arrow,
https://www.geipan.fr/fr/cas/2010-08-02621,2010-08-02621,https://www.geipan.fr/fr/cas/2010-08-02621,DOWNLOADED,19230,8cf4ccb7a7373bcd3f1190c8229f8a3fbcba4453c4e2cdabc9b6cb3cf27582e0,CIVRAY (86) 19.08.2010 | GEIPAN Orange arrow icon Orange arrow icon Orange arrow icon Arrow,
https://www.geipan.fr/fr/cas/2010-08-02622,2010-08-02622,https://www.geipan.fr/fr/cas/2010-08-02622,DOWNLOADED,18893,72fcab074dff3b3def3d5e1cf563d0ea89669aca9d6330504bab9cebe4e07a9e,SAINT-JEAN-DE-MONTS (85) 05.08.2010 | GEIPAN Orange arrow icon Orange arrow icon Orange arrow icon Arrow,
https://www.geipan.fr/fr/cas/2010-08-02624,2010-08-02624,https://www.geipan.fr/fr/cas/2010-08-02624,DOWNLOADED,18969,50025086943f8f848819ba68a1112d1672d1a309b6f151b738722dbb1be64a80,SAINTE-TERRE (33) 08.08.2010 | GEIPAN Orange arrow icon Orange arrow icon Orange arrow icon Arrow,
https://www.geipan.fr/fr/cas/2010-08-02632,2010-08-02632,https://www.geipan.fr/fr/cas/2010-08-02632,DOWNLOADED,19010,1a77080f3f537546fec912f383ff68fa40f2a3401d81083e6443414828580238,GARENNE-COLOMBES (LA) (92) 21.08.2010 | GEIPAN Orange arrow icon Orange arrow icon Orange arrow icon Arrow,
https://www.geipan.fr/fr/cas/2010-08-02633,2010-08-02633,https://www.geipan.fr/fr/cas/2010-08-02633,DOWNLOADED,20990,4b9595b365b2580295ebefc8d5a2acea36cbfd566befeb316465eacae1ec2b49,PERPIGNAN (66) 13.08.2010 | GEIPAN Orange arrow icon Orange arrow icon Orange arrow icon Arrow,
https://www.geipan.fr/fr/cas/2010-08-02636,2010-08-02636,https://www.geipan.fr/fr/cas/2010-08-02636,DOWNLOADED,18513,628b9fad2c2a6470b3fc6ebea2c3ea769b8fe111aaec81a449314ef0e8860c9f,ANGLET (64) 22.08.2010 | GEIPAN Orange arrow icon Orange arrow icon Orange arrow icon Arrow,
https://www.geipan.fr/fr/cas/2010-08-02637,2010-08-02637,https://www.geipan.fr/fr/cas/2010-08-02637,DOWNLOADED,18930,0f53cfc448448875224d0ff8d8c70c7344f3add4138563d277aecd331c789dfc,AIX-LES-BAINS (73) 31.08.2010 | GEIPAN Orange arrow icon Orange arrow icon Orange arrow icon Arrow,
https://www.geipan.fr/fr/cas/2010-08-02638,2010-08-02638,https://www.geipan.fr/fr/cas/2010-08-02638,DOWNLOADED,19868,73ca4bd8162e400bc6a9975dad07439d13dbc93e0fb86b4af38fd39ca3ff3626,BAILLEVAL (60) 24.08.2010 | GEIPAN Orange arrow icon Orange arrow icon Orange arrow icon Arrow,
https://www.geipan.fr/fr/cas/2010-08-02659,2010-08-02659,https://www.geipan.fr/fr/cas/2010-08-02659,DOWNLOADED,19259,8cbf4c2caeb8dc1f4f3f2199d0d298da887e3a3c9030cc3d39e02419e33965cb,CHAPELLE-SAINT-AUBIN (LA) (72) 28.08.2010 | GEIPAN Orange arrow icon Orange arrow icon Orange arrow icon Arrow,
https://www.geipan.fr/fr/cas/2010-08-02678,2010-08-02678,https://www.geipan.fr/fr/cas/2010-08-02678,DOWNLOADED,18966,eab6bef9c50e001ed3dbad1ed52aaa3883d9e50c9efb8741b13ef940e02f3d88,MOTTIER (38) 26.08.2010 | GEIPAN Orange arrow icon Orange arrow icon Orange arrow icon Arrow,
https://www.geipan.fr/fr/cas/2010-08-02686,2010-08-02686,https://www.geipan.fr/fr/cas/2010-08-02686,DOWNLOADED,19794,dfc65e4666f2890cd068193e37eb7b2775dbf656ace6840385f3528696901d9e,VENDIN-LES-BETHUNE (62) 22.08.2010 | GEIPAN Orange arrow icon Orange arrow icon Orange arrow icon Arrow,
https://www.geipan.fr/fr/cas/2010-08-02691,2010-08-02691,https://www.geipan.fr/fr/cas/2010-08-02691,DOWNLOADED,18695,a7116286fbb73e0be61d0275e7f16a7af38e3c0d19113c74a7b0dc3db03d09de,NEVEZ (29) 19.08.2010 | GEIPAN Orange arrow icon Orange arrow icon Orange arrow icon Arrow,
https://www.geipan.fr/fr/cas/2010-08-02713,2010-08-02713,https://www.geipan.fr/fr/cas/2010-08-02713,DOWNLOADED,19697,7cbb3636408c696380485d1b5579761712d4661ab10768132ea93cb825ca6f06,NOTRE-DAME-DU-PRE (73) 21.08.2010 | GEIPAN Orange arrow icon Orange arrow icon Orange arrow icon Arrow,
https://www.geipan.fr/fr/cas/2010-08-02737,2010-08-02737,https://www.geipan.fr/fr/cas/2010-08-02737,DOWNLOADED,21438,d0cbbc72fa4657cfb355f008d72224e590769156359522f1eb8049c0ed3cb1e8,TENTELING (57) 29.08.2010 | GEIPAN Orange arrow icon Orange arrow icon Orange arrow icon Arrow,
https://www.geipan.fr/fr/cas/2010-08-02748,2010-08-02748,https://www.geipan.fr/fr/cas/2010-08-02748,DOWNLOADED,19315,f3e515cb48618660f6467cbb3ed12ab28b26be1af733f27130abeb5c57f1be05,BRACQUEMONT (76) 29.08.2010 | GEIPAN Orange arrow icon Orange arrow icon Orange arrow icon Arrow,
https://www.geipan.fr/fr/cas/2010-08-02759,2010-08-02759,https://www.geipan.fr/fr/cas/2010-08-02759,DOWNLOADED,19233,9e1726280c3eeacb60ce089549bc5acb62e70fa5572b599075935191c3cad871,VIGNEUX-SUR-SEINE (91) 31.08.2010 | GEIPAN Orange arrow icon Orange arrow icon Orange arrow icon Arrow,
https://www.geipan.fr/fr/cas/2010-09-02645,2010-09-02645,https://www.geipan.fr/fr/cas/2010-09-02645,DOWNLOADED,19462,dc020fc2421b1ed4fe048ece79ed9165be38ce0f7a522a63c0f75573d361f3e7,SAINT-JORIOZ (74) 10.09.2010 | GEIPAN Orange arrow icon Orange arrow icon Orange arrow icon Arrow,
https://www.geipan.fr/fr/cas/2010-09-02646,2010-09-02646,https://www.geipan.fr/fr/cas/2010-09-02646,DOWNLOADED,19678,298963d82037d54cffd3b0a56cd7158cd62b6f3a268f0cc09b0d1963024082a1,SARGE-LES-LE-MANS (72) 24.09.2010 | GEIPAN Orange arrow icon Orange arrow icon Orange arrow icon Arrow,
https://www.geipan.fr/fr/cas/2010-09-02647,2010-09-02647,https://www.geipan.fr/fr/cas/2010-09-02647,DOWNLOADED,20189,0fd111bd26cf79afd00bb8c833d8e84ba70e15bc7075b17719b6611bd292e5a2,ANTIBES (06) 11.09.2010 | GEIPAN Orange arrow icon Orange arrow icon Orange arrow icon Arrow,
https://www.geipan.fr/fr/cas/2010-09-02649,2010-09-02649,https://www.geipan.fr/fr/cas/2010-09-02649,DOWNLOADED,18594,58674f5da79006e94f9898d4468a25ead0d96937224b202621f7eaeb0851ad8d,PRADET (LE) (83) 02.09.2010 | GEIPAN Orange arrow icon Orange arrow icon Orange arrow icon Arrow,
https://www.geipan.fr/fr/cas/2010-09-02650,2010-09-02650,https://www.geipan.fr/fr/cas/2010-09-02650,DOWNLOADED,19861,b676d6311dfb879263a6950479778a2dfabb87f4f081c7fa57103325ff0c7962,EYBENS (38) 10.09.2010 | GEIPAN Orange arrow icon Orange arrow icon Orange arrow icon Arrow,
https://www.geipan.fr/fr/cas/2010-09-02651,2010-09-02651,https://www.geipan.fr/fr/cas/2010-09-02651,DOWNLOADED,18913,256397c986b9570bb0f1073ccf481a8244048a7bc07731baa2db84b580dc4774,COMMERCY (55) 01.09.2010 | GEIPAN Orange arrow icon Orange arrow icon Orange arrow icon Arrow,
https://www.geipan.fr/fr/cas/2010-09-02652,2010-09-02652,https://www.geipan.fr/fr/cas/2010-09-02652,DOWNLOADED,20191,ab45f36f63456258a3674fd476b2c6d20f8ec79e73087a468a4694bed16e49b0,DOLE (39) 19.09.2010 | GEIPAN Orange arrow icon Orange arrow icon Orange arrow icon Arrow,
https://www.geipan.fr/fr/cas/2010-09-02664,2010-09-02664,https://www.geipan.fr/fr/cas/2010-09-02664,DOWNLOADED,19679,7efd4f6949d23aef2fd113b652254ca2b89f88c22a86f2ddd4780a82429d2c54,PARIS (75) 19.09.2010 | GEIPAN Orange arrow icon Orange arrow icon Orange arrow icon Arrow,
https://www.geipan.fr/fr/cas/2010-09-02673,2010-09-02673,https://www.geipan.fr/fr/cas/2010-09-02673,DOWNLOADED,20168,acdfb21f6885cc627f51eef6247edc9bcbbe2232f3c2db94f3ecf44bcbad1529,FONTENAY-EN-PARISIS (95) 05.09.2010 | GEIPAN Orange arrow icon Orange arrow icon Orange arrow icon Arrow,
https://www.geipan.fr/fr/cas/2010-09-02683,2010-09-02683,https://www.geipan.fr/fr/cas/2010-09-02683,DOWNLOADED,19086,aa93553ef15d8888df7522017efb86773dfa93e7b281335f65e134c156cbab68,SAINT-JACQUES-SUR-DARNETAL (76) 10.09.2010 | GEIPAN Orange arrow icon Orange arrow icon Orange arrow icon Arrow,
https://www.geipan.fr/fr/cas/2010-09-02684,2010-09-02684,https://www.geipan.fr/fr/cas/2010-09-02684,DOWNLOADED,19355,93e3bd399eafdcbb44835d21a79257e3cd6c713a8ef63fcb2825f5377a11a835,FREJUS (83) 25.09.2010 | GEIPAN Orange arrow icon Orange arrow icon Orange arrow icon Arrow,
https://www.geipan.fr/fr/cas/2010-09-02697,2010-09-02697,https://www.geipan.fr/fr/cas/2010-09-02697,DOWNLOADED,19354,aadcc6efac4d7b09425132a60999a926e5db502568233eb2e718be9d8f1e34f8,VAILLY-SUR-SAULDRE (18) 10.09.2010 | GEIPAN Orange arrow icon Orange arrow icon Orange arrow icon Arrow,
https://www.geipan.fr/fr/cas/2010-10-02663,2010-10-02663,https://www.geipan.fr/fr/cas/2010-10-02663,DOWNLOADED,24680,89a6cc0e90c50b30eea38da8f520c5f6453f1b5fa8cb7562e2961d01f2ea3d85,GOLFECH (82) 06.10.2010 | GEIPAN Orange arrow icon Orange arrow icon Orange arrow icon Arrow,
https://www.geipan.fr/fr/cas/2010-10-08345,2010-10-08345,https://www.geipan.fr/fr/cas/2010-10-08345,DOWNLOADED,19979,d435f75ae49fbc24ce89d24c37aa17208b4d44cd0ad371f8a2de609809e20622,ANGOULEME (16) 09.10.2010 | GEIPAN Orange arrow icon Orange arrow icon Orange arrow icon Arrow,
https://www.geipan.fr/fr/cas/2010-10-50728,2010-10-50728,https://www.geipan.fr/fr/cas/2010-10-50728,DOWNLOADED,20891,fab8cbdace1d4a3b2f72a2c09fdcb780991d84c259738efb3d4c6735ee8f2e84,BERCK (62) 07.10.2010 | GEIPAN Orange arrow icon Orange arrow icon Orange arrow icon Arrow,
https://www.geipan.fr/fr/cas/2010-11-02681,2010-11-02681,https://www.geipan.fr/fr/cas/2010-11-02681,DOWNLOADED,19653,89b77cd47758d311ac039746bcd3e5187de9813cb2c3ab20ef0bbeccb3c748ec,ESSEY-LES-NANCY (54) 16.11.2010 | GEIPAN Orange arrow icon Orange arrow icon Orange arrow icon Arrow,
https://www.geipan.fr/fr/cas/2010-11-02688,2010-11-02688,https://www.geipan.fr/fr/cas/2010-11-02688,DOWNLOADED,19386,f1b7ed3873842d30514386a89e7bdcf201fadf3cdad6eae283a3a19e9e681dd6,[A26] de MAILLY-LE-CAMP (10) vers TROYES (10) 01.11.2010 | GEIPAN Orange arrow icon Orange arrow icon Orange arrow icon Arrow,
https://www.geipan.fr/fr/cas/2010-11-02693,2010-11-02693,https://www.geipan.fr/fr/cas/2010-11-02693,DOWNLOADED,19732,a057cccba573b960d09ba0a7e4a86b4f54bc7b541a605711b6b4a2aef22232f5,HEROUVILLE-SAINT-CLAIR (14) 10.11.2010 | GEIPAN Orange arrow icon Orange arrow icon Orange arrow icon Arrow,
https://www.geipan.fr/fr/cas/2010-11-02702,2010-11-02702,https://www.geipan.fr/fr/cas/2010-11-02702,DOWNLOADED,20775,340abf226dc1c6878656b4fcd6764ad8fdb298f9a7e7dc570dbd4ab903707db3,MANS (LE) (72) 21.11.2010 | GEIPAN Orange arrow icon Orange arrow icon Orange arrow icon Arrow,
https://www.geipan.fr/fr/cas/2010-11-02704,2010-11-02704,https://www.geipan.fr/fr/cas/2010-11-02704,DOWNLOADED,19915,2e3ac98c5a6628ea7e29ea361097f6eff7950222d9eaac67d3f1a2af8379eb60,SAINT-THIBERY (34) 17.11.2010 | GEIPAN Orange arrow icon Orange arrow icon Orange arrow icon Arrow,
https://www.geipan.fr/fr/cas/2010-11-02718,2010-11-02718,https://www.geipan.fr/fr/cas/2010-11-02718,DOWNLOADED,19144,c13a10b8152f7bfc56a93faa17689da50c58ff180b833a92a6edda0f609b6cf7,MENTON (06) 14.11.2010 | GEIPAN Orange arrow icon Orange arrow icon Orange arrow icon Arrow,
https://www.geipan.fr/fr/cas/2010-11-02735,2010-11-02735,https://www.geipan.fr/fr/cas/2010-11-02735,DOWNLOADED,20646,d26b0a3a7a222138483afc2c49f9f3f678e4642091ce981be5de4d7da362b77b,CHATEAU-THEBAUD (44) --.11.2010 | GEIPAN Orange arrow icon Orange arrow icon Orange arrow icon Arrow,
https://www.geipan.fr/fr/cas/2010-11-02743,2010-11-02743,https://www.geipan.fr/fr/cas/2010-11-02743,DOWNLOADED,19373,1f7d4aafbbd1ced9750adb6e384922a7484b1506776e1b88d367ddcd55e2e649,MIRANDE (32) 26.11.2010 | GEIPAN Orange arrow icon Orange arrow icon Orange arrow icon Arrow,
https://www.geipan.fr/fr/cas/2010-12-02687,2010-12-02687,https://www.geipan.fr/fr/cas/2010-12-02687,DOWNLOADED,18745,dfee51b0b251c80346c3777af5defce065291cf29a5c50722c7bc8a97f81884f,PARIS (75) 05.12.2010 | GEIPAN Orange arrow icon Orange arrow icon Orange arrow icon Arrow,
https://www.geipan.fr/fr/cas/2010-12-02694,2010-12-02694,https://www.geipan.fr/fr/cas/2010-12-02694,DOWNLOADED,20851,62472ce7b6561742456ba01ea86ac9e57ba9d5c0f614d753d4d9739ede23e6c7,GENESTON (44) 27.12.2010 | GEIPAN Orange arrow icon Orange arrow icon Orange arrow icon Arrow,
https://www.geipan.fr/fr/cas/2010-12-02695,2010-12-02695,https://www.geipan.fr/fr/cas/2010-12-02695,DOWNLOADED,20255,55e33f060cf5e8920eac4bda6d44c6875252764980ad377f50eb07923ea1ddc7,SENNEVILLE-SUR-FECAMP (76) 30.12.2010 | GEIPAN Orange arrow icon Orange arrow icon Orange arrow icon Arrow,
https://www.geipan.fr/fr/cas/2010-12-02701,2010-12-02701,https://www.geipan.fr/fr/cas/2010-12-02701,DOWNLOADED,19659,4cf0e8442a65d3fcaa37117b7d9776431749bfee8baa39ffcc49c6d84ecb1ddc,(DPT) HAUT-RHIN (68) 03.12.2010 | GEIPAN Orange arrow icon Orange arrow icon Orange arrow icon Arrow,
https://www.geipan.fr/fr/cas/2010-12-02703,2010-12-02703,https://www.geipan.fr/fr/cas/2010-12-02703,DOWNLOADED,18840,cc5cbafcdba18b14be0503c7c605db70f749e005a67de563d18f36f298db341e,PIERREVERT (04) 31.12.2010 | GEIPAN Orange arrow icon Orange arrow icon Orange arrow icon Arrow,
https://www.geipan.fr/fr/cas/2011-01-02700,2011-01-02700,https://www.geipan.fr/fr/cas/2011-01-02700,DOWNLOADED,20010,8c69958d8c3b1ff8b24603b90483449f7fc6f1a5e328f71103efdb72e0a9c8d6,SEDAN (08) 09.01.2011 | GEIPAN Orange arrow icon Orange arrow icon Orange arrow icon Arrow,
https://www.geipan.fr/fr/cas/2011-01-02711,2011-01-02711,https://www.geipan.fr/fr/cas/2011-01-02711,DOWNLOADED,20487,e99a8909ec95097f628f15902384275711f32603380d3e0385eb54f4b8f8c5bf,FOA (LA) (988) 09.01.2011 | GEIPAN Orange arrow icon Orange arrow icon Orange arrow icon Arrow,
https://www.geipan.fr/fr/cas/2011-01-02751,2011-01-02751,https://www.geipan.fr/fr/cas/2011-01-02751,DOWNLOADED,19474,b58bc4dc00b4a7711afd442135123b173d0cec12c30ff621601ea35a209d2d23,MARCORIGNAN (11) 27.01.2011 | GEIPAN Orange arrow icon Orange arrow icon Orange arrow icon Arrow,
https://www.geipan.fr/fr/cas/2011-02-02712,2011-02-02712,https://www.geipan.fr/fr/cas/2011-02-02712,DOWNLOADED,19376,45816785410d51aef33725ff33c5fe0bec31b5a9f7875df81d8359585d45886f,HYERES (83) 02.02.2011 | GEIPAN Orange arrow icon Orange arrow icon Orange arrow icon Arrow,
https://www.geipan.fr/fr/cas/2011-02-02715,2011-02-02715,https://www.geipan.fr/fr/cas/2011-02-02715,DOWNLOADED,18891,1a14a21247e4403b36dc58e880f0388c7680de564319ed8b74b33dfe820118b3,NIEUL-SUR-L'AUTISE (85) 26.02.2011 | GEIPAN Orange arrow icon Orange arrow icon Orange arrow icon Arrow,
https://www.geipan.fr/fr/cas/2011-02-02716,2011-02-02716,https://www.geipan.fr/fr/cas/2011-02-02716,DOWNLOADED,19349,507d6466bcb5de27174bff74d8b17d6fdd8f925432d81064f9ad6bdc00c40b73,LOUVECIENNES (78) 26.02.2011 | GEIPAN Orange arrow icon Orange arrow icon Orange arrow icon Arrow,
https://www.geipan.fr/fr/cas/2011-02-02723,2011-02-02723,https://www.geipan.fr/fr/cas/2011-02-02723,DOWNLOADED,20288,d7a6eba15078c08fbe86c3a73d188392b8400f2a9d91ef0dcaa87a7559472db9,PERPIGNAN (66) 03.02.2011 | GEIPAN Orange arrow icon Orange arrow icon Orange arrow icon Arrow,
https://www.geipan.fr/fr/cas/2011-02-02725,2011-02-02725,https://www.geipan.fr/fr/cas/2011-02-02725,DOWNLOADED,18936,96e1620a027d9934ad707bca297f7da38ea1de7779981185bacb3df8f66cfbe8,[N13] de EVREUX (27) vers PARIS (75) 20.02.2011 | GEIPAN Orange arrow icon Orange arrow icon Orange arrow icon Arrow,
https://www.geipan.fr/fr/cas/2011-02-02731,2011-02-02731,https://www.geipan.fr/fr/cas/2011-02-02731,DOWNLOADED,18710,c00d4bf9c70ef08efad03f3ba16749a1b039fbbb79a4190c80e822cc9a5488c5,FORCALQUIER (04) 26.02.2011 | GEIPAN Orange arrow icon Orange arrow icon Orange arrow icon Arrow,
https://www.geipan.fr/fr/cas/2011-02-02732,2011-02-02732,https://www.geipan.fr/fr/cas/2011-02-02732,DOWNLOADED,19879,fb4a0a3c440c416cb489c19e45ab8c3c2481d23a967c89e862a79c4fe758a5ff,[A62] de AGEN (47) vers BORDEAUX (33) 15.02.2011 | GEIPAN Orange arrow icon Orange arrow icon Orange arrow icon Arrow,
https://www.geipan.fr/fr/cas/2011-02-08558,2011-02-08558,https://www.geipan.fr/fr/cas/2011-02-08558,DOWNLOADED,20886,e7d12ee6f34d893f5ecfa252fe752b59fcdfd258aa65b619c12c7e34b7c6cb37,"RENTREE ATMOSPHERIQUE (91,93) 18.02.2011 | GEIPAN Orange arrow icon Orange arrow icon Orange arrow icon Arrow",
https://www.geipan.fr/fr/cas/2011-02-08605,2011-02-08605,https://www.geipan.fr/fr/cas/2011-02-08605,DOWNLOADED,20115,8d0c434a3092165c721943b4c7b60e3afbef655f7e3c26526338d0cff35f921c,[D940] DE LAMARQUE-PONTACQ (65) VERS LOURDES (65) 13.02.2011 | GEIPAN Orange arrow icon Orange arrow icon Orange arrow icon Arrow,
https://www.geipan.fr/fr/cas/2011-03-02724,2011-03-02724,https://www.geipan.fr/fr/cas/2011-03-02724,DOWNLOADED,20026,ab199a08ae4eb877c61df4bdcd3f7d4413bfba259e37d7445ac04d9f248d14ca,[AERO LOC] VERNOUILLET (28) 20.03.2011 | GEIPAN Orange arrow icon Orange arrow icon Orange arrow icon Arrow,
https://www.geipan.fr/fr/cas/2011-03-02726,2011-03-02726,https://www.geipan.fr/fr/cas/2011-03-02726,DOWNLOADED,18704,13556c57ab7be7a7601410615a568726ec50add3b011836c6a188c833a92aad6,MEYRIGNAC-L'EGLISE (19) 23.03.2011 | GEIPAN Orange arrow icon Orange arrow icon Orange arrow icon Arrow,
https://www.geipan.fr/fr/cas/2011-03-02727,2011-03-02727,https://www.geipan.fr/fr/cas/2011-03-02727,DOWNLOADED,19684,361f115db2d1b57eb43d38e86f3d5240ae5c91bfa0be2f46e217ccccb9a4513e,VERFEIL (31) 23.03.2011 | GEIPAN Orange arrow icon Orange arrow icon Orange arrow icon Arrow,
https://www.geipan.fr/fr/cas/2011-03-02728,2011-03-02728,https://www.geipan.fr/fr/cas/2011-03-02728,DOWNLOADED,18568,b852edbf38462864f0653e8ca4b438efdfbb158e35a0ecb71c1cee2d13c31a28,LIEUSAINT (77) 21.03.2011 | GEIPAN Orange arrow icon Orange arrow icon Orange arrow icon Arrow,
https://www.geipan.fr/fr/cas/2011-03-02729,2011-03-02729,https://www.geipan.fr/fr/cas/2011-03-02729,DOWNLOADED,19900,0a3b335a917acb0a028c8d23c35dfbd2b6f14f1dd1d014e61f0c2d6d08dcef84,CHATILLON SUR INDRE (36) 06.03.2011 | GEIPAN Orange arrow icon Orange arrow icon Orange arrow icon Arrow,
https://www.geipan.fr/fr/cas/2011-03-02747,2011-03-02747,https://www.geipan.fr/fr/cas/2011-03-02747,DOWNLOADED,20491,26ebd9f1794ca790e8926801e0910d8955c02f9119d84fcfde1dcff11ccee619,LAVELANET (09) 11.03.2011 | GEIPAN Orange arrow icon Orange arrow icon Orange arrow icon Arrow,
https://www.geipan.fr/fr/cas/2011-03-02752,2011-03-02752,https://www.geipan.fr/fr/cas/2011-03-02752,DOWNLOADED,19187,6fff53b8a269946cc2bafa2492e7a10a1d654ae80941c0fdaca654b403e6f663,VILLAINES-LES-ROCHERS (37) 20.03.2011 | GEIPAN Orange arrow icon Orange arrow icon Orange arrow icon Arrow,
https://www.geipan.fr/fr/cas/2011-03-08210,2011-03-08210,https://www.geipan.fr/fr/cas/2011-03-08210,DOWNLOADED,19345,ddf315412de6e4e05615ce6fb3fb6129670e9646ae41afb972e0574abd98730e,CHARDOGNE (55) 20.03.2011 | GEIPAN Orange arrow icon Orange arrow icon Orange arrow icon Arrow,
https://www.geipan.fr/fr/cas/2011-04-02734,2011-04-02734,https://www.geipan.fr/fr/cas/2011-04-02734,DOWNLOADED,19397,23fe384541567b01948d2aa05cad98fc72a8d3a0892e2259f3cc45c8009b5c7d,BESANCON (25) 02.04.2011 | GEIPAN Orange arrow icon Orange arrow icon Orange arrow icon Arrow,
https://www.geipan.fr/fr/cas/2011-04-02736,2011-04-02736,https://www.geipan.fr/fr/cas/2011-04-02736,DOWNLOADED,18947,75808e6488c4e75f27a4e0ca1bfb6f367bf87a9b95c0755e184c858db48cb4a1,FRANCONVILLE (95) 08.04.2011 | GEIPAN Orange arrow icon Orange arrow icon Orange arrow icon Arrow,
https://www.geipan.fr/fr/cas/2011-04-02742,2011-04-02742,https://www.geipan.fr/fr/cas/2011-04-02742,DOWNLOADED,19390,5da179f9ea415f41462e4b028df2e936c97af3bb3bf504b458f41f1154488671,GIF-SUR-YVETTE (91) 09.04.2011 | GEIPAN Orange arrow icon Orange arrow icon Orange arrow icon Arrow,
https://www.geipan.fr/fr/cas/2011-04-02746,2011-04-02746,https://www.geipan.fr/fr/cas/2011-04-02746,DOWNLOADED,18669,d7eaa540ab3b462bbbb8305f3bc4c3aa9ce653cfd8abce0c7a10f16a70af343a,RICHEBOURG (62) 17.04.2011 | GEIPAN Orange arrow icon Orange arrow icon Orange arrow icon Arrow,
https://www.geipan.fr/fr/cas/2011-04-02749,2011-04-02749,https://www.geipan.fr/fr/cas/2011-04-02749,DOWNLOADED,18946,b0edc530a581194022020cd5a49735ef0b662f2b39cafaf44f83cdb083c50d9a,LOURDES (65) 29.04.2011 | GEIPAN Orange arrow icon Orange arrow icon Orange arrow icon Arrow,
https://www.geipan.fr/fr/cas/2011-04-02753,2011-04-02753,https://www.geipan.fr/fr/cas/2011-04-02753,DOWNLOADED,19399,02152165e97209fd718b53c49f4a16fcd621d181bbe2fd96846ecc3f7e3793f5,COUDEKERQUE (59) 21.04.2011 | GEIPAN Orange arrow icon Orange arrow icon Orange arrow icon Arrow,
https://www.geipan.fr/fr/cas/2011-04-02754,2011-04-02754,https://www.geipan.fr/fr/cas/2011-04-02754,DOWNLOADED,19268,4b8d401ff9d67e761f98033a63685b8187d2f0ed2169f930d5d60895f2fa26dc,PARIS (75) 07.04.2011 | GEIPAN Orange arrow icon Orange arrow icon Orange arrow icon Arrow,
https://www.geipan.fr/fr/cas/2011-04-02767,2011-04-02767,https://www.geipan.fr/fr/cas/2011-04-02767,DOWNLOADED,19599,1579b27a8ebc57388b1f3b011f53f398603b603e7035d6f04c11c43d90d5242a,ROCHEJEAN (25) 19.04.2011 | GEIPAN Orange arrow icon Orange arrow icon Orange arrow icon Arrow,
https://www.geipan.fr/fr/cas/2011-04-02769,2011-04-02769,https://www.geipan.fr/fr/cas/2011-04-02769,DOWNLOADED,19419,e95900334a7e1b23f0171685165eef4b1a5a132a9314ea62d4078055313df53b,[D50] de COTIGNAC (83) vers ENTRECASTEAUX (83) 05.04.2011 | GEIPAN Orange arrow icon Orange arrow icon Orange arrow icon Arrow,
https://www.geipan.fr/fr/cas/2011-04-02778,2011-04-02778,https://www.geipan.fr/fr/cas/2011-04-02778,DOWNLOADED,18884,317bd48b5ad00532f5b6d06b84af60469871f255593befafa98e2e97d1898540,LEDRINGHEM (59) 17.04.2011 | GEIPAN Orange arrow icon Orange arrow icon Orange arrow icon Arrow,
https://www.geipan.fr/fr/cas/2011-04-02796,2011-04-02796,https://www.geipan.fr/fr/cas/2011-04-02796,DOWNLOADED,19241,13abe86504356b6574cad29aef138f214beca1316d3e7714b09f3e449dbcb376,SAINT-PIERRE-QUIBERON (56) 17.04.2011 | GEIPAN Orange arrow icon Orange arrow icon Orange arrow icon Arrow,
https://www.geipan.fr/fr/cas/2011-04-02849,2011-04-02849,https://www.geipan.fr/fr/cas/2011-04-02849,DOWNLOADED,19529,4016bd797e3a280e15bb392b149466be094a32019df82d96d3fed03cbbba06c7,[N537] DE TREILLIERES (44) VERS NANTES (44) 16.04.2011 | GEIPAN Orange arrow icon Orange arrow icon Orange arrow icon Arrow,
https://www.geipan.fr/fr/cas/2011-04-08165,2011-04-08165,https://www.geipan.fr/fr/cas/2011-04-08165,DOWNLOADED,19250,7e558ac74489688e2b52c3cbf4d1a8cba67ad5e10acfe27af97ea711dc95683c,TOULOUSE (31) 24.04.2011 | GEIPAN Orange arrow icon Orange arrow icon Orange arrow icon Arrow,
https://www.geipan.fr/fr/cas/2011-04-08166,2011-04-08166,https://www.geipan.fr/fr/cas/2011-04-08166,DOWNLOADED,18749,f0dc78501f8cd8f4818b2a7168b0fd6f4aab51ae685fffae211f2995da066bac,REIMS (51) 14.04.2011 | GEIPAN Orange arrow icon Orange arrow icon Orange arrow icon Arrow,
https://www.geipan.fr/fr/cas/2011-04-08244,2011-04-08244,https://www.geipan.fr/fr/cas/2011-04-08244,DOWNLOADED,19835,5b817297fc45c7daafed11a5522c5c9a7f3f45b0dd88c7f8ae3dcf41d74476c8,CHOMERAC (07) 08.04.2011 | GEIPAN Orange arrow icon Orange arrow icon Orange arrow icon Arrow,
https://www.geipan.fr/fr/cas/2011-05-02756,2011-05-02756,https://www.geipan.fr/fr/cas/2011-05-02756,DOWNLOADED,19805,89f06de7c72ff8c78e7a77ad82ec91c6bcd4dd7f53fc63749bdf10a950f6e96c,PARIS (75) 13.05.2011 | GEIPAN Orange arrow icon Orange arrow icon Orange arrow icon Arrow,
https://www.geipan.fr/fr/cas/2011-05-02758,2011-05-02758,https://www.geipan.fr/fr/cas/2011-05-02758,DOWNLOADED,19437,62871117dd7f3fd41e55f37d46410bd00c18081b320e267d5bbee4466acee1ff,MONTMERLE-SUR-SAONE (01) 13.05.2011 | GEIPAN Orange arrow icon Orange arrow icon Orange arrow icon Arrow,
https://www.geipan.fr/fr/cas/2011-05-02760,2011-05-02760,https://www.geipan.fr/fr/cas/2011-05-02760,DOWNLOADED,19361,1c3e5b8f0ca2a445188161c3688315c509e9855caffd75ab0c67b30b70bd70e2,LILLE (59) 21.05.2011 | GEIPAN Orange arrow icon Orange arrow icon Orange arrow icon Arrow,
https://www.geipan.fr/fr/cas/2011-05-02765,2011-05-02765,https://www.geipan.fr/fr/cas/2011-05-02765,DOWNLOADED,19329,50c4d42d2aefbfe116d3065b679860c09928325432fa9e511c575843216fde88,NICE (06) 29.05.2011 | GEIPAN Orange arrow icon Orange arrow icon Orange arrow icon Arrow,
https://www.geipan.fr/fr/cas/2011-05-02766,2011-05-02766,https://www.geipan.fr/fr/cas/2011-05-02766,DOWNLOADED,19739,5f519e3c3a1eaed5890e63da1e5f67656804aec8af8d08e7f82bfb04b454bf18,NEUVILLE-AUX-BOIS (45) 25.05.2011 | GEIPAN Orange arrow icon Orange arrow icon Orange arrow icon Arrow,
https://www.geipan.fr/fr/cas/2011-05-02783,2011-05-02783,https://www.geipan.fr/fr/cas/2011-05-02783,DOWNLOADED,19088,35b9bfca83a7dc4f25fae0a23baa2a980149f866f3d6ee58dd0dcaf492cd0a3e,TOULOUSE (31) 24.05.2011 | GEIPAN Orange arrow icon Orange arrow icon Orange arrow icon Arrow,
https://www.geipan.fr/fr/cas/2011-05-02785,2011-05-02785,https://www.geipan.fr/fr/cas/2011-05-02785,DOWNLOADED,19693,b3378fbfe6bb97ce7bf53b89f8dda9d394842b6e7defa37f8647312fc8784ce2,[AERO EZY] de GATWICK (GB.WSX) vers NICE (06) 21.05.2011 | GEIPAN Orange arrow icon Orange arrow icon Orange arrow icon Arrow,
https://www.geipan.fr/fr/cas/2011-06-02771,2011-06-02771,https://www.geipan.fr/fr/cas/2011-06-02771,DOWNLOADED,19888,7657c261e252b61975a6767368db4ea8d4440c7d4600bbdd58e0db898d83ef32,ANNECY-LE-VIEUX (74) 13.06.2011 | GEIPAN Orange arrow icon Orange arrow icon Orange arrow icon Arrow,
https://www.geipan.fr/fr/cas/2011-06-02772,2011-06-02772,https://www.geipan.fr/fr/cas/2011-06-02772,DOWNLOADED,20324,a1dce57f7f9721b68a4c196b9f182c7bc5f67644873de92fc4124ff8a605d1bb,[D912] de AGDE (34) vers BEZIERS (34) 13.06.2011 | GEIPAN Orange arrow icon Orange arrow icon Orange arrow icon Arrow,
https://www.geipan.fr/fr/cas/2011-06-02773,2011-06-02773,https://www.geipan.fr/fr/cas/2011-06-02773,DOWNLOADED,18974,7850047116ee16fcbf7f273a62416db5e642fe29dbe808b068bd5fda9a760954,PUNAAIUA (987) 12.06.2011 | GEIPAN Orange arrow icon Orange arrow icon Orange arrow icon Arrow,
https://www.geipan.fr/fr/cas/2011-06-02775,2011-06-02775,https://www.geipan.fr/fr/cas/2011-06-02775,DOWNLOADED,18897,879618622a8e065d7fbaf633998ee2a50b89be870597efe2f02380cd625beee4,LAURET (34) 15.06.2011 | GEIPAN Orange arrow icon Orange arrow icon Orange arrow icon Arrow,
https://www.geipan.fr/fr/cas/2011-06-02776,2011-06-02776,https://www.geipan.fr/fr/cas/2011-06-02776,DOWNLOADED,19595,93a62946e7b9c1f8063ac3d4aba1ebdccb5b64e205f31d05088c380b5164500f,FOURG (25) 14.06.2011 | GEIPAN Orange arrow icon Orange arrow icon Orange arrow icon Arrow,
https://www.geipan.fr/fr/cas/2011-06-02777,2011-06-02777,https://www.geipan.fr/fr/cas/2011-06-02777,DOWNLOADED,19791,0db918288fc3cf65f6ae2b99d2ba588fc62d3da16072233ad2b100c2c71ee7b8,BAGNOLET (93) 10.05.2011 | GEIPAN Orange arrow icon Orange arrow icon Orange arrow icon Arrow,
https://www.geipan.fr/fr/cas/2011-06-02779,2011-06-02779,https://www.geipan.fr/fr/cas/2011-06-02779,DOWNLOADED,19719,70137447774f946248855118ed817e41e2488f48759d97c379fe94c365c1fd69,PEYNIER (13) 14.06.2011 | GEIPAN Orange arrow icon Orange arrow icon Orange arrow icon Arrow,
https://www.geipan.fr/fr/cas/2011-06-02780,2011-06-02780,https://www.geipan.fr/fr/cas/2011-06-02780,DOWNLOADED,20369,f9c9220b0baa4f3ad1d157c51b4b0cf34190052a0d253e4b08ae80bbb2f81afb,CHOZEAU (38) 15.06.2011 | GEIPAN Orange arrow icon Orange arrow icon Orange arrow icon Arrow,
https://www.geipan.fr/fr/cas/2011-06-02781,2011-06-02781,https://www.geipan.fr/fr/cas/2011-06-02781,DOWNLOADED,18946,1595e9a8120da78bf94c5e595a1b0ff41e51be96635dceed4224e0f4ccf9fbe4,CAPELLE-ET-MASMOLENE (LA) (30) 26.06.2011 | GEIPAN Orange arrow icon Orange arrow icon Orange arrow icon Arrow,
https://www.geipan.fr/fr/cas/2011-06-02782,2011-06-02782,https://www.geipan.fr/fr/cas/2011-06-02782,DOWNLOADED,20354,8074c0c9c9958a6bd933a379a5aed2d4e62cdf33f2036e359b3f3d2db608affe,SAINT-ANDRE-DE-DOUBLE (24) 26.06.2011 | GEIPAN Orange arrow icon Orange arrow icon Orange arrow icon Arrow,
https://www.geipan.fr/fr/cas/2011-06-02784,2011-06-02784,https://www.geipan.fr/fr/cas/2011-06-02784,DOWNLOADED,18960,3f002c1e34378e9bd3c2cb2b0d0819ef6ca4fcf1adb90c5a083b2192a28fe699,MEZENS (81) 20.06.2011 | GEIPAN Orange arrow icon Orange arrow icon Orange arrow icon Arrow,
https://www.geipan.fr/fr/cas/2011-06-02786,2011-06-02786,https://www.geipan.fr/fr/cas/2011-06-02786,DOWNLOADED,18969,5e91cdaa623ce857117cf791046345b6d4e6b5972190471c12ea283b8465b8fa,VENIZEL (02) 30.06.2011 | GEIPAN Orange arrow icon Orange arrow icon Orange arrow icon Arrow,
https://www.geipan.fr/fr/cas/2011-06-02787,2011-06-02787,https://www.geipan.fr/fr/cas/2011-06-02787,DOWNLOADED,19007,47d937d52f04eb64f5541b7a32be265fc75de471d552cf0d5d3ed3dbdef72f2d,MAISONS-ALFORT (94) 27.06.2011 | GEIPAN Orange arrow icon Orange arrow icon Orange arrow icon Arrow,
https://www.geipan.fr/fr/cas/2011-06-02790,2011-06-02790,https://www.geipan.fr/fr/cas/2011-06-02790,DOWNLOADED,20029,610ec17c9c705b33b269c30502a6ce7c0a3ba3c60733aad526ed52209e2b6d47,GOURBIT (09) 28.06.2011 | GEIPAN Orange arrow icon Orange arrow icon Orange arrow icon Arrow,
https://www.geipan.fr/fr/cas/2011-06-02798,2011-06-02798,https://www.geipan.fr/fr/cas/2011-06-02798,DOWNLOADED,18821,23d37d7c03411095f052fba19ec54d8070ac67049da39a633f6247e98aa69671,ALBAS (11) 02.06.2011 | GEIPAN Orange arrow icon Orange arrow icon Orange arrow icon Arrow,
https://www.geipan.fr/fr/cas/2011-06-02801,2011-06-02801,https://www.geipan.fr/fr/cas/2011-06-02801,DOWNLOADED,19433,aaada762c2c7333bcaf36e3b92e02bf5774426c72ca1a34378d5b44a99693c5f,AIGLEMONT (08) 15.06.2011 | GEIPAN Orange arrow icon Orange arrow icon Orange arrow icon Arrow,
https://www.geipan.fr/fr/cas/2011-06-02806,2011-06-02806,https://www.geipan.fr/fr/cas/2011-06-02806,DOWNLOADED,19176,f4007ca514218dec6462a0073757ca52d403212ece66de0cd9aceb3abe5c7974,VALENCIENNES (59) 24.06.2011 | GEIPAN Orange arrow icon Orange arrow icon Orange arrow icon Arrow,
https://www.geipan.fr/fr/cas/2011-06-02816,2011-06-02816,https://www.geipan.fr/fr/cas/2011-06-02816,DOWNLOADED,19339,08f76fd0a4b7f8fb04c96259c4b6eefb8cafb71f31593e77100e9615ac292ef8,WIWERSHEIM (67) 12.06.2011 | GEIPAN Orange arrow icon Orange arrow icon Orange arrow icon Arrow,
https://www.geipan.fr/fr/cas/2011-06-02851,2011-06-02851,https://www.geipan.fr/fr/cas/2011-06-02851,DOWNLOADED,19219,d78072f5567a0762eb9ec7930fa26a065c21d434bab8de6f5de856013ef264f0,PLAISIR (78) 26.06.2011 | GEIPAN Orange arrow icon Orange arrow icon Orange arrow icon Arrow,
https://www.geipan.fr/fr/cas/2011-07-02788,2011-07-02788,https://www.geipan.fr/fr/cas/2011-07-02788,DOWNLOADED,19710,344095481314e57fe5206ac77ccc9c3a8d06435533b4a73b686ff45a79e7198e,VALENCIENNES (59) 14.07.2011 | GEIPAN Orange arrow icon Orange arrow icon Orange arrow icon Arrow,
https://www.geipan.fr/fr/cas/2011-07-02789,2011-07-02789,https://www.geipan.fr/fr/cas/2011-07-02789,DOWNLOADED,20183,31dc4a8e7b4852f2829248a3f7f97c930ba9f6f85206997ab9373e473fc40552,CHAMALIERES (63) 03.07.2011 | GEIPAN Orange arrow icon Orange arrow icon Orange arrow icon Arrow,
https://www.geipan.fr/fr/cas/2011-07-02793,2011-07-02793,https://www.geipan.fr/fr/cas/2011-07-02793,DOWNLOADED,19393,2237e7f611d50718b96282293d377c9b1a9c9b99bbcc567b2a62004316e79dc6,LIMOUX (11) 23.07.2011 | GEIPAN Orange arrow icon Orange arrow icon Orange arrow icon Arrow,
https://www.geipan.fr/fr/cas/2011-07-02795,2011-07-02795,https://www.geipan.fr/fr/cas/2011-07-02795,DOWNLOADED,19057,3837a619dc269056d0c806cb29e8a8eb825706992614f38f7100265a947076b3,CAGNES-SUR-MER (06) 22.07.2011 | GEIPAN Orange arrow icon Orange arrow icon Orange arrow icon Arrow,
https://www.geipan.fr/fr/cas/2011-07-02797,2011-07-02797,https://www.geipan.fr/fr/cas/2011-07-02797,DOWNLOADED,19606,afa1230dbd076e1788fe803f7c6abd09f048dab0e17c6693a16c7f27308e5752,TANNERON (83) 18.07.2011 | GEIPAN Orange arrow icon Orange arrow icon Orange arrow icon Arrow,
https://www.geipan.fr/fr/cas/2011-07-02800,2011-07-02800,https://www.geipan.fr/fr/cas/2011-07-02800,DOWNLOADED,19594,4ca8d9d5680c9514d78d02f93190a36ad40a9ef9d1e803a162420c8ba6399e4b,BERGUES (59) 02.07.2011 | GEIPAN Orange arrow icon Orange arrow icon Orange arrow icon Arrow,
https://www.geipan.fr/fr/cas/2011-07-02802,2011-07-02802,https://www.geipan.fr/fr/cas/2011-07-02802,DOWNLOADED,18924,1c812f9a47e83bc1866f9f9c797220f4ec41ae75e50688c3a9bf54b1ba543d95,CAUSSADE (82) 31.07.2011 | GEIPAN Orange arrow icon Orange arrow icon Orange arrow icon Arrow,
https://www.geipan.fr/fr/cas/2011-07-02825,2011-07-02825,https://www.geipan.fr/fr/cas/2011-07-02825,DOWNLOADED,19292,f2a7018c91a9c5efdeca37e26c85faf63aeb5177be887ee3abc889e20cb26814,CHATEAUFORT (78) 10.07.2011 | GEIPAN Orange arrow icon Orange arrow icon Orange arrow icon Arrow,
https://www.geipan.fr/fr/cas/2011-07-02844,2011-07-02844,https://www.geipan.fr/fr/cas/2011-07-02844,DOWNLOADED,19554,c3c3c261ad84ccb1a8b722ec550d35d684690ab3e4dfee23a2b1c4c6698c7154,ILES-DES-PINS (988) 10.07.2011 | GEIPAN Orange arrow icon Orange arrow icon Orange arrow icon Arrow,
https://www.geipan.fr/fr/cas/2011-07-02848,2011-07-02848,https://www.geipan.fr/fr/cas/2011-07-02848,DOWNLOADED,19471,ef89e94c0a9d0bfdcce1c03fee90c6f121309293ed23d16adbdde7eec46833b0,PIERREFONDS (60) 23.07.2011 | GEIPAN Orange arrow icon Orange arrow icon Orange arrow icon Arrow,
https://www.geipan.fr/fr/cas/2011-07-09011,2011-07-09011,https://www.geipan.fr/fr/cas/2011-07-09011,DOWNLOADED,19035,3f5ae7a3264ff3c840dd5ff7d85fb5fe2eea8fe8164a27b6052e03a3710219fd,AIX-LES-BAINS (73) --.07.2011 | GEIPAN Orange arrow icon Orange arrow icon Orange arrow icon Arrow,
https://www.geipan.fr/fr/cas/2011-07-09095,2011-07-09095,https://www.geipan.fr/fr/cas/2011-07-09095,DOWNLOADED,20628,74c507ca5f616a0d90e7cc524681dbe299316b0a43c71c52f0cb847e45aeeef5,ROBINE-SUR-GALABRE (LA) (04) 18.07.2011 | GEIPAN Orange arrow icon Orange arrow icon Orange arrow icon Arrow,
https://www.geipan.fr/fr/cas/2011-08-02791,2011-08-02791,https://www.geipan.fr/fr/cas/2011-08-02791,DOWNLOADED,20428,9e99170d9a7055e829ae6436459459ae2d7cbe9ff9a1d9bb755786aa682296b7,BOLIDE — TOULOUSE (31) 02.08.2011 | GEIPAN Orange arrow icon Orange arrow icon Orange arrow icon Arrow,
https://www.geipan.fr/fr/cas/2011-08-02792,2011-08-02792,https://www.geipan.fr/fr/cas/2011-08-02792,DOWNLOADED,19327,731ea1f5ba8c67d6f573554f07a36703bcd2e63d7242dc89a9051b881b606c08,SARE (64) 02.08.2011 | GEIPAN Orange arrow icon Orange arrow icon Orange arrow icon Arrow,
https://www.geipan.fr/fr/cas/2011-08-02794,2011-08-02794,https://www.geipan.fr/fr/cas/2011-08-02794,DOWNLOADED,19353,1d4ed4829641844acc8a11223f05ffc568ba26ed94872a6b12a6392f2e2a2771,LANGON (33) 02.08.2011 | GEIPAN Orange arrow icon Orange arrow icon Orange arrow icon Arrow,
https://www.geipan.fr/fr/cas/2011-08-02799,2011-08-02799,https://www.geipan.fr/fr/cas/2011-08-02799,DOWNLOADED,19610,04e059243428121c439042426ee941dc8cca309dc3dea34a10f05c10a02b3ada,CANNET (LE) (06) 01.08.2011 | GEIPAN Orange arrow icon Orange arrow icon Orange arrow icon Arrow,
https://www.geipan.fr/fr/cas/2011-08-02803,2011-08-02803,https://www.geipan.fr/fr/cas/2011-08-02803,DOWNLOADED,21292,4cfce086ab5239bc92670459ad17095a0891e2f75d9200d691dce39de4f40163,TOULOUSE (31) 24.08.2011 | GEIPAN Orange arrow icon Orange arrow icon Orange arrow icon Arrow,
https://www.geipan.fr/fr/cas/2011-08-02804,2011-08-02804,https://www.geipan.fr/fr/cas/2011-08-02804,DOWNLOADED,23612,07eb6389aac28eae42a3c34f237ab5ca150f4b2cf040d878751f000952668689,CHAMALIERES (63) 20.08.2011 | GEIPAN Orange arrow icon Orange arrow icon Orange arrow icon Arrow,
https://www.geipan.fr/fr/cas/2011-08-02805,2011-08-02805,https://www.geipan.fr/fr/cas/2011-08-02805,DOWNLOADED,19851,b265d4acbdb7f62ab02a109c23652295600db1ca29ce91c891bc966e4e91fbec,CUGNAUX (31) 04.08.2011 | GEIPAN Orange arrow icon Orange arrow icon Orange arrow icon Arrow,
https://www.geipan.fr/fr/cas/2011-08-02807,2011-08-02807,https://www.geipan.fr/fr/cas/2011-08-02807,DOWNLOADED,19122,6a49f15372f9e2c1bade49200aa9a5d4b19a3a5998c6723745ef12f5eae01725,TROUVILLE (76) 24.08.2011 | GEIPAN Orange arrow icon Orange arrow icon Orange arrow icon Arrow,
https://www.geipan.fr/fr/cas/2011-08-02809,2011-08-02809,https://www.geipan.fr/fr/cas/2011-08-02809,DOWNLOADED,19097,2490a689c120840951caafe17d386cf1ba910ac8c481cfd8f6fb497bcb487cd0,MARTIEL (12) 19.08.2011 | GEIPAN Orange arrow icon Orange arrow icon Orange arrow icon Arrow,
https://www.geipan.fr/fr/cas/2011-08-02810,2011-08-02810,https://www.geipan.fr/fr/cas/2011-08-02810,DOWNLOADED,18861,24e62f3c86e65abee65802dea3eacf9e3bcfd308071934f83bf610a63510d4f5,AUTRECHE (37) 28.08.2011 | GEIPAN Orange arrow icon Orange arrow icon Orange arrow icon Arrow,
https://www.geipan.fr/fr/cas/2011-08-02812,2011-08-02812,https://www.geipan.fr/fr/cas/2011-08-02812,DOWNLOADED,19286,c526b25cc5457d2cd38ed46fc1986021a69e41274799b304dc264d7a1dc6f6be,SEYNE-SUR-MER (LA) (83) 26.08.2011 | GEIPAN Orange arrow icon Orange arrow icon Orange arrow icon Arrow,
https://www.geipan.fr/fr/cas/2011-08-02818,2011-08-02818,https://www.geipan.fr/fr/cas/2011-08-02818,DOWNLOADED,19468,f7e7d93a9e16ec3958aacdf5be942aed6d3cc60cbf69f9110901429732449591,RAMBOUILLET (78) 10.08.2011 | GEIPAN Orange arrow icon Orange arrow icon Orange arrow icon Arrow,
https://www.geipan.fr/fr/cas/2011-08-02820,2011-08-02820,https://www.geipan.fr/fr/cas/2011-08-02820,DOWNLOADED,19462,c34027e17c15cc580daa36c9c7904a64db3ecbda10aaecde5b36c9c2541348bc,"[MER] LAT 42.67, LON 9.60 (2A) 20.08.2011 | GEIPAN Orange arrow icon Orange arrow icon Orange arrow icon Arrow",
https://www.geipan.fr/fr/cas/2011-08-02835,2011-08-02835,https://www.geipan.fr/fr/cas/2011-08-02835,DOWNLOADED,19441,1c46f5fd7e785ec251fafbb4328a7d734d65cfb3fd86953ce6b831fe64f3fe41,LANDE-DE-FRONSAC (LA) (33) 03.08.2011 | GEIPAN Orange arrow icon Orange arrow icon Orange arrow icon Arrow,
https://www.geipan.fr/fr/cas/2011-08-02839,2011-08-02839,https://www.geipan.fr/fr/cas/2011-08-02839,DOWNLOADED,20213,d76339d0204c056810dd9abe312d7c9315c111564233f5171e8db6bbfc5e40c7,MAREUIL-LE-PORT (51) 26.08.2011 | GEIPAN Orange arrow icon Orange arrow icon Orange arrow icon Arrow,
https://www.geipan.fr/fr/cas/2011-08-08201,2011-08-08201,https://www.geipan.fr/fr/cas/2011-08-08201,DOWNLOADED,19048,1a5562ef5cb2fcc6a8d230a14b2c7386af64ac6e46a858ad007db08a71ef72a8,MEES (LES) (04) 25.08.2011 | GEIPAN Orange arrow icon Orange arrow icon Orange arrow icon Arrow,
https://www.geipan.fr/fr/cas/2011-08-08266,2011-08-08266,https://www.geipan.fr/fr/cas/2011-08-08266,DOWNLOADED,18841,1511d5e2b7d3af677ae3036a3c1979a26bcfa87e2731ac0d24900dd944f5d6b0,CHARDOGNE (55) 28.08.2011 | GEIPAN Orange arrow icon Orange arrow icon Orange arrow icon Arrow,
https://www.geipan.fr/fr/cas/2011-09-02817,2011-09-02817,https://www.geipan.fr/fr/cas/2011-09-02817,DOWNLOADED,19268,a54f3911e73f285c3a73d2b8d395b5514060036efdcf4042413574501278f34c,SAINT-BRICE-COURCELLES (51) 10.09.2011 | GEIPAN Orange arrow icon Orange arrow icon Orange arrow icon Arrow,
https://www.geipan.fr/fr/cas/2011-09-02819,2011-09-02819,https://www.geipan.fr/fr/cas/2011-09-02819,DOWNLOADED,19211,b7b9d2ae0f0112fa1800c67c312d0985e6329a52a5c431cc50e29131bbcc8067,CARCANS (33) 27.09.2011 | GEIPAN Orange arrow icon Orange arrow icon Orange arrow icon Arrow,
https://www.geipan.fr/fr/cas/2011-09-02822,2011-09-02822,https://www.geipan.fr/fr/cas/2011-09-02822,DOWNLOADED,19589,45be039ef0185ece9ab8aed80ae78d7312121ad338c2ce517dbfed15037baeb5,CESNY-BOIS-HALBOUT (14) 30.09.2011 | GEIPAN Orange arrow icon Orange arrow icon Orange arrow icon Arrow,
https://www.geipan.fr/fr/cas/2011-09-02828,2011-09-02828,https://www.geipan.fr/fr/cas/2011-09-02828,DOWNLOADED,20288,2118a98615b3bf77828c8bf8b96003c04031ee6c3b6fe2ce60bf42502b7e15ba,MONTAUBAN (82) 09.09.2011 | GEIPAN Orange arrow icon Orange arrow icon Orange arrow icon Arrow,
https://www.geipan.fr/fr/cas/2011-09-02829,2011-09-02829,https://www.geipan.fr/fr/cas/2011-09-02829,DOWNLOADED,19805,ee2698506571d7df5b916809a3dd44c7cf1040736ae92bf6ef311b04ddff4a67,BOUSCAT (LE) (33) 17.09.2011 | GEIPAN Orange arrow icon Orange arrow icon Orange arrow icon Arrow,
https://www.geipan.fr/fr/cas/2011-09-02830,2011-09-02830,https://www.geipan.fr/fr/cas/2011-09-02830,DOWNLOADED,19423,98e1f5f4d0f0008ccabcd9568ff874849c43f5849aa306148ea12727fbe6f5b7,PARIS (75) 24.09.2011 | GEIPAN Orange arrow icon Orange arrow icon Orange arrow icon Arrow,
https://www.geipan.fr/fr/cas/2011-09-02842,2011-09-02842,https://www.geipan.fr/fr/cas/2011-09-02842,DOWNLOADED,18915,2ba0c0523cdd6ee9c0ff6606f0128ecabd66f893bfb084fc2a938ac09c1c81be,FERRASSIERES (26) 28.09.2011 | GEIPAN Orange arrow icon Orange arrow icon Orange arrow icon Arrow,
https://www.geipan.fr/fr/cas/2011-09-02850,2011-09-02850,https://www.geipan.fr/fr/cas/2011-09-02850,DOWNLOADED,19940,7cf0960a645cd5e42b8bc6b5a39dd8d838cd32761ab37b6169e04dcdecae0be5,CHANOUSSE (05) 13.09.2011 | GEIPAN Orange arrow icon Orange arrow icon Orange arrow icon Arrow,
https://www.geipan.fr/fr/cas/2011-09-08156,2011-09-08156,https://www.geipan.fr/fr/cas/2011-09-08156,DOWNLOADED,19535,fbe1eea0ad1b2aebf5dbfbccc68e403b2570e6569bf04615d4dc9a666e853fb8,ARRAS (62) 25.09.2011 | GEIPAN Orange arrow icon Orange arrow icon Orange arrow icon Arrow,
https://www.geipan.fr/fr/cas/2011-09-08181,2011-09-08181,https://www.geipan.fr/fr/cas/2011-09-08181,DOWNLOADED,19358,d1738c87405d3741b0509fa5fedb616398baea79fdc4553b8cc427cba4312eea,JUVISY-SUR-ORGE (91) 03.09.2011 | GEIPAN Orange arrow icon Orange arrow icon Orange arrow icon Arrow,
https://www.geipan.fr/fr/cas/2011-09-08198,2011-09-08198,https://www.geipan.fr/fr/cas/2011-09-08198,DOWNLOADED,19332,f74b71e3427d2a9d7b112c300e49983e6760850519e58159acbac2bdbb504acc,BAR-LE-DUC (55) 01.09.2011 | GEIPAN Orange arrow icon Orange arrow icon Orange arrow icon Arrow,
https://www.geipan.fr/fr/cas/2011-09-08237,2011-09-08237,https://www.geipan.fr/fr/cas/2011-09-08237,DOWNLOADED,19268,05c6863e58124eaa84135f862ad120d422b1436553de76f55a331c833f5e8106,CESSON-SEVIGNE (35) 03.09.2011 | GEIPAN Orange arrow icon Orange arrow icon Orange arrow icon Arrow,
https://www.geipan.fr/fr/cas/2011-10-02823,2011-10-02823,https://www.geipan.fr/fr/cas/2011-10-02823,DOWNLOADED,20358,e20bd2522f458d6739d2b96285d74253adf2646eb5a340da255e4bdae2e53196,CARRIERES-SOUS-POISSY (78) 01.10.2011 | GEIPAN Orange arrow icon Orange arrow icon Orange arrow icon Arrow,
https://www.geipan.fr/fr/cas/2011-10-02824,2011-10-02824,https://www.geipan.fr/fr/cas/2011-10-02824,DOWNLOADED,19403,96671959581500078291863e6967eae0297aaeb6c5cafd6cce76a32adfc81e3b,BLOIS (41) 01.10.2011 | GEIPAN Orange arrow icon Orange arrow icon Orange arrow icon Arrow,
https://www.geipan.fr/fr/cas/2011-10-02826,2011-10-02826,https://www.geipan.fr/fr/cas/2011-10-02826,DOWNLOADED,19710,7ac4c255ccc1e91b358150513d1d9ad8f22d30853165eebccbd09ceb2d1906ea,COUERON (44) 07.10.2011 | GEIPAN Orange arrow icon Orange arrow icon Orange arrow icon Arrow,
https://www.geipan.fr/fr/cas/2011-10-02827,2011-10-02827,https://www.geipan.fr/fr/cas/2011-10-02827,DOWNLOADED,19453,03edc52bcd37dd76634e708b2cced7119d1501b766727661d41453539251f01f,OS-MARSILLON (64) 17.10.2011 | GEIPAN Orange arrow icon Orange arrow icon Orange arrow icon Arrow,
https://www.geipan.fr/fr/cas/2011-10-02836,2011-10-02836,https://www.geipan.fr/fr/cas/2011-10-02836,DOWNLOADED,19079,e193bf4c86a6638ce3a81b092e8d6453ace1573835efdac6712e5797ac5f05bd,LORIOL-SUR-DROME (26) 26.10.2011 | GEIPAN Orange arrow icon Orange arrow icon Orange arrow icon Arrow,
https://www.geipan.fr/fr/cas/2011-10-02837,2011-10-02837,https://www.geipan.fr/fr/cas/2011-10-02837,DOWNLOADED,19249,86b9ae7f0eeb0ef2131135f89f83ff47525238ff5c0b0f093cee84541bec75be,BLANQUEFORT (33) 30.10.2011 | GEIPAN Orange arrow icon Orange arrow icon Orange arrow icon Arrow,
https://www.geipan.fr/fr/cas/2011-10-02840,2011-10-02840,https://www.geipan.fr/fr/cas/2011-10-02840,DOWNLOADED,18995,353a44ebda2ec44ffb61647585b0b9887c20df4f70e6d0cfcbb3495e5a4c733f,LAMNAY (72) 26.10.2011 | GEIPAN Orange arrow icon Orange arrow icon Orange arrow icon Arrow,
https://www.geipan.fr/fr/cas/2011-10-02841,2011-10-02841,https://www.geipan.fr/fr/cas/2011-10-02841,DOWNLOADED,19174,cb7f9921a0e5557b73733df32de09322fa70005a678147365bb9b20b42a4b9c4,[D465] DE BENESSE (40) VERS ANGRESSE (40)10.10.2011 | GEIPAN Orange arrow icon Orange arrow icon Orange arrow icon Arrow,
https://www.geipan.fr/fr/cas/2011-10-02843,2011-10-02843,https://www.geipan.fr/fr/cas/2011-10-02843,DOWNLOADED,19337,56b34bc92216ba24f715cea32a09d4176a4b60f9390c01352185ec1ae81b3807,SAINT-JEAN-D'ANGELY (17) 21.10.2011 | GEIPAN Orange arrow icon Orange arrow icon Orange arrow icon Arrow,
https://www.geipan.fr/fr/cas/2011-10-02845,2011-10-02845,https://www.geipan.fr/fr/cas/2011-10-02845,DOWNLOADED,19827,744330e93364bf525a027a5cad661b4c44e6b92e39f5c18f4c69cbc387c654f5,VAL-DE-REUIL (27) 23.10.2011 | GEIPAN Orange arrow icon Orange arrow icon Orange arrow icon Arrow,
https://www.geipan.fr/fr/cas/2011-10-02846,2011-10-02846,https://www.geipan.fr/fr/cas/2011-10-02846,DOWNLOADED,19781,7b16e5687540312f7dcd8d08aa6ce477b375c6a597ca58357d4f101beb6e12ae,MAIZIERES-LES-METZ (57) 01.10.2011 | GEIPAN Orange arrow icon Orange arrow icon Orange arrow icon Arrow,
https://www.geipan.fr/fr/cas/2011-10-02853,2011-10-02853,https://www.geipan.fr/fr/cas/2011-10-02853,DOWNLOADED,19380,22735f43b265987ad2d5e0f3c330a723673eaec58178d240810b695bc5fb9d13,BOIS-GUILLAUME (76) 22.10.2011 | GEIPAN Orange arrow icon Orange arrow icon Orange arrow icon Arrow,
https://www.geipan.fr/fr/cas/2011-10-02854,2011-10-02854,https://www.geipan.fr/fr/cas/2011-10-02854,DOWNLOADED,19970,882847eac42c03b1fafb005c1a8d469bec6ddf85f8fd39aee36bc63d4193d3d2,RENTREE ATMOSPHERIQUE — NATIONAL (FR) 21.10.2011 | GEIPAN Orange arrow icon Orange arrow icon Orange arrow icon Arrow,
https://www.geipan.fr/fr/cas/2011-10-08238,2011-10-08238,https://www.geipan.fr/fr/cas/2011-10-08238,DOWNLOADED,19501,f116c17b6858c83ebabfa7e67f05806b7ca4738a0c38804560e5e0a2e7645a3b,FLEURY-MEROGIS (91) 20.10.2011 | GEIPAN Orange arrow icon Orange arrow icon Orange arrow icon Arrow,
https://www.geipan.fr/fr/cas/2011-10-08627,2011-10-08627,https://www.geipan.fr/fr/cas/2011-10-08627,DOWNLOADED,19603,a4863fce34fe7d1f4b200de07c51e7d1d3a2a2ed5c0bb01384d00210265c0f5e,JOUARS-PONTCHARTRAIN (78) 26.10.2011 | GEIPAN Orange arrow icon Orange arrow icon Orange arrow icon Arrow,
https://www.geipan.fr/fr/cas/2011-11-02838,2011-11-02838,https://www.geipan.fr/fr/cas/2011-11-02838,DOWNLOADED,19741,dac374fb98675cbd4c4af34b2bb66bc6e682125281d4361a20117d7a01a2302d,VILLE-DU-BOIS (LA) (91) 06.11.2011 | GEIPAN Orange arrow icon Orange arrow icon Orange arrow icon Arrow,
https://www.geipan.fr/fr/cas/2011-11-02847,2011-11-02847,https://www.geipan.fr/fr/cas/2011-11-02847,DOWNLOADED,19059,7c0ac23d089d7d79fbd603c348f5aae7e4e78d707524f0fff4c2ed187e23ab4e,NOYAREY (38) 19.11.2011 | GEIPAN Orange arrow icon Orange arrow icon Orange arrow icon Arrow,
https://www.geipan.fr/fr/cas/2011-11-02852,2011-11-02852,https://www.geipan.fr/fr/cas/2011-11-02852,DOWNLOADED,19327,96b0eefa37eaa78dbbbe0fe44da6004c55282a648628d17c57e12b62f89aae3b,HAVRE (LE) (76) 26.11.2011 | GEIPAN Orange arrow icon Orange arrow icon Orange arrow icon Arrow,
https://www.geipan.fr/fr/cas/2011-11-02855,2011-11-02855,https://www.geipan.fr/fr/cas/2011-11-02855,DOWNLOADED,23318,d28925d3ae1d9e32efb6dfae891cd12337c24308d9ccd025a38831638dc1b8c1,SAINT-GATIEN-DES-BOIS (14) 27.11.2011 | GEIPAN Orange arrow icon Orange arrow icon Orange arrow icon Arrow,
https://www.geipan.fr/fr/cas/2011-11-02856,2011-11-02856,https://www.geipan.fr/fr/cas/2011-11-02856,DOWNLOADED,19851,3bcaedc79349f3e939859815fc15d6cb4846b083f5131bcbb255f1fa151b565e,[D33] DE COSNE SUR LOIRE (58) VERS SAINT-PERE (58) 09.11.2011 | GEIPAN Orange arrow icon Orange arrow icon Orange arrow icon Arrow,
https://www.geipan.fr/fr/cas/2011-11-02857,2011-11-02857,https://www.geipan.fr/fr/cas/2011-11-02857,DOWNLOADED,19393,c5c1cd8654174e29229927e3b6be51cfcfad71ffc111f1b93cb32fd3df67392e,OUROUER-LES-BOURDELINS (18) 20.11.2011 | GEIPAN Orange arrow icon Orange arrow icon Orange arrow icon Arrow,
https://www.geipan.fr/fr/cas/2011-11-08157,2011-11-08157,https://www.geipan.fr/fr/cas/2011-11-08157,DOWNLOADED,19348,23c484205fccf3781a589da2f4042b85c81070ba0dfafe2d04a7067619ddcc4c,MONTGRAS (31) 20.11.2011 | GEIPAN Orange arrow icon Orange arrow icon Orange arrow icon Arrow,
https://www.geipan.fr/fr/cas/2011-11-08161,2011-11-08161,https://www.geipan.fr/fr/cas/2011-11-08161,DOWNLOADED,19193,7cf4fa2f2fd640ded68ee43b1bd18f078b9f74e66eef1563a043a88e9dccd911,SAINT-BRIEUC (22) 26.11.2011 | GEIPAN Orange arrow icon Orange arrow icon Orange arrow icon Arrow,
https://www.geipan.fr/fr/cas/2011-11-08164,2011-11-08164,https://www.geipan.fr/fr/cas/2011-11-08164,DOWNLOADED,18747,e9bf5f4311668cf68f7a69855182203be719203914bd417ba25a4b0639bbbe57,FLORANGE (57) 12.11.2011 | GEIPAN Orange arrow icon Orange arrow icon Orange arrow icon Arrow,
https://www.geipan.fr/fr/cas/2011-12-08158,2011-12-08158,https://www.geipan.fr/fr/cas/2011-12-08158,DOWNLOADED,19223,00e9e00884fcd5ea1fc6ad80ad091b54e853d82a9f9e7003fcb794f700531a3e,FROISSY (60) 10.12.2011 | GEIPAN Orange arrow icon Orange arrow icon Orange arrow icon Arrow,
https://www.geipan.fr/fr/cas/2011-12-08162,2011-12-08162,https://www.geipan.fr/fr/cas/2011-12-08162,DOWNLOADED,19737,d7e18dd4dc755eccc0e68c2281b010d95e6e990d7777a940cd13558bbc28ea90,MAZAN (84) 25.12.2011 | GEIPAN Orange arrow icon Orange arrow icon Orange arrow icon Arrow,
https://www.geipan.fr/fr/cas/2011-12-08163,2011-12-08163,https://www.geipan.fr/fr/cas/2011-12-08163,DOWNLOADED,18800,4aa1dc23fef5301f6b1c3f642ecef840914655021f59a23262438d798404d692,CLAMART (92) 26.12.2011 | GEIPAN Orange arrow icon Orange arrow icon Orange arrow icon Arrow,
https://www.geipan.fr/fr/cas/2011-12-08169,2011-12-08169,https://www.geipan.fr/fr/cas/2011-12-08169,DOWNLOADED,20168,06c71f40f0449f75af50018ed53bc67508a886de10c98ac9cc429407c9556de7,DEBRIS SPATIAUX (RETOMBEE) — NATIONAL (FR) 24.12.2011 | GEIPAN Orange arrow icon Orange arrow icon Orange arrow icon Arrow,
https://www.geipan.fr/fr/cas/2011-12-08170,2011-12-08170,https://www.geipan.fr/fr/cas/2011-12-08170,DOWNLOADED,20106,9163f93072f21c7f7d5378a637ac4ddb71a21d34d18b98d851701af22120beea,PARIS (75) 02.12.2011 | GEIPAN Orange arrow icon Orange arrow icon Orange arrow icon Arrow,
https://www.geipan.fr/fr/cas/2011-12-08176,2011-12-08176,https://www.geipan.fr/fr/cas/2011-12-08176,DOWNLOADED,18969,788047ac2db3205cb16a4baa63b0a5cd4da58b325576a637335085bd80269597,DIAMANT (LE) (972) 10.12.2011 | GEIPAN Orange arrow icon Orange arrow icon Orange arrow icon Arrow,
https://www.geipan.fr/fr/cas/2011-12-08177,2011-12-08177,https://www.geipan.fr/fr/cas/2011-12-08177,DOWNLOADED,19505,fa2f4a863ed6543b7a06b4d9d68feb52c954a5fb36a6a59a426575e048f00c63,RIVIERE-SALEE (972) 25.12.2011 | GEIPAN Orange arrow icon Orange arrow icon Orange arrow icon Arrow,
https://www.geipan.fr/fr/cas/2011-12-08335,2011-12-08335,https://www.geipan.fr/fr/cas/2011-12-08335,DOWNLOADED,18967,340b0ae2e95504703b2a8b2e27b46acff16ff04f25a9944e11d72e5f848e4784,PARIS (75) 20.12.2011 | GEIPAN Orange arrow icon Orange arrow icon Orange arrow icon Arrow,
https://www.geipan.fr/fr/cas/2012-01-08168,2012-01-08168,https://www.geipan.fr/fr/cas/2012-01-08168,DOWNLOADED,19934,fe4bd46f1f1d31b1213dfc78ab7c97248a1027b15a955da80e97ab21026679a7,CLAYES-SOUS-BOIS (LES) (78) 02.01.2012 | GEIPAN Orange arrow icon Orange arrow icon Orange arrow icon Arrow,
https://www.geipan.fr/fr/cas/2012-01-08174,2012-01-08174,https://www.geipan.fr/fr/cas/2012-01-08174,DOWNLOADED,19306,2f68655c5d2872b53ba71d312351c61b4bab794c500124d1821a764246561799,DOUNOUX (88) 01.01.2012 | GEIPAN Orange arrow icon Orange arrow icon Orange arrow icon Arrow,
https://www.geipan.fr/fr/cas/2012-01-08175,2012-01-08175,https://www.geipan.fr/fr/cas/2012-01-08175,DOWNLOADED,19206,5c815aa1ec7b6476aaafbfb8029beca4a3571c9d077c58b8d66af2f466140c69,SAINT-QUENTIN (02) 14.01.2012 | GEIPAN Orange arrow icon Orange arrow icon Orange arrow icon Arrow,
https://www.geipan.fr/fr/cas/2012-01-08178,2012-01-08178,https://www.geipan.fr/fr/cas/2012-01-08178,DOWNLOADED,19950,c2f600fa34e5a256979183099d450ca7767a659ca1113daea50686e48bfbdbca,MONTAGNE (LA) (44) 09.01.2012 | GEIPAN Orange arrow icon Orange arrow icon Orange arrow icon Arrow,
https://www.geipan.fr/fr/cas/2012-01-08179,2012-01-08179,https://www.geipan.fr/fr/cas/2012-01-08179,DOWNLOADED,20804,238afd8dfbdb5c8904806d1f40fe30a6282fdce2423439d516448dc8b08eed7c,SAULCE (LA) (05) 20.01.2012 | GEIPAN Orange arrow icon Orange arrow icon Orange arrow icon Arrow,
https://www.geipan.fr/fr/cas/2012-01-08180,2012-01-08180,https://www.geipan.fr/fr/cas/2012-01-08180,DOWNLOADED,20664,9fbf268df0c0b99819e382eafabeae7d3a0c66ccd12dc6445f13d1afc71be09a,RIBIERS (05) 24.01.2012 | GEIPAN Orange arrow icon Orange arrow icon Orange arrow icon Arrow,
https://www.geipan.fr/fr/cas/2012-01-08182,2012-01-08182,https://www.geipan.fr/fr/cas/2012-01-08182,DOWNLOADED,20171,d54d3b03c639cd5edb6fa7af2987ad5e150fcde04104a4256979eee0a3e8797a,[A13] DE PARIS (75) VERS CAEN (14) 27.01.2012 | GEIPAN Orange arrow icon Orange arrow icon Orange arrow icon Arrow,
https://www.geipan.fr/fr/cas/2012-01-08190,2012-01-08190,https://www.geipan.fr/fr/cas/2012-01-08190,DOWNLOADED,20714,909b00105f3d2c96f5cc32105e3d8f0a0792499659cb4f23fdd6b3f23aa2146f,TEMPLE-SUR-LOT (LE) (47) 30.01.2012 | GEIPAN Orange arrow icon Orange arrow icon Orange arrow icon Arrow,
https://www.geipan.fr/fr/cas/2012-01-08192,2012-01-08192,https://www.geipan.fr/fr/cas/2012-01-08192,DOWNLOADED,18752,7057b759e83f0a011cb814b6ee74cfd9b8ed648f9d8e8a77f27ba11f2f516278,RENTREE ATMOSPHERIQUE (975) 24.01.2012 | GEIPAN Orange arrow icon Orange arrow icon Orange arrow icon Arrow,
https://www.geipan.fr/fr/cas/2012-01-08200,2012-01-08200,https://www.geipan.fr/fr/cas/2012-01-08200,DOWNLOADED,19412,cef49295e3cf8b96ee316f1c9aea4e024282a566b98166e938a4e940584e9902,TESTE-DE-BUCH (LA) (33) 18.01.2012 | GEIPAN Orange arrow icon Orange arrow icon Orange arrow icon Arrow,
https://www.geipan.fr/fr/cas/2012-01-08224,2012-01-08224,https://www.geipan.fr/fr/cas/2012-01-08224,DOWNLOADED,20231,20fda6498cb94fafe21e609732b4ec8de4759370feb9b95289492349a42fb4d3,RENTREE ATMOSPHERIQUE 31.01.2012 | GEIPAN Orange arrow icon Orange arrow icon Orange arrow icon Arrow,
https://www.geipan.fr/fr/cas/2012-01-08692,2012-01-08692,https://www.geipan.fr/fr/cas/2012-01-08692,DOWNLOADED,19870,dc33dd5ff7d0c205139f20a39fa90e6e44bb5dd32cc80bea621d4d2d64211c16,LEGUEVIN (31) 01.01.2012 | GEIPAN Orange arrow icon Orange arrow icon Orange arrow icon Arrow,
https://www.geipan.fr/fr/cas/2012-02-08189,2012-02-08189,https://www.geipan.fr/fr/cas/2012-02-08189,DOWNLOADED,19351,63c92cc5d8c392e14f3a60d9764ca2e416b74a1ef2ce2679379ecbcb3c40c941,TOUSSUS-LE-NOBLE (78) 04.02.2012 | GEIPAN Orange arrow icon Orange arrow icon Orange arrow icon Arrow,
https://www.geipan.fr/fr/cas/2012-02-08191,2012-02-08191,https://www.geipan.fr/fr/cas/2012-02-08191,DOWNLOADED,19636,9d0775b9f56c14b8bdb74e1e9b7697beeb889e6b8a0fa1f69d5109e319bacfa0,[AERO CTL] LAMENTIN (971) 11.02.2012 | GEIPAN Orange arrow icon Orange arrow icon Orange arrow icon Arrow,
https://www.geipan.fr/fr/cas/2012-02-08194,2012-02-08194,https://www.geipan.fr/fr/cas/2012-02-08194,DOWNLOADED,19568,d3fc90b7a3dcd6ef8ee9cec936c6cca7ffae30ef00d0589afbf4823f2389fd1d,ARES (33) 19.02.2012 | GEIPAN Orange arrow icon Orange arrow icon Orange arrow icon Arrow,
https://www.geipan.fr/fr/cas/2012-02-08196,2012-02-08196,https://www.geipan.fr/fr/cas/2012-02-08196,DOWNLOADED,19242,267bfdc7cd2e7ad2e6edcb8d7909e76ba90b4ac686025727d7abd6f69d78869a,LONRAI (61) 02.02.2012 | GEIPAN Orange arrow icon Orange arrow icon Orange arrow icon Arrow,
https://www.geipan.fr/fr/cas/2012-02-08199,2012-02-08199,https://www.geipan.fr/fr/cas/2012-02-08199,DOWNLOADED,19474,3adeb860b73e671a1ed04dee502b150498bc9081e2155e005b6ed0aef04abc82,BELMONT-SUR-RANCE (12) 20.02.2012 | GEIPAN Orange arrow icon Orange arrow icon Orange arrow icon Arrow,
https://www.geipan.fr/fr/cas/2012-02-08212,2012-02-08212,https://www.geipan.fr/fr/cas/2012-02-08212,DOWNLOADED,19579,02054c4e9495edcaa2c6efcc3803d8bae9051b6015ce6c62ce11535435261844,BONNIERES (60) 18.02.2012 | GEIPAN Orange arrow icon Orange arrow icon Orange arrow icon Arrow,
https://www.geipan.fr/fr/cas/2012-02-09079,2012-02-09079,https://www.geipan.fr/fr/cas/2012-02-09079,DOWNLOADED,19731,807ccd1ecb8d67dff451ec5b99f64399ccb47e0c5fa94c4c1966bcfb65dd58b9,NANCY (54) 03.02.2012 | GEIPAN Orange arrow icon Orange arrow icon Orange arrow icon Arrow,
https://www.geipan.fr/fr/cas/2012-02-09419,2012-02-09419,https://www.geipan.fr/fr/cas/2012-02-09419,DOWNLOADED,19918,e2f30627e43c5796ed5c4a1353fc9cc692f4865457c9498f13c2b23e7bb369d3,CARQUEIRANNE (83) 17.02.2012 | GEIPAN Orange arrow icon Orange arrow icon Orange arrow icon Arrow,
https://www.geipan.fr/fr/cas/2012-03-08202,2012-03-08202,https://www.geipan.fr/fr/cas/2012-03-08202,DOWNLOADED,20356,a0ad7c050fdc678b639086491c8bc2ad1835e1ecc428d7cd8a4b929cb3c7a016,LIBOURNE (33) 04.03.2012 | GEIPAN Orange arrow icon Orange arrow icon Orange arrow icon Arrow,
https://www.geipan.fr/fr/cas/2012-03-08203,2012-03-08203,https://www.geipan.fr/fr/cas/2012-03-08203,DOWNLOADED,19189,48134c68d43df1d8c5e7fd48415629840c04ca3301797c6da6754ed62bc958a2,RIBERAC (24) 13.03.2012 | GEIPAN Orange arrow icon Orange arrow icon Orange arrow icon Arrow,
https://www.geipan.fr/fr/cas/2012-03-08204,2012-03-08204,https://www.geipan.fr/fr/cas/2012-03-08204,DOWNLOADED,20141,5809e2b3f3010323bb09d16f4001a7bba699a46846f990034bbf9395c6954361,AUENHEIM (67) 12.03.2012 | GEIPAN Orange arrow icon Orange arrow icon Orange arrow icon Arrow,
https://www.geipan.fr/fr/cas/2012-03-08205,2012-03-08205,https://www.geipan.fr/fr/cas/2012-03-08205,DOWNLOADED,19210,9d699a9b696f416d3e35a926175497c00b952b3091473fb2ef63ae0fb20c9054,SAINTE-JULIE (01) 01.03.2012 | GEIPAN Orange arrow icon Orange arrow icon Orange arrow icon Arrow,
https://www.geipan.fr/fr/cas/2012-03-08206,2012-03-08206,https://www.geipan.fr/fr/cas/2012-03-08206,DOWNLOADED,19138,13f6f1a2fe34e1c325168f512d9c433db1d05f4150e27508adc890ff1cecb078,SAINT-MATHIEU-DE-TREVIERS (34) 13.03.2012 | GEIPAN Orange arrow icon Orange arrow icon Orange arrow icon Arrow,
https://www.geipan.fr/fr/cas/2012-03-08211,2012-03-08211,https://www.geipan.fr/fr/cas/2012-03-08211,DOWNLOADED,20734,670bd2081fe1f6a46d3730ee5fb2b8c8a24c8b9ec6f6ca52e380c015af7dfb7f,TOULOUSE (31) 19.03.2012 | GEIPAN Orange arrow icon Orange arrow icon Orange arrow icon Arrow,
https://www.geipan.fr/fr/cas/2012-03-08213,2012-03-08213,https://www.geipan.fr/fr/cas/2012-03-08213,DOWNLOADED,19075,261e342309eb337c0f532d4e3e7d11b97572d76d555c336643f883a1d896d79e,SAINTE-SIGOLENE (43) 01.03.2012 | GEIPAN Orange arrow icon Orange arrow icon Orange arrow icon Arrow,
https://www.geipan.fr/fr/cas/2012-03-08214,2012-03-08214,https://www.geipan.fr/fr/cas/2012-03-08214,DOWNLOADED,20605,a6aac56abaafc3f3556bc9d9bed043a99fff9b03021d11584eba26d173f019e2,PLOEREN (56) 26.03.2012 | GEIPAN Orange arrow icon Orange arrow icon Orange arrow icon Arrow,
https://www.geipan.fr/fr/cas/2012-03-08215,2012-03-08215,https://www.geipan.fr/fr/cas/2012-03-08215,DOWNLOADED,19329,e9ccf3dc5c0dc7f0b07eae98bbf2140e79d6f9307c458583c886df3ca00ab44b,MADELEINE (LA) (59) 31.03.2012 | GEIPAN Orange arrow icon Orange arrow icon Orange arrow icon Arrow,
https://www.geipan.fr/fr/cas/2012-03-08216,2012-03-08216,https://www.geipan.fr/fr/cas/2012-03-08216,DOWNLOADED,19456,58a0002cb40f11ad3e59755fa4e8ea34ce62102b95b0c562197d1332ffcd14dd,VALRAS-PLAGE (34) 24.03.2012 | GEIPAN Orange arrow icon Orange arrow icon Orange arrow icon Arrow,
https://www.geipan.fr/fr/cas/2012-03-08223,2012-03-08223,https://www.geipan.fr/fr/cas/2012-03-08223,DOWNLOADED,18951,0c2bd7e9a519580d035fe8c12e06f91d1ac539a73b634618ec215b45371ce7bd,HEILIGENBERG (67) 07.03.2012 | GEIPAN Orange arrow icon Orange arrow icon Orange arrow icon Arrow,
https://www.geipan.fr/fr/cas/2012-03-08444,2012-03-08444,https://www.geipan.fr/fr/cas/2012-03-08444,DOWNLOADED,19073,f84b6ed23c4d35f264f57db24317575fd50ff46bcdf439b9103fe469a1834a6d,PARIS (75) 23.03.2012 | GEIPAN Orange arrow icon Orange arrow icon Orange arrow icon Arrow,
https://www.geipan.fr/fr/cas/2012-04-08222,2012-04-08222,https://www.geipan.fr/fr/cas/2012-04-08222,DOWNLOADED,20432,0818fa3d1167910ffd5fe8de6cfc311fa84fa56cf10dc1589b37b070e891d4d2,SAINT-LO (50) 04.04.2012 | GEIPAN Orange arrow icon Orange arrow icon Orange arrow icon Arrow,
https://www.geipan.fr/fr/cas/2012-04-08225,2012-04-08225,https://www.geipan.fr/fr/cas/2012-04-08225,DOWNLOADED,21743,00ba9d5614af34edaedaa12b93904d4668d20202baee84d20d967b2d82ed5b74,RIXHEIM (68) 15.04.2012 | GEIPAN Orange arrow icon Orange arrow icon Orange arrow icon Arrow,
https://www.geipan.fr/fr/cas/2012-04-08226,2012-04-08226,https://www.geipan.fr/fr/cas/2012-04-08226,DOWNLOADED,19176,5012c6c51180749864e84e4bea4e41aef790d43506ccd2ba70eeb7a27f3323b9,PLEURTUIT (35) 12.04.2012 | GEIPAN Orange arrow icon Orange arrow icon Orange arrow icon Arrow,
https://www.geipan.fr/fr/cas/2012-04-08227,2012-04-08227,https://www.geipan.fr/fr/cas/2012-04-08227,DOWNLOADED,19901,75849768adad5c3b254f4057e384b722189a4fd28e70d41531f975cff48067db,MEULAN (78) 15.04.2012 | GEIPAN Orange arrow icon Orange arrow icon Orange arrow icon Arrow,
https://www.geipan.fr/fr/cas/2012-04-08228,2012-04-08228,https://www.geipan.fr/fr/cas/2012-04-08228,DOWNLOADED,19417,2f42cfab6a160ef3899ac34feee6faa314bf32295c1c05104c4f438ac6cbe09f,LANDEVANT (56) 13.04.2012 | GEIPAN Orange arrow icon Orange arrow icon Orange arrow icon Arrow,
https://www.geipan.fr/fr/cas/2012-04-08229,2012-04-08229,https://www.geipan.fr/fr/cas/2012-04-08229,DOWNLOADED,20342,f3e826515e46955b5c007c4da1b31ce9bdd3f76a100bd1b50ff2e02cfcbf2b0a,ANNEMASSE (74) 08.04.2012 | GEIPAN Orange arrow icon Orange arrow icon Orange arrow icon Arrow,
https://www.geipan.fr/fr/cas/2012-04-08231,2012-04-08231,https://www.geipan.fr/fr/cas/2012-04-08231,DOWNLOADED,19155,f0b048ad4e07aee23e698b2aae2f27733a1734f0acecd75fd332c0e60a261e43,SAINT-JEAN-DE-LIVERSAY (17) 12.04.2012 | GEIPAN Orange arrow icon Orange arrow icon Orange arrow icon Arrow,
https://www.geipan.fr/fr/cas/2012-04-08232,2012-04-08232,https://www.geipan.fr/fr/cas/2012-04-08232,DOWNLOADED,20028,2184a5a0771f5af7b0b9defd7f0ba9da63ba8db0849f2577b361dc4c7dee4f16,CHAULGNES (58) 19.04.2012 | GEIPAN Orange arrow icon Orange arrow icon Orange arrow icon Arrow,
https://www.geipan.fr/fr/cas/2012-04-08239,2012-04-08239,https://www.geipan.fr/fr/cas/2012-04-08239,DOWNLOADED,20105,c5d9c4efd291df25ba4666d9a357576c254141439031b29518c2f5d4862b735a,GRIESHEIM-PRES-MOLSHEIM (67) 30.04.2012 | GEIPAN Orange arrow icon Orange arrow icon Orange arrow icon Arrow,
https://www.geipan.fr/fr/cas/2012-04-08241,2012-04-08241,https://www.geipan.fr/fr/cas/2012-04-08241,DOWNLOADED,20008,e67451faa2d380e3c29456762579ec1d6e091fd932be5137cd1821b6244664c4,MAUGUIO (34) 27.04.2012 | GEIPAN Orange arrow icon Orange arrow icon Orange arrow icon Arrow,
https://www.geipan.fr/fr/cas/2012-04-08242,2012-04-08242,https://www.geipan.fr/fr/cas/2012-04-08242,DOWNLOADED,20307,a4f6ef8b8c06948cfba6676ffc26b4ed747060b2fca5d3b4a2c07963ac99519c,MOULINS-LES-METZ (57) 29.04.2012 | GEIPAN Orange arrow icon Orange arrow icon Orange arrow icon Arrow,
https://www.geipan.fr/fr/cas/2012-04-08252,2012-04-08252,https://www.geipan.fr/fr/cas/2012-04-08252,DOWNLOADED,19357,b1f57c60fad0c66114a0b186b2505fbd7ced7a69156d39a4f64af9a96ee4f96b,VILLERS-SOUS-SAINT-LEU (60) 02.04.2012 | GEIPAN Orange arrow icon Orange arrow icon Orange arrow icon Arrow,
https://www.geipan.fr/fr/cas/2012-04-08344,2012-04-08344,https://www.geipan.fr/fr/cas/2012-04-08344,DOWNLOADED,19247,b09d8735afd9e2da9af7aa40e6b51fcccc55fdcbfd891346043d6a1bbd4fa388,SALLEBOEUF (33) 07.04.2012 | GEIPAN Orange arrow icon Orange arrow icon Orange arrow icon Arrow,
https://www.geipan.fr/fr/cas/2012-05-08240,2012-05-08240,https://www.geipan.fr/fr/cas/2012-05-08240,DOWNLOADED,19769,f13e6f042e5702f88c03599332e722aa6ad244d22b545569301851c5213b745e,PAU (64) 06.05.2012 | GEIPAN Orange arrow icon Orange arrow icon Orange arrow icon Arrow,
https://www.geipan.fr/fr/cas/2012-05-08243,2012-05-08243,https://www.geipan.fr/fr/cas/2012-05-08243,DOWNLOADED,19347,ad665088486962801da68c5c0a54b8fe821cc702e33d18be14a65d086e2df7e3,TOURLAVILLE (50) 06.05.2012 | GEIPAN Orange arrow icon Orange arrow icon Orange arrow icon Arrow,
https://www.geipan.fr/fr/cas/2012-05-08245,2012-05-08245,https://www.geipan.fr/fr/cas/2012-05-08245,DOWNLOADED,19785,88424433a68a8e84c23c52c8957c6ff3065a5f09a3ea79804ff17448c2f8804f,DOUDEAUVILLE (76) 28.05.2012 | GEIPAN Orange arrow icon Orange arrow icon Orange arrow icon Arrow,
https://www.geipan.fr/fr/cas/2012-05-08246,2012-05-08246,https://www.geipan.fr/fr/cas/2012-05-08246,DOWNLOADED,20530,712a7a6e9e51e192f093b5ce31dfb8c9ba96fdbb490266faaf14de3bf9ed9374,DIEPPE (76) 24.05.2012 | GEIPAN Orange arrow icon Orange arrow icon Orange arrow icon Arrow,
https://www.geipan.fr/fr/cas/2012-05-08247,2012-05-08247,https://www.geipan.fr/fr/cas/2012-05-08247,DOWNLOADED,19859,9a79016f37ce92e3fe7f6273d2ac69c80a9ea27b18c60a4e32e3210949ebd14d,AWALA-YALIMAPO (973) 05.05.2012 | GEIPAN Orange arrow icon Orange arrow icon Orange arrow icon Arrow,
https://www.geipan.fr/fr/cas/2012-05-08249,2012-05-08249,https://www.geipan.fr/fr/cas/2012-05-08249,DOWNLOADED,19684,420e35857928ad98d062647ef16275fb81a64cfdd9267857c994c5013e638a02,SAINT-MAIXENT-SUR-VIE (85) 12.05.2012 | GEIPAN Orange arrow icon Orange arrow icon Orange arrow icon Arrow,
https://www.geipan.fr/fr/cas/2012-05-08250,2012-05-08250,https://www.geipan.fr/fr/cas/2012-05-08250,DOWNLOADED,20004,7a57948325283ce57c904593d8b20c2f816d1d9a059cf68c1be7eb42aa35773b,COULAINES (72) 30.05.2012 | GEIPAN Orange arrow icon Orange arrow icon Orange arrow icon Arrow,
https://www.geipan.fr/fr/cas/2012-05-08251,2012-05-08251,https://www.geipan.fr/fr/cas/2012-05-08251,DOWNLOADED,20250,9d9b662ac13e587d1d50c2bf47203c7d90c4d3120d7899c12bd45397b65cfc35,VILLENEUVE-LES-AVIGNON (30) 18.05.2012 | GEIPAN Orange arrow icon Orange arrow icon Orange arrow icon Arrow,
https://www.geipan.fr/fr/cas/2012-05-08253,2012-05-08253,https://www.geipan.fr/fr/cas/2012-05-08253,DOWNLOADED,19721,87abe0f54887d71f49daf3bb6bfa45ed63f0e2ea8d3a01472fa5ead63959726b,PAYNS (10) 19.05.2012 | GEIPAN Orange arrow icon Orange arrow icon Orange arrow icon Arrow,
https://www.geipan.fr/fr/cas/2012-05-08267,2012-05-08267,https://www.geipan.fr/fr/cas/2012-05-08267,DOWNLOADED,20002,65753a895d8a569b9dbe64adff0ec2e96f241cc76805dcbb017b50f98cd7cf03,SEZANNE (51) 30.05.2012 | GEIPAN Orange arrow icon Orange arrow icon Orange arrow icon Arrow,
https://www.geipan.fr/fr/cas/2012-05-08274,2012-05-08274,https://www.geipan.fr/fr/cas/2012-05-08274,DOWNLOADED,19202,23588664d4225cb4824e0ad22d1e61a64b6b8ed034b61a364fb199b7585e0e7a,SAINT-JUST-EN-CHAUSSEE (60) 12.05.2012 | GEIPAN Orange arrow icon Orange arrow icon Orange arrow icon Arrow,
https://www.geipan.fr/fr/cas/2012-05-08357,2012-05-08357,https://www.geipan.fr/fr/cas/2012-05-08357,DOWNLOADED,19895,121fba315f2a46d66b62e043371582ab2d0c6ff5b38d2388bd4be93ac3555773,CHOISY-LE-ROI (94) 21.05.2012 | GEIPAN Orange arrow icon Orange arrow icon Orange arrow icon Arrow,
https://www.geipan.fr/fr/cas/2012-06-08255,2012-06-08255,https://www.geipan.fr/fr/cas/2012-06-08255,DOWNLOADED,19354,b32e89623e2ed61386c8a332def3288816179e917eda0d8f5d2790b2640e924b,DOMMARTIN (69) 24.06.2012 | GEIPAN Orange arrow icon Orange arrow icon Orange arrow icon Arrow,
https://www.geipan.fr/fr/cas/2012-06-08256,2012-06-08256,https://www.geipan.fr/fr/cas/2012-06-08256,DOWNLOADED,21478,69864f407f8b9f2bbe9aff841f8957c63598cb870d493734ebb5d55504524b6f,MAFFLIERS (95) 29.06.2012 | GEIPAN Orange arrow icon Orange arrow icon Orange arrow icon Arrow,
https://www.geipan.fr/fr/cas/2012-06-08257,2012-06-08257,https://www.geipan.fr/fr/cas/2012-06-08257,DOWNLOADED,19490,80a4bc8f93f929439220fe055f13c58637a5b71e2b110f0a5f44a17cca2ab53c,SAINTE-LUCE-SUR-LOIRE (44) 30.06.2012 | GEIPAN Orange arrow icon Orange arrow icon Orange arrow icon Arrow,
https://www.geipan.fr/fr/cas/2012-06-08264,2012-06-08264,https://www.geipan.fr/fr/cas/2012-06-08264,DOWNLOADED,19765,5a32ce3a9b439f654e43bf0fb5bf8e9c52d0dc10731f98c65481280f3faec469,PARIS (75) 20.06.2012 | GEIPAN Orange arrow icon Orange arrow icon Orange arrow icon Arrow,
https://www.geipan.fr/fr/cas/2012-06-08268,2012-06-08268,https://www.geipan.fr/fr/cas/2012-06-08268,DOWNLOADED,19478,9f6811cb0c6568f00727c721838fa9d2ed2283c7ad7554cd001092d24cfb30c2,MANCIEULLES (54) 17.06.2012 | GEIPAN Orange arrow icon Orange arrow icon Orange arrow icon Arrow,
https://www.geipan.fr/fr/cas/2012-06-08272,2012-06-08272,https://www.geipan.fr/fr/cas/2012-06-08272,DOWNLOADED,19294,d7ef38e753a8e112b3c42db50e8a5c93ce0d44b574b9c0d61a1b109bf27b9c67,COLLE-SUR-LOUP (LA) (06) 17.06.2012 | GEIPAN Orange arrow icon Orange arrow icon Orange arrow icon Arrow,
https://www.geipan.fr/fr/cas/2012-06-08314,2012-06-08314,https://www.geipan.fr/fr/cas/2012-06-08314,DOWNLOADED,19220,7e08f55af50ce31801d865077b91bb5c44ca15b05a08a979ba70c49260491a09,SOUCHEZ (62) 17.06.2012 | GEIPAN Orange arrow icon Orange arrow icon Orange arrow icon Arrow,
https://www.geipan.fr/fr/cas/2012-06-08317,2012-06-08317,https://www.geipan.fr/fr/cas/2012-06-08317,DOWNLOADED,19846,87be71bab866bdb3eeede6d778b6a05b1f05618c99567b821c048c52de16dca5,LAMBERSART (59) 17.06.2012 | GEIPAN Orange arrow icon Orange arrow icon Orange arrow icon Arrow,
https://www.geipan.fr/fr/cas/2012-06-09517,2012-06-09517,https://www.geipan.fr/fr/cas/2012-06-09517,DOWNLOADED,20172,87bc12e520dbbf950ac67d645dd693a5c7c0fcaaeb947e084805e3b0e9b8f013,PEIGNEY (52) 04.06.2012 | GEIPAN Orange arrow icon Orange arrow icon Orange arrow icon Arrow,
https://www.geipan.fr/fr/cas/2012-07-08258,2012-07-08258,https://www.geipan.fr/fr/cas/2012-07-08258,DOWNLOADED,20193,92837c6e0c35f21f3bb24385f8ec1f9f44ee0b3b709e63213f1ee26712a95948,REMUZAT (26) 05.07.2012 | GEIPAN Orange arrow icon Orange arrow icon Orange arrow icon Arrow,
https://www.geipan.fr/fr/cas/2012-07-08260,2012-07-08260,https://www.geipan.fr/fr/cas/2012-07-08260,DOWNLOADED,20144,64c89fc198c613ffd283d3ffbb55491327a7a13e314a0586f93fc0c3dcfb258c,AUTHEZAT (63) 04.07.2012 | GEIPAN Orange arrow icon Orange arrow icon Orange arrow icon Arrow,
https://www.geipan.fr/fr/cas/2012-07-08261,2012-07-08261,https://www.geipan.fr/fr/cas/2012-07-08261,DOWNLOADED,19505,8a87aa91eded9655ada0b388547f20a416d31c41dc7950d38abbba1f88925c1e,SAINT-JULIEN-DU-SAULT (89) 08.07.2012 | GEIPAN Orange arrow icon Orange arrow icon Orange arrow icon Arrow,
https://www.geipan.fr/fr/cas/2012-07-08262,2012-07-08262,https://www.geipan.fr/fr/cas/2012-07-08262,DOWNLOADED,19154,d1cd66d89b7fe813cbb85a03f3d27eeba7f79bb7b5e463a8fbb184a3de415567,SAINT-MAUR-DES-FOSSES (94) 09.07.2012 | GEIPAN Orange arrow icon Orange arrow icon Orange arrow icon Arrow,
https://www.geipan.fr/fr/cas/2012-07-08263,2012-07-08263,https://www.geipan.fr/fr/cas/2012-07-08263,DOWNLOADED,19914,de9bf93937ecb61e31589b59672327d3a10d010381253e84c51605c3266a9fd6,ORAISON (04) 06.07.2012 | GEIPAN Orange arrow icon Orange arrow icon Orange arrow icon Arrow,
https://www.geipan.fr/fr/cas/2012-07-08265,2012-07-08265,https://www.geipan.fr/fr/cas/2012-07-08265,DOWNLOADED,19354,80b32d79dc59a8d401610e8b0915abcf3be266f815a4c35afc9eeb1d20fb2c45,LIVRON-SUR-DROME (26) 11.07.2012 | GEIPAN Orange arrow icon Orange arrow icon Orange arrow icon Arrow,
https://www.geipan.fr/fr/cas/2012-07-08269,2012-07-08269,https://www.geipan.fr/fr/cas/2012-07-08269,DOWNLOADED,19558,d97f7ca16982e70e975a24f294ea9303adce2d36c256678e8296a363a665e2ce,MONTPELLIER (34) 17.07.2012 | GEIPAN Orange arrow icon Orange arrow icon Orange arrow icon Arrow,
https://www.geipan.fr/fr/cas/2012-07-08270,2012-07-08270,https://www.geipan.fr/fr/cas/2012-07-08270,DOWNLOADED,19447,494b7abea77f6ffefd400aa5f198ba0d4099e84318fa53affccd1f5be1745717,CONFLANS-SAINTE-HONORINE (78) 01.07.2012 | GEIPAN Orange arrow icon Orange arrow icon Orange arrow icon Arrow,
https://www.geipan.fr/fr/cas/2012-07-08273,2012-07-08273,https://www.geipan.fr/fr/cas/2012-07-08273,DOWNLOADED,19687,0f6a88b2174d361e5808f1294e915a7684a015e1ffeeb5bb0e57242e497b0762,COURBEVOIE (92) 27.07.2012 | GEIPAN Orange arrow icon Orange arrow icon Orange arrow icon Arrow,
https://www.geipan.fr/fr/cas/2012-07-08275,2012-07-08275,https://www.geipan.fr/fr/cas/2012-07-08275,DOWNLOADED,19576,03bb8aebfec0e5fd807bd8d97bbabe753b43ebe53b78d15b3b385ceecda75435,PARISOT (81) 26.07.2012 | GEIPAN Orange arrow icon Orange arrow icon Orange arrow icon Arrow,
https://www.geipan.fr/fr/cas/2012-07-08278,2012-07-08278,https://www.geipan.fr/fr/cas/2012-07-08278,DOWNLOADED,19644,ebba6b36372c21d9f525b587ec35f39b5fe776be2ae367ad286c282262f4dd0e,TOURY (28) 27.07.2012 | GEIPAN Orange arrow icon Orange arrow icon Orange arrow icon Arrow,
https://www.geipan.fr/fr/cas/2012-07-08293,2012-07-08293,https://www.geipan.fr/fr/cas/2012-07-08293,DOWNLOADED,19925,10dfd7d16b3a814b808ce5507a57dfa3f44d1010a9f992d4f1ee835500b92309,CHAVEROCHE (19) 27.07.2012 | GEIPAN Orange arrow icon Orange arrow icon Orange arrow icon Arrow,
https://www.geipan.fr/fr/cas/2012-07-08296,2012-07-08296,https://www.geipan.fr/fr/cas/2012-07-08296,DOWNLOADED,19223,3a240fc04a1c28b629db331c9ca4137acca5ab06f0354c15f0ed79d2fca41c82,NIEDERMODERN (67) 07.07.2012 | GEIPAN Orange arrow icon Orange arrow icon Orange arrow icon Arrow,
https://www.geipan.fr/fr/cas/2012-07-08299,2012-07-08299,https://www.geipan.fr/fr/cas/2012-07-08299,DOWNLOADED,20253,4bd2bacf449951e4bc7e05ec59e2c5df20a31f48b7dafd7574a2d9168f5fd28d,MONTCHABOUD (38) 26.07.2012 | GEIPAN Orange arrow icon Orange arrow icon Orange arrow icon Arrow,
https://www.geipan.fr/fr/cas/2012-07-08302,2012-07-08302,https://www.geipan.fr/fr/cas/2012-07-08302,DOWNLOADED,18900,7b656170a3cc60c4caa839c640e78017cfc4fdbcb78008dcf5003882de082efd,FONTENAY-PRES-VEZELAY (89) 26.07.2012 | GEIPAN Orange arrow icon Orange arrow icon Orange arrow icon Arrow,
https://www.geipan.fr/fr/cas/2012-07-08320,2012-07-08320,https://www.geipan.fr/fr/cas/2012-07-08320,DOWNLOADED,19282,0e5203b6738120752111f3f07a4fd54185a7c95d3c3df0465f3f995e893d1a77,LACHELLE (60) 03.07.2012 | GEIPAN Orange arrow icon Orange arrow icon Orange arrow icon Arrow,
https://www.geipan.fr/fr/cas/2012-07-08321,2012-07-08321,https://www.geipan.fr/fr/cas/2012-07-08321,DOWNLOADED,19164,9b70edea5bf3e370791666d7e43572a6f2c18373159a08be78715c5dff90605c,LACHELLE (60) 14.07.2012 | GEIPAN Orange arrow icon Orange arrow icon Orange arrow icon Arrow,
https://www.geipan.fr/fr/cas/2012-07-08432,2012-07-08432,https://www.geipan.fr/fr/cas/2012-07-08432,DOWNLOADED,19592,63040b87befc49b5caf7e6c8a5668d2881acd6781efa3f2bc7e6f1afa0b24f0a,SAINT-ANDRE (66) 14.07.2012 | GEIPAN Orange arrow icon Orange arrow icon Orange arrow icon Arrow,
https://www.geipan.fr/fr/cas/2012-07-09472,2012-07-09472,https://www.geipan.fr/fr/cas/2012-07-09472,DOWNLOADED,20183,46a04376a6c6d2c93b8aa6d4b67349a937419babbec2cdcb6239262b43c69476,CARENTAN (50) 28.07.2012 | GEIPAN Orange arrow icon Orange arrow icon Orange arrow icon Arrow,
https://www.geipan.fr/fr/cas/2012-07-50026,2012-07-50026,https://www.geipan.fr/fr/cas/2012-07-50026,DOWNLOADED,19545,4d532390dca397f75588ff54dd05f80740a9c72c83079dfd47db9e724cffa7ed,MARSEILLAN (34) 23.07.2012 | GEIPAN Orange arrow icon Orange arrow icon Orange arrow icon Arrow,
https://www.geipan.fr/fr/cas/2012-08-08276,2012-08-08276,https://www.geipan.fr/fr/cas/2012-08-08276,DOWNLOADED,21215,40cc97a58a90f11c7d6a0058ec6ff25f347cb950e9fc34a3e3e14b04139e15cb,BOIS-GUILLAUME (76) 12.08.2012 | GEIPAN Orange arrow icon Orange arrow icon Orange arrow icon Arrow,
https://www.geipan.fr/fr/cas/2012-08-08277,2012-08-08277,https://www.geipan.fr/fr/cas/2012-08-08277,DOWNLOADED,18998,3c45aff3258109e1cfd024dc144856f0d3d4d770d61c1ec839cc468d7f45e968,VALENCE (82) 02.08.2012 | GEIPAN Orange arrow icon Orange arrow icon Orange arrow icon Arrow,
https://www.geipan.fr/fr/cas/2012-08-08279,2012-08-08279,https://www.geipan.fr/fr/cas/2012-08-08279,DOWNLOADED,19039,cb700f0e24c0229898d0849ad75529fd1e473200f06a3351043914e042df5a3d,ISTRES (13) 07.08.2012 | GEIPAN Orange arrow icon Orange arrow icon Orange arrow icon Arrow,
https://www.geipan.fr/fr/cas/2012-08-08280,2012-08-08280,https://www.geipan.fr/fr/cas/2012-08-08280,DOWNLOADED,18420,c3eee13108cd28993d6fdb93751b66a546d4832bf37a228f787ffee713da8361,BARBERAZ (73) 08.08.2012 | GEIPAN Orange arrow icon Orange arrow icon Orange arrow icon Arrow,
https://www.geipan.fr/fr/cas/2012-08-08281,2012-08-08281,https://www.geipan.fr/fr/cas/2012-08-08281,DOWNLOADED,19176,8f88f24b88266f0ee1a278882833c3d12275c12136191467ea59124d50310ad0,PARIS (75) 08.08.2012 | GEIPAN Orange arrow icon Orange arrow icon Orange arrow icon Arrow,
https://www.geipan.fr/fr/cas/2012-08-08282,2012-08-08282,https://www.geipan.fr/fr/cas/2012-08-08282,DOWNLOADED,19430,7d59abce02b2673e54c657d9a7d343509596b148eb2f62c7380099938b1bc344,MORTEMART (87) 08.08.2012 | GEIPAN Orange arrow icon Orange arrow icon Orange arrow icon Arrow,
https://www.geipan.fr/fr/cas/2012-08-08283,2012-08-08283,https://www.geipan.fr/fr/cas/2012-08-08283,DOWNLOADED,20049,09ae69bc092844eeffa6fdff18369f476d0f23b53abd63d9b8cd44d4f11c621d,TILLY-SUR-SEULLES (14) 08.08.2012 | GEIPAN Orange arrow icon Orange arrow icon Orange arrow icon Arrow,
https://www.geipan.fr/fr/cas/2012-08-08284,2012-08-08284,https://www.geipan.fr/fr/cas/2012-08-08284,DOWNLOADED,20287,626a0c79307fe2237453ddee557dcd252bde11cb2426de767a53a6c05e3271b9,VOLX (04) 08.08.2012 | GEIPAN Orange arrow icon Orange arrow icon Orange arrow icon Arrow,
https://www.geipan.fr/fr/cas/2012-08-08285,2012-08-08285,https://www.geipan.fr/fr/cas/2012-08-08285,DOWNLOADED,19334,46be03980c0fdf660e6800b618ef272c0113aa32f9c3266a29f118ba48527f68,MONTCRESSON (45) 19.08.2012 | GEIPAN Orange arrow icon Orange arrow icon Orange arrow icon Arrow,
https://www.geipan.fr/fr/cas/2012-08-08287,2012-08-08287,https://www.geipan.fr/fr/cas/2012-08-08287,DOWNLOADED,19778,947994a097ff47765dd022c6afce323c1a80bcd76058beca64c7e638d9241ea9,SOUSTONS (40) 13.08.2012 | GEIPAN Orange arrow icon Orange arrow icon Orange arrow icon Arrow,
https://www.geipan.fr/fr/cas/2012-08-08288,2012-08-08288,https://www.geipan.fr/fr/cas/2012-08-08288,DOWNLOADED,20629,c200726b0d5c8296924276f68d39b1125110c2bcc98b8e5114b8fee6a5481af6,THORIGNE-D'ANJOU (49) 15.08.2012 | GEIPAN Orange arrow icon Orange arrow icon Orange arrow icon Arrow,
https://www.geipan.fr/fr/cas/2012-08-08290,2012-08-08290,https://www.geipan.fr/fr/cas/2012-08-08290,DOWNLOADED,19971,a6a521370f6f53301c7300f8d31147b2f36c97e546747ecce8df998f779536ee,CHATENAY-MALABRY (92) 19.08.2012 | GEIPAN Orange arrow icon Orange arrow icon Orange arrow icon Arrow,
https://www.geipan.fr/fr/cas/2012-08-08291,2012-08-08291,https://www.geipan.fr/fr/cas/2012-08-08291,DOWNLOADED,19710,727de0829fa8c7c110937418432c885dcd7509bf4c676b75b7277b6bd6d93a0b,ATTENSCHWILLER (68) 20.08.2012 | GEIPAN Orange arrow icon Orange arrow icon Orange arrow icon Arrow,
https://www.geipan.fr/fr/cas/2012-08-08292,2012-08-08292,https://www.geipan.fr/fr/cas/2012-08-08292,DOWNLOADED,19795,bf45ecc99faef3d34c93dfe50f760348579e62260e5b2055877c8eab71d62122,ARCHAMPS (74) 04.08.2012 | GEIPAN Orange arrow icon Orange arrow icon Orange arrow icon Arrow,
https://www.geipan.fr/fr/cas/2012-08-08295,2012-08-08295,https://www.geipan.fr/fr/cas/2012-08-08295,DOWNLOADED,19889,2b6143a9cf46399506d0f220b572e915e174d2c0cbefbfddf6458aac52143378,SAINT-HILAIRE (11) 26.08.2012 | GEIPAN Orange arrow icon Orange arrow icon Orange arrow icon Arrow,
https://www.geipan.fr/fr/cas/2012-08-08297,2012-08-08297,https://www.geipan.fr/fr/cas/2012-08-08297,DOWNLOADED,19738,d4afbbf6bb6e964bc31f14306f21bb570483ef4fda85cf1e01e0458ce0f09888,CAPENS (31) 14.08.2012 | GEIPAN Orange arrow icon Orange arrow icon Orange arrow icon Arrow,
https://www.geipan.fr/fr/cas/2012-08-08298,2012-08-08298,https://www.geipan.fr/fr/cas/2012-08-08298,DOWNLOADED,19387,5ae6e9f79c47bd277f7ff00973ff8af8476411874c94f421cb25f83d6d20661a,AOUSTE-SUR-SYE (26) 26.08.2012 | GEIPAN Orange arrow icon Orange arrow icon Orange arrow icon Arrow,
https://www.geipan.fr/fr/cas/2012-08-08301,2012-08-08301,https://www.geipan.fr/fr/cas/2012-08-08301,DOWNLOADED,19125,32814285f27b6412203ab4a56410e2ccf6fb9ffe576afdb4212bf0e3b4f26bf3,RIOUX (17) 09.08.2012 | GEIPAN Orange arrow icon Orange arrow icon Orange arrow icon Arrow,
https://www.geipan.fr/fr/cas/2012-08-08303,2012-08-08303,https://www.geipan.fr/fr/cas/2012-08-08303,DOWNLOADED,19574,dcf1fb035296836da336669a7d859e4dc0261e00b6a735f4e268deee66c89daf,CLARET (04) 22.08.2012 | GEIPAN Orange arrow icon Orange arrow icon Orange arrow icon Arrow,
https://www.geipan.fr/fr/cas/2012-08-08304,2012-08-08304,https://www.geipan.fr/fr/cas/2012-08-08304,DOWNLOADED,19535,333805ff07576e241244e5343daeb06983fbb10f59b1061a0d5837b80fd8b13b,METHAMIS (84) 14.08.2012 | GEIPAN Orange arrow icon Orange arrow icon Orange arrow icon Arrow,
https://www.geipan.fr/fr/cas/2012-08-08306,2012-08-08306,https://www.geipan.fr/fr/cas/2012-08-08306,DOWNLOADED,19537,96778c11f6200f8d8a1362dc90e3e9cd16ebe4b42785204cb4a7c1a8bcf88d0f,GAGNY (93) 13.08.2012 | GEIPAN Orange arrow icon Orange arrow icon Orange arrow icon Arrow,
https://www.geipan.fr/fr/cas/2012-08-08307,2012-08-08307,https://www.geipan.fr/fr/cas/2012-08-08307,DOWNLOADED,19182,cd896f37b79f8be3648b9c16d9a2a711ffaae61b35bfce015dd9699d2fe1acda,BOURGOIN-JALLIEU (38) 24.08.2012 | GEIPAN Orange arrow icon Orange arrow icon Orange arrow icon Arrow,
https://www.geipan.fr/fr/cas/2012-08-08309,2012-08-08309,https://www.geipan.fr/fr/cas/2012-08-08309,DOWNLOADED,19156,47d0adabb75f9e59ca61a7da5a61e3e44aa89d53f7f0b011238c6d5ee6b4f0e4,GRASSE (06) 29.08.2012 | GEIPAN Orange arrow icon Orange arrow icon Orange arrow icon Arrow,
https://www.geipan.fr/fr/cas/2012-08-08311,2012-08-08311,https://www.geipan.fr/fr/cas/2012-08-08311,DOWNLOADED,19390,d54ac7bcf4e8a655f481006fdd7697f23fb1470125323d2c28f757052f0c4460,LYON (69) 23.08.2012 | GEIPAN Orange arrow icon Orange arrow icon Orange arrow icon Arrow,
https://www.geipan.fr/fr/cas/2012-08-08312,2012-08-08312,https://www.geipan.fr/fr/cas/2012-08-08312,DOWNLOADED,20087,4423f0f065ac3c3535748b03dd6403a343f76c6b6cdb4a10bfe73e66828473b7,DRAGUIGNAN (83) 22.08.2012 | GEIPAN Orange arrow icon Orange arrow icon Orange arrow icon Arrow,
https://www.geipan.fr/fr/cas/2012-08-08313,2012-08-08313,https://www.geipan.fr/fr/cas/2012-08-08313,DOWNLOADED,19212,8e1ad580f25cabef46a129ded5a440feed40e45c97770962dcab977f6516b61d,TOULON (83) 23.08.2012 | GEIPAN Orange arrow icon Orange arrow icon Orange arrow icon Arrow,
https://www.geipan.fr/fr/cas/2012-08-08315,2012-08-08315,https://www.geipan.fr/fr/cas/2012-08-08315,DOWNLOADED,19468,e72a24602a1b96e4175d70fcf9e9c83d088b4eb5fdf0a48a22ee2c813b3a2030,ARLES (13) 11.08.2012 | GEIPAN Orange arrow icon Orange arrow icon Orange arrow icon Arrow,
https://www.geipan.fr/fr/cas/2012-08-08319,2012-08-08319,https://www.geipan.fr/fr/cas/2012-08-08319,DOWNLOADED,18633,69e33da7f8d7a592ecd08efbc45cbf3889bcae72a7e62ac4ed6c4409a0e4586b,MENTON (06) 07.08.2012 | GEIPAN Orange arrow icon Orange arrow icon Orange arrow icon Arrow,
https://www.geipan.fr/fr/cas/2012-08-08322,2012-08-08322,https://www.geipan.fr/fr/cas/2012-08-08322,DOWNLOADED,19101,d579a1d1464c2fe80302f20ad6af4256fb4a521bbdc96fd439b2eace6d4b1fcb,SAINT-FRANCOIS (971) 26.08.2012 | GEIPAN Orange arrow icon Orange arrow icon Orange arrow icon Arrow,
https://www.geipan.fr/fr/cas/2012-08-08331,2012-08-08331,https://www.geipan.fr/fr/cas/2012-08-08331,DOWNLOADED,19693,5404015bc99beb3f0b46fbc93b36b81dd133b6292b14eb0634fe5d4fc87112a4,CHALLANS (85) 08.08.2012 | GEIPAN Orange arrow icon Orange arrow icon Orange arrow icon Arrow,
https://www.geipan.fr/fr/cas/2012-08-08346,2012-08-08346,https://www.geipan.fr/fr/cas/2012-08-08346,DOWNLOADED,19286,9e50662ea208bab7a70fdc406e47f38beb986623024997911c2dcefd1ebad40c,MEZE (34) 20.08.2012 | GEIPAN Orange arrow icon Orange arrow icon Orange arrow icon Arrow,
https://www.geipan.fr/fr/cas/2012-08-08377,2012-08-08377,https://www.geipan.fr/fr/cas/2012-08-08377,DOWNLOADED,18625,740c54f22f6398b6233949120febdacc885f51374f7b27d52ea5375f28e11913,MONTSALVY (15) 27.08.2012 | GEIPAN Orange arrow icon Orange arrow icon Orange arrow icon Arrow,
https://www.geipan.fr/fr/cas/2012-08-08426,2012-08-08426,https://www.geipan.fr/fr/cas/2012-08-08426,DOWNLOADED,20272,9916adf4025470342daada98f1a3c15c7ee2c41a80d0af2b69fdb33bd93e1c98,EZE (06) 05.08.2012 | GEIPAN Orange arrow icon Orange arrow icon Orange arrow icon Arrow,
https://www.geipan.fr/fr/cas/2012-08-08608,2012-08-08608,https://www.geipan.fr/fr/cas/2012-08-08608,DOWNLOADED,19718,4b45d25d64453eb338830926056a7cf97d0433502de9c4cdf925dbe7b3e81917,NARNHAC (15) 17.08.2012 | GEIPAN Orange arrow icon Orange arrow icon Orange arrow icon Arrow,
https://www.geipan.fr/fr/cas/2012-08-08686,2012-08-08686,https://www.geipan.fr/fr/cas/2012-08-08686,DOWNLOADED,19083,445a75ae0341e22a1a667fc712ede70dabbbcf5e83480d43bb0764c3aff247ac,BRUE-AURIAC (83) 22.08.2012 | GEIPAN Orange arrow icon Orange arrow icon Orange arrow icon Arrow,
https://www.geipan.fr/fr/cas/2012-08-09252,2012-08-09252,https://www.geipan.fr/fr/cas/2012-08-09252,DOWNLOADED,20220,771c1c0f177ab7c7008c8b913c0ed93041de4c04a9ced215162b1ee9e024df16,DE CHARTRES (28) VERS CAEN (14) 31.08.2012 | GEIPAN Orange arrow icon Orange arrow icon Orange arrow icon Arrow,
https://www.geipan.fr/fr/cas/2012-09-08308,2012-09-08308,https://www.geipan.fr/fr/cas/2012-09-08308,DOWNLOADED,19644,cef4c0cd7de42b9a4a407c86ec642ed5ec8988b89ea5d8ca835570c6a3e1143b,GENSAC-SUR-GARONNE (31) 02.09.2012 | GEIPAN Orange arrow icon Orange arrow icon Orange arrow icon Arrow,
https://www.geipan.fr/fr/cas/2012-09-08316,2012-09-08316,https://www.geipan.fr/fr/cas/2012-09-08316,DOWNLOADED,19461,2057671f76ec3505daf80643d2255cb39a9debe82a3268eb695f1ed0091fcf81,NOTRE-DAME-DE-LONDRES (34) 09.09.2012 | GEIPAN Orange arrow icon Orange arrow icon Orange arrow icon Arrow,
https://www.geipan.fr/fr/cas/2012-09-08318,2012-09-08318,https://www.geipan.fr/fr/cas/2012-09-08318,DOWNLOADED,19571,3dda35c8ff8a4f24edd9b78fe9d860b96f6c70c614639d616e17c5d88988e8e3,CHARVIEU-CHAVAGNEUX (38) 08.09.2012 | GEIPAN Orange arrow icon Orange arrow icon Orange arrow icon Arrow,
https://www.geipan.fr/fr/cas/2012-09-08323,2012-09-08323,https://www.geipan.fr/fr/cas/2012-09-08323,DOWNLOADED,20212,94cc46a9164770a70fb9b0cbfb84731d3e3fb60547b850acbf48adaab746e9f1,VERTUS (51) 07.09.2012 | GEIPAN Orange arrow icon Orange arrow icon Orange arrow icon Arrow,
https://www.geipan.fr/fr/cas/2012-09-08324,2012-09-08324,https://www.geipan.fr/fr/cas/2012-09-08324,DOWNLOADED,18881,20c8bfd6c95b6b4299b3a1c9d9da01caf0fc0bec9eff3062582099deacfba3d0,MEURSANGES (21) 10.09.2012 | GEIPAN Orange arrow icon Orange arrow icon Orange arrow icon Arrow,
https://www.geipan.fr/fr/cas/2012-09-08325,2012-09-08325,https://www.geipan.fr/fr/cas/2012-09-08325,DOWNLOADED,20099,feed3b63f50e629e9e3efd2e6d9ac14701ae4a50f24eaf27a1d6467fbc64633c,MISON (04) 10.09.2012 | GEIPAN Orange arrow icon Orange arrow icon Orange arrow icon Arrow,
https://www.geipan.fr/fr/cas/2012-09-08326,2012-09-08326,https://www.geipan.fr/fr/cas/2012-09-08326,DOWNLOADED,18854,caf0f98e1ba1076c42ce9981d3842812ecea6c72b3693fa4ad4f4f468b5824f6,TAMPON (LE) (974) 16.09.2012 | GEIPAN Orange arrow icon Orange arrow icon Orange arrow icon Arrow,
https://www.geipan.fr/fr/cas/2012-09-08327,2012-09-08327,https://www.geipan.fr/fr/cas/2012-09-08327,DOWNLOADED,20599,4dc14062358e749ed99cbcf5a4adc22dc5a96e055328a4829aae4ad02687f58b,BAZIEGE (31) 14.09.2012 | GEIPAN Orange arrow icon Orange arrow icon Orange arrow icon Arrow,
https://www.geipan.fr/fr/cas/2012-09-08328,2012-09-08328,https://www.geipan.fr/fr/cas/2012-09-08328,DOWNLOADED,19251,a9eae768a6ad3acda4ce9fa60e50451feeb3b61635aea30b381d462e397ca7a6,CLERMONT-FERRAND (63) 17.09.2012 | GEIPAN Orange arrow icon Orange arrow icon Orange arrow icon Arrow,
https://www.geipan.fr/fr/cas/2012-09-08329,2012-09-08329,https://www.geipan.fr/fr/cas/2012-09-08329,DOWNLOADED,22517,814fa907b4bfc21904df989824971a422e2289f3cfa68d6d35c0308d05485584,RENTREE ATMOSPHERIQUE — NATIONAL (FR) 20.09.2012 | GEIPAN Orange arrow icon Orange arrow icon Orange arrow icon Arrow,
https://www.geipan.fr/fr/cas/2012-09-08332,2012-09-08332,https://www.geipan.fr/fr/cas/2012-09-08332,DOWNLOADED,19046,246e8654a0de7fb5626bfa957adcf935d4786d21c8264360cb7be17764c7b3d5,FRESSE-SUR-MOSELLE (88) 01.09.2012 | GEIPAN Orange arrow icon Orange arrow icon Orange arrow icon Arrow,
https://www.geipan.fr/fr/cas/2012-09-08333,2012-09-08333,https://www.geipan.fr/fr/cas/2012-09-08333,DOWNLOADED,19169,abd1e82b079255ae83128f50ef19a5a6ae2e852ed604d017fe4dbe5731e53fa6,VERN-SUR-SEICHE (35) 17.09.2012 | GEIPAN Orange arrow icon Orange arrow icon Orange arrow icon Arrow,
https://www.geipan.fr/fr/cas/2012-09-08334,2012-09-08334,https://www.geipan.fr/fr/cas/2012-09-08334,DOWNLOADED,19273,6238b6b060c600987b0409af654c048ee39bb96e81fc70a312de37219944102a,YERRES (91) 15.09.2012 | GEIPAN Orange arrow icon Orange arrow icon Orange arrow icon Arrow,
https://www.geipan.fr/fr/cas/2012-09-08339,2012-09-08339,https://www.geipan.fr/fr/cas/2012-09-08339,DOWNLOADED,20487,af9213dcdc85b492dfeaae0f51105ecca0aec59adc540d2b56123d1c6cac0b20,AVION (62) 24.09.2012 | GEIPAN Orange arrow icon Orange arrow icon Orange arrow icon Arrow,
https://www.geipan.fr/fr/cas/2012-09-08342,2012-09-08342,https://www.geipan.fr/fr/cas/2012-09-08342,DOWNLOADED,20047,85e8f5c95ae280d3aa1ae3202238c451df3dc337b89ad5e9e22584cdb117337b,BOULOGNE-BILLANCOURT (92) 29.09.2012 | GEIPAN Orange arrow icon Orange arrow icon Orange arrow icon Arrow,
https://www.geipan.fr/fr/cas/2012-09-08343,2012-09-08343,https://www.geipan.fr/fr/cas/2012-09-08343,DOWNLOADED,19691,1c15cc81f81e959816067d84984e7fddd6f6da036d4e37a7ebff0385ce9f9e33,BONS-EN-CHABLAIS (74) 16.09.2012 | GEIPAN Orange arrow icon Orange arrow icon Orange arrow icon Arrow,
https://www.geipan.fr/fr/cas/2012-09-08350,2012-09-08350,https://www.geipan.fr/fr/cas/2012-09-08350,DOWNLOADED,19593,9d7e0552c5e73928b592cad27e93aa42f46e160464a6e162ae155e2c1afae9ed,VILLEURBANNE (69) 15.09.2012 | GEIPAN Orange arrow icon Orange arrow icon Orange arrow icon Arrow,
https://www.geipan.fr/fr/cas/2012-09-08356,2012-09-08356,https://www.geipan.fr/fr/cas/2012-09-08356,DOWNLOADED,19737,be69190d18b2e621b261de9335300786cbe7301244447d1adfd0d312c4d38eaa,SAUSSENAC (81) 12.09.2012 | GEIPAN Orange arrow icon Orange arrow icon Orange arrow icon Arrow,
https://www.geipan.fr/fr/cas/2012-09-08358,2012-09-08358,https://www.geipan.fr/fr/cas/2012-09-08358,DOWNLOADED,21677,83ca6f991197503560ba9ff97069f0830c0f1073e88634c3595170e8a9f7bfcc,MONTMARAULT (03) 29.09.2012 | GEIPAN Orange arrow icon Orange arrow icon Orange arrow icon Arrow,
https://www.geipan.fr/fr/cas/2012-09-08366,2012-09-08366,https://www.geipan.fr/fr/cas/2012-09-08366,DOWNLOADED,20151,2e61bef67867d2090fd2b7025b660bc3d181f5a88789597012cfb4ea7f0fcd05,ILE-D'YEU (L') (85) 11.09.2012 | GEIPAN Orange arrow icon Orange arrow icon Orange arrow icon Arrow,
https://www.geipan.fr/fr/cas/2012-09-08367,2012-09-08367,https://www.geipan.fr/fr/cas/2012-09-08367,DOWNLOADED,19525,cde138048b676389f1c53cfdca8a5908984be8fdd5f639e7cea70b8837f0baab,GRASSE (06) 15.09.2012 | GEIPAN Orange arrow icon Orange arrow icon Orange arrow icon Arrow,
https://www.geipan.fr/fr/cas/2012-09-08372,2012-09-08372,https://www.geipan.fr/fr/cas/2012-09-08372,DOWNLOADED,19638,df729636bfd679f682a6ab108b60e3e79a3d5beb2d1b893cc65f71c1cbeee75d,[D996] DE SAUXILLANGES (63) VERS COLLANGES (63) 23.09.2012 | GEIPAN Orange arrow icon Orange arrow icon Orange arrow icon Arrow,
https://www.geipan.fr/fr/cas/2012-09-08453,2012-09-08453,https://www.geipan.fr/fr/cas/2012-09-08453,DOWNLOADED,20476,b0e2eff87dadd5fcb0e4f03d4af2b3b94bbcbf9d634c3d40512de085bc9e0f94,GONDRECOURT-LE-CHATEAU (55) 16.09.2012 | GEIPAN Orange arrow icon Orange arrow icon Orange arrow icon Arrow,
https://www.geipan.fr/fr/cas/2012-09-08702,2012-09-08702,https://www.geipan.fr/fr/cas/2012-09-08702,DOWNLOADED,19495,3a1db99afd8d25989a8eaa8628bf1b63276255785e01d6f29df14e24ae36de60,ATHIS-MONS (91) 16.09.2012 | GEIPAN Orange arrow icon Orange arrow icon Orange arrow icon Arrow,
https://www.geipan.fr/fr/cas/2012-09-09385,2012-09-09385,https://www.geipan.fr/fr/cas/2012-09-09385,DOWNLOADED,21248,c7f088eafe03d57859c5a15b5ffce5cabcc2e2962a0fdc403a5b9c0e0fa0db1a,MONETAY-SUR-ALLIER (03) 02.09.2012 | GEIPAN Orange arrow icon Orange arrow icon Orange arrow icon Arrow,
https://www.geipan.fr/fr/cas/2012-10-08338,2012-10-08338,https://www.geipan.fr/fr/cas/2012-10-08338,DOWNLOADED,19300,e29a693b5954420be6ecfb5372d6e26d896268df4785677af8f64fc979be78be,TAMPON (LE) (974) 01.10.2012 | GEIPAN Orange arrow icon Orange arrow icon Orange arrow icon Arrow,
https://www.geipan.fr/fr/cas/2012-10-08341,2012-10-08341,https://www.geipan.fr/fr/cas/2012-10-08341,DOWNLOADED,20139,028a6b124df0fac4e9912b16ce52f4da8a0c9208d41e6b9b116a6490f3f14382,DAMMARTIN-EN-GOELE (77) 05.10.2012 | GEIPAN Orange arrow icon Orange arrow icon Orange arrow icon Arrow,
https://www.geipan.fr/fr/cas/2012-10-08347,2012-10-08347,https://www.geipan.fr/fr/cas/2012-10-08347,DOWNLOADED,18976,dc1a2707ae2b9357941702b119cb96aceea5819a1cca6881b172e89c44841560,LIEU-SAINT-AMAND (59) 09.10.2012 | GEIPAN Orange arrow icon Orange arrow icon Orange arrow icon Arrow,
https://www.geipan.fr/fr/cas/2012-10-08348,2012-10-08348,https://www.geipan.fr/fr/cas/2012-10-08348,DOWNLOADED,19052,011de699cbe5589f0a6ff7bcdb07954e67a0edfe8fea4bbb86d063de22f6e00b,LIMOGES (87) 09.10.2012 | GEIPAN Orange arrow icon Orange arrow icon Orange arrow icon Arrow,
https://www.geipan.fr/fr/cas/2012-10-08349,2012-10-08349,https://www.geipan.fr/fr/cas/2012-10-08349,DOWNLOADED,21407,ac9f475d61658075409916de232e5b90a2451a5d08db71d9cad42bcb992d096d,FITOU (11) 13.10.2012 | GEIPAN Orange arrow icon Orange arrow icon Orange arrow icon Arrow,
https://www.geipan.fr/fr/cas/2012-10-08362,2012-10-08362,https://www.geipan.fr/fr/cas/2012-10-08362,DOWNLOADED,19583,96b1ac359320ff9abe62952a47b2d7def40920caf0d6f6d62332520e189ce735,MARSEILLE (13) 28.10.2012 | GEIPAN Orange arrow icon Orange arrow icon Orange arrow icon Arrow,
https://www.geipan.fr/fr/cas/2012-10-08368,2012-10-08368,https://www.geipan.fr/fr/cas/2012-10-08368,DOWNLOADED,20408,0c559675617c8a201dbb5dc0cc0b22c7ae4dddbbfbcf559016f4ffbbe77ef785,POISAT (38) 24.10.2012 | GEIPAN Orange arrow icon Orange arrow icon Orange arrow icon Arrow,
https://www.geipan.fr/fr/cas/2012-10-08385,2012-10-08385,https://www.geipan.fr/fr/cas/2012-10-08385,DOWNLOADED,19546,523328c1f03f3470640035e6439d17b656bda9864957189dcc80eae6aa7fa416,MAZERES (33) 09.10.2012 | GEIPAN Orange arrow icon Orange arrow icon Orange arrow icon Arrow,
https://www.geipan.fr/fr/cas/2012-10-09496,2012-10-09496,https://www.geipan.fr/fr/cas/2012-10-09496,DOWNLOADED,18799,5c2142bf18cb27e36a5f41e6c8c8fca393e6b66eccea7b23119976d4c6bf6ee8,TOURS (37) 31.10.2012 | GEIPAN Orange arrow icon Orange arrow icon Orange arrow icon Arrow,
https://www.geipan.fr/fr/cas/2012-11-08360,2012-11-08360,https://www.geipan.fr/fr/cas/2012-11-08360,DOWNLOADED,19582,531aa283d724239a1700f34b6211fb5992780d6415812f1cd64f9f6b2451ebde,BUGUE (LE) (24) 05.11.2012 | GEIPAN Orange arrow icon Orange arrow icon Orange arrow icon Arrow,
https://www.geipan.fr/fr/cas/2012-11-08363,2012-11-08363,https://www.geipan.fr/fr/cas/2012-11-08363,DOWNLOADED,19475,bd8ea997cbf41ebbd1fc28bdb83e1aec912342817360e754ead8b7d68dac272e,MONACO (MC.MC) 02.11.2012 | GEIPAN Orange arrow icon Orange arrow icon Orange arrow icon Arrow,
https://www.geipan.fr/fr/cas/2012-11-08364,2012-11-08364,https://www.geipan.fr/fr/cas/2012-11-08364,DOWNLOADED,18904,48874e7c35a2bf2132d79d7da491a939f6014b1a5abec05e1688aee9a981dc99,AVIGNON (84) 12.11.2012 | GEIPAN Orange arrow icon Orange arrow icon Orange arrow icon Arrow,
https://www.geipan.fr/fr/cas/2012-11-08369,2012-11-08369,https://www.geipan.fr/fr/cas/2012-11-08369,DOWNLOADED,19876,619922252ac7b985a8c3703ee094d3d096a43a39271ce3f1fe17a6ce8f468e94,SIX-FOURS-LES-PLAGES (83) 25.11.2012 | GEIPAN Orange arrow icon Orange arrow icon Orange arrow icon Arrow,
https://www.geipan.fr/fr/cas/2012-11-08392,2012-11-08392,https://www.geipan.fr/fr/cas/2012-11-08392,DOWNLOADED,21007,de8f7c411c3991c560b33fb047faa5fb9983aedfc3cd8cec4e1b46ed4fe7f204,MONTIVILLIERS (76) 22.11.2012 | GEIPAN Orange arrow icon Orange arrow icon Orange arrow icon Arrow,
https://www.geipan.fr/fr/cas/2012-11-08403,2012-11-08403,https://www.geipan.fr/fr/cas/2012-11-08403,DOWNLOADED,21609,4da634ce1717b7ba5c3ccd8b44735afdc0c6392524fcce528da734e94ae61a6e,DOUARNENEZ (29) 18.11.2012 | GEIPAN Orange arrow icon Orange arrow icon Orange arrow icon Arrow,
https://www.geipan.fr/fr/cas/2012-11-08711,2012-11-08711,https://www.geipan.fr/fr/cas/2012-11-08711,DOWNLOADED,19214,8543367b3afe5ce1d6a7326e38ae95316f1ead46e0ef0102778874c2ef55debf,ROHAIRE (28) 29.11.2012 | GEIPAN Orange arrow icon Orange arrow icon Orange arrow icon Arrow,
https://www.geipan.fr/fr/cas/2012-11-09213,2012-11-09213,https://www.geipan.fr/fr/cas/2012-11-09213,DOWNLOADED,20021,5368541ea2179458a2e7fea6a7464466a5518742cb49024891e24141033c584a,FEUQUIERES-EN-VIMEU (80) 10.11.2012 | GEIPAN Orange arrow icon Orange arrow icon Orange arrow icon Arrow,
https://www.geipan.fr/fr/cas/2012-12-08371,2012-12-08371,https://www.geipan.fr/fr/cas/2012-12-08371,DOWNLOADED,19324,1091a40c258da8a3451fc4e1110a39fa1dbdf8d768cd7ab6f750b3fbb4a278c2,SARTROUVILLE (78) 02.12.2012 | GEIPAN Orange arrow icon Orange arrow icon Orange arrow icon Arrow,
https://www.geipan.fr/fr/cas/2012-12-08373,2012-12-08373,https://www.geipan.fr/fr/cas/2012-12-08373,DOWNLOADED,19953,5d984ac981a11b3f0ec466dc64afcba1dde5ec0d565da72cf9fea8454f48f9c3,[AERO LOC] PERPIGNAN (66) 12.12.2012 | GEIPAN Orange arrow icon Orange arrow icon Orange arrow icon Arrow,
https://www.geipan.fr/fr/cas/2012-12-08374,2012-12-08374,https://www.geipan.fr/fr/cas/2012-12-08374,DOWNLOADED,19060,e0a820e95bda3808d66135cb5cc21f185911e5c34d4b5e5155dce87cc2ca7e94,"[AERO RYR, BIE] TOULOUSE (31) 13.12.2012 | GEIPAN Orange arrow icon Orange arrow icon Orange arrow icon Arrow",
https://www.geipan.fr/fr/cas/2012-12-08375,2012-12-08375,https://www.geipan.fr/fr/cas/2012-12-08375,DOWNLOADED,19099,c8c6f5e371ee751a83919aa6dbd46d941e80a0871b0db0700be86f99582050ca,CARBONNE (31) 12.12.2012 | GEIPAN Orange arrow icon Orange arrow icon Orange arrow icon Arrow,
https://www.geipan.fr/fr/cas/2012-12-08380,2012-12-08380,https://www.geipan.fr/fr/cas/2012-12-08380,DOWNLOADED,20306,047fd9fa2ad556056fef1147d96b860be4242dee821ed056264c4222b1be5a69,SAINT-MARTIN-DE-SEIGNANX (40) 24.12.2012 | GEIPAN Orange arrow icon Orange arrow icon Orange arrow icon Arrow,
https://www.geipan.fr/fr/cas/2012-12-08381,2012-12-08381,https://www.geipan.fr/fr/cas/2012-12-08381,DOWNLOADED,20149,74f69296612064fd6f494989d5ab8274a30ed4e3c7229cf0889964e49c745ca3,TOULOUSE (31) 28.12.2012 | GEIPAN Orange arrow icon Orange arrow icon Orange arrow icon Arrow,
https://www.geipan.fr/fr/cas/2012-12-08382,2012-12-08382,https://www.geipan.fr/fr/cas/2012-12-08382,DOWNLOADED,19230,24c2f8c11a48f4e8474c37a766a4e13f7896d6be9285b964ecad2b6a2fc4b0f8,CRANVES-SALES (74) 17.12.2012 | GEIPAN Orange arrow icon Orange arrow icon Orange arrow icon Arrow,
https://www.geipan.fr/fr/cas/2012-12-08395,2012-12-08395,https://www.geipan.fr/fr/cas/2012-12-08395,DOWNLOADED,19966,4a7a32df969f0ebb7df645679ee4c809f6eefa22548c0ae566e14b791f9a6571,TAVEL (30) 29.12.2012 | GEIPAN Orange arrow icon Orange arrow icon Orange arrow icon Arrow,
https://www.geipan.fr/fr/cas/2012-12-08425,2012-12-08425,https://www.geipan.fr/fr/cas/2012-12-08425,DOWNLOADED,19101,d1f698515825c79390c8877fa9c29af4af42efe8b87684248f7f228122e39fc0,ROCHELLE (LA) (17) 05.12.2012 | GEIPAN Orange arrow icon Orange arrow icon Orange arrow icon Arrow,
https://www.geipan.fr/fr/cas/2012-12-08429,2012-12-08429,https://www.geipan.fr/fr/cas/2012-12-08429,DOWNLOADED,19202,5be18584a63e7d89e7d40d1da8e1e142dfb59a6c35cac1c531b455c37bd5667f,ROCHELLE (LA) (17) 12.12.2012 | GEIPAN Orange arrow icon Orange arrow icon Orange arrow icon Arrow,
https://www.geipan.fr/fr/cas/2012-12-08960,2012-12-08960,https://www.geipan.fr/fr/cas/2012-12-08960,DOWNLOADED,19956,e81020a3b82c841e092bd8e64885299f251e42410d8bf95aeab60fe4ab55d757,SAINTE-ANNE (971) 14.12.2012 | GEIPAN Orange arrow icon Orange arrow icon Orange arrow icon Arrow,
https://www.geipan.fr/fr/cas/2012-12-50053,2012-12-50053,https://www.geipan.fr/fr/cas/2012-12-50053,DOWNLOADED,20212,af8c266274968640b4985c4661a850c2c9c41a6967f011fa7a79d883c71cfe6f,PARIS (75) 01.12.2012 | GEIPAN Orange arrow icon Orange arrow icon Orange arrow icon Arrow,
https://www.geipan.fr/fr/cas/2013-01-08383,2013-01-08383,https://www.geipan.fr/fr/cas/2013-01-08383,DOWNLOADED,19131,8035f214d5433d931257c1f5a4f4db27c157597f0ef7702159438033fa6fb2b9,NEULLIAC (56) 02.01.2013 | GEIPAN Orange arrow icon Orange arrow icon Orange arrow icon Arrow,
https://www.geipan.fr/fr/cas/2013-01-08384,2013-01-08384,https://www.geipan.fr/fr/cas/2013-01-08384,DOWNLOADED,19584,c81943eb403702f785ff1d91f3a3d3019e94c717164bd8f6933506669d3a7843,[AERO ARA] BLANGY-LE-CHATEAU (14) 07.01.2013 | GEIPAN Orange arrow icon Orange arrow icon Orange arrow icon Arrow,
https://www.geipan.fr/fr/cas/2013-01-08388,2013-01-08388,https://www.geipan.fr/fr/cas/2013-01-08388,DOWNLOADED,19787,47568faba8f609f9459ca5d3d01c3b547c13490d40c4bae1645de2de3437a180,ANNECY (74) 16.01.2013 | GEIPAN Orange arrow icon Orange arrow icon Orange arrow icon Arrow,
https://www.geipan.fr/fr/cas/2013-01-08390,2013-01-08390,https://www.geipan.fr/fr/cas/2013-01-08390,DOWNLOADED,19359,dfc8ec56bf35d6b11fc08628a6579b58de2e23568f28bd4095e82bcceda07e4b,SAINT-ETIENNE-DE-BOULOGNE (07) 07.01.2013 | GEIPAN Orange arrow icon Orange arrow icon Orange arrow icon Arrow,
https://www.geipan.fr/fr/cas/2013-01-08400,2013-01-08400,https://www.geipan.fr/fr/cas/2013-01-08400,DOWNLOADED,18964,6d7a5e6077816667614439aa6e363afe35005721ddb6d116611efd2bf7037053,PARIS (75) 01.01.2013 | GEIPAN Orange arrow icon Orange arrow icon Orange arrow icon Arrow,
https://www.geipan.fr/fr/cas/2013-01-08663,2013-01-08663,https://www.geipan.fr/fr/cas/2013-01-08663,DOWNLOADED,19475,fe5e6daec24a07f6c7ba1d8a4a8c45d5a692cba2eab104e26f28f97bf66282ce,TRIEMBACH-AU-VAL (67) 07.01.2013 | GEIPAN Orange arrow icon Orange arrow icon Orange arrow icon Arrow,
https://www.geipan.fr/fr/cas/2013-02-08396,2013-02-08396,https://www.geipan.fr/fr/cas/2013-02-08396,DOWNLOADED,19972,8d35065b7528cbce749bd47df14654aac3652c0e7a3efcfa58f6f0f4b2be0c64,PIRMIL (72) 02.02.2013 | GEIPAN Orange arrow icon Orange arrow icon Orange arrow icon Arrow,
https://www.geipan.fr/fr/cas/2013-02-08401,2013-02-08401,https://www.geipan.fr/fr/cas/2013-02-08401,DOWNLOADED,20077,15df70f701b4fb0ce57550ebc5a75cf57ada83cae765dad13069c6fac8a1f27e,BASTIA (20) 07.02.2013 | GEIPAN Orange arrow icon Orange arrow icon Orange arrow icon Arrow,
https://www.geipan.fr/fr/cas/2013-02-08405,2013-02-08405,https://www.geipan.fr/fr/cas/2013-02-08405,DOWNLOADED,19574,88d84dcc22098b96274b4d3966e0efee433b472affd42e2954ac46937309c18a,VILLEMOMBLE (93) 11.02.2013 | GEIPAN Orange arrow icon Orange arrow icon Orange arrow icon Arrow,
https://www.geipan.fr/fr/cas/2013-02-08406,2013-02-08406,https://www.geipan.fr/fr/cas/2013-02-08406,DOWNLOADED,20870,63c0ca92c058a13254eeba9a0dd7ce683ab1ec867843a1de299f1e8574958e37,"ELEMENTS DE FUSEE — REGIONAL (67, 08) 13.02.2013 | GEIPAN Orange arrow icon Orange arrow icon Orange arrow icon Arrow",
https://www.geipan.fr/fr/cas/2013-02-08407,2013-02-08407,https://www.geipan.fr/fr/cas/2013-02-08407,DOWNLOADED,19843,747d043ea9936dd8e15b2c2f48cba204c246f89408a9453cf52898ff0279d7df,HAM (80) 17.02.2013 | GEIPAN Orange arrow icon Orange arrow icon Orange arrow icon Arrow,
https://www.geipan.fr/fr/cas/2013-02-08408,2013-02-08408,https://www.geipan.fr/fr/cas/2013-02-08408,DOWNLOADED,19273,4c39093b48d2eedd17781a7ce7971f512e419b16cf18fe8d0a8329f7bf6bf04a,VERFEIL (31) 17.02.2013 | GEIPAN Orange arrow icon Orange arrow icon Orange arrow icon Arrow,
https://www.geipan.fr/fr/cas/2013-02-08409,2013-02-08409,https://www.geipan.fr/fr/cas/2013-02-08409,DOWNLOADED,19254,58e32da52233f9a5703e5b5d1b9119a87251c955098dfdc46d0c9df15e4d0daf,BREST (29) 17.02.2013 | GEIPAN Orange arrow icon Orange arrow icon Orange arrow icon Arrow,
https://www.geipan.fr/fr/cas/2013-02-08415,2013-02-08415,https://www.geipan.fr/fr/cas/2013-02-08415,DOWNLOADED,19107,c845a96c0859c1244ac578d37d26b3aadc52e20970e5520098b543ca17e041d0,MOISSIEU-SUR-DOLON (38) 16.02.2013 | GEIPAN Orange arrow icon Orange arrow icon Orange arrow icon Arrow,
https://www.geipan.fr/fr/cas/2013-02-08417,2013-02-08417,https://www.geipan.fr/fr/cas/2013-02-08417,DOWNLOADED,19779,a357e972417abe89f5c6ac83361a04a393713e819caa67113480c31d522203f2,SAINTE-LUCE (972) 15.02.2013 | GEIPAN Orange arrow icon Orange arrow icon Orange arrow icon Arrow,
https://www.geipan.fr/fr/cas/2013-02-08471,2013-02-08471,https://www.geipan.fr/fr/cas/2013-02-08471,DOWNLOADED,19171,b5b2cbcc89ee8f14f697ed615d2798b3827d2d739037fe3df989757db49642b2,CURGIES (59) 17.02.2013 | GEIPAN Orange arrow icon Orange arrow icon Orange arrow icon Arrow,
https://www.geipan.fr/fr/cas/2013-02-08710,2013-02-08710,https://www.geipan.fr/fr/cas/2013-02-08710,DOWNLOADED,19545,f1c62b9690fbcd55293bb15dcdf17150e46e39cb03c44008a7aa8d259e2067dc,REMIRE-MONTJOLY (973) 07.02.2013 | GEIPAN Orange arrow icon Orange arrow icon Orange arrow icon Arrow,
https://www.geipan.fr/fr/cas/2013-03-08416,2013-03-08416,https://www.geipan.fr/fr/cas/2013-03-08416,DOWNLOADED,19727,b05c833b8b005a32f269e47ad67654b74649450c5a94c1c2b8e5874cd5929f73,HALLUIN (59) 03.02.2013 | GEIPAN Orange arrow icon Orange arrow icon Orange arrow icon Arrow,
https://www.geipan.fr/fr/cas/2013-03-08421,2013-03-08421,https://www.geipan.fr/fr/cas/2013-03-08421,DOWNLOADED,19386,f3c680ee5b18c1097be9c92aeed11cfaab0877692ab4900b9431dfdc53c9a7e8,CHESSY (77) 15.03.2013 | GEIPAN Orange arrow icon Orange arrow icon Orange arrow icon Arrow,
https://www.geipan.fr/fr/cas/2013-03-08422,2013-03-08422,https://www.geipan.fr/fr/cas/2013-03-08422,DOWNLOADED,19531,35c7dc3c7e311c1847ea8e8052a6f428a39db6b255a6e6c336ca70f6304f9a57,SAINT-GELY-DU-FESC (34) 09.03.2013 | GEIPAN Orange arrow icon Orange arrow icon Orange arrow icon Arrow,
https://www.geipan.fr/fr/cas/2013-03-08423,2013-03-08423,https://www.geipan.fr/fr/cas/2013-03-08423,DOWNLOADED,19355,2078dede3790bf67096b49f1ce25bc55c4bb1b2cc853ccc2cc7c9e84ac4b204e,RIEDISHEIM (68) 09.03.2013 | GEIPAN Orange arrow icon Orange arrow icon Orange arrow icon Arrow,
https://www.geipan.fr/fr/cas/2013-03-08427,2013-03-08427,https://www.geipan.fr/fr/cas/2013-03-08427,DOWNLOADED,19464,703e371810b7fae8c85ce704cea3cfb699c6cfb0aa2ffe48659336dee9b45c39,NICE (06) 19.03.2013 | GEIPAN Orange arrow icon Orange arrow icon Orange arrow icon Arrow,
https://www.geipan.fr/fr/cas/2013-03-08428,2013-03-08428,https://www.geipan.fr/fr/cas/2013-03-08428,DOWNLOADED,20261,a903ea5f3066cb0de4327c264618f4030dc4d4890ea64d36f9e7c2567825de86,SIDIAILLES (18) 03.03.2013 | GEIPAN Orange arrow icon Orange arrow icon Orange arrow icon Arrow,
https://www.geipan.fr/fr/cas/2013-03-08431,2013-03-08431,https://www.geipan.fr/fr/cas/2013-03-08431,DOWNLOADED,19283,e224a47c520156869f3f2b919219415a0afc5a1f253ffdf1b4766c5e327daa12,CARBON-BLANC (33) 08.03.2013 | GEIPAN Orange arrow icon Orange arrow icon Orange arrow icon Arrow,
https://www.geipan.fr/fr/cas/2013-03-08433,2013-03-08433,https://www.geipan.fr/fr/cas/2013-03-08433,DOWNLOADED,19724,c0348a2c40191edb2a18e18203234809bdae1e47dc608259f0f3db9dfcf367a7,MARSEILLE (13) 31.03.2013 | GEIPAN Orange arrow icon Orange arrow icon Orange arrow icon Arrow,
https://www.geipan.fr/fr/cas/2013-03-08437,2013-03-08437,https://www.geipan.fr/fr/cas/2013-03-08437,DOWNLOADED,20203,486a54670b992ff0c94c3402f4a855d02bbbd063a0a59592faa6fce3ccd95a14,BRIANCON (05) 10.03.2013 | GEIPAN Orange arrow icon Orange arrow icon Orange arrow icon Arrow,
https://www.geipan.fr/fr/cas/2013-03-08441,2013-03-08441,https://www.geipan.fr/fr/cas/2013-03-08441,DOWNLOADED,20697,fdd22bd46c56dc91f6a00ba8936c451cd4c224058605644d9d66f78c2dc7d599,TROUVILLE-SUR-MER (14) 14.03.2013 | GEIPAN Orange arrow icon Orange arrow icon Orange arrow icon Arrow,
https://www.geipan.fr/fr/cas/2013-03-08442,2013-03-08442,https://www.geipan.fr/fr/cas/2013-03-08442,DOWNLOADED,19111,ed67368feec6f21e0449177a317fd97f9db65196053b4679837a24b92ad6854a,HERRIN (59) 31.03.2013 | GEIPAN Orange arrow icon Orange arrow icon Orange arrow icon Arrow,
https://www.geipan.fr/fr/cas/2013-03-08445,2013-03-08445,https://www.geipan.fr/fr/cas/2013-03-08445,DOWNLOADED,21779,9958cc2576cb23246180d9ca233e67b6344efa994ee68a2d2fc28d3064901e13,DOMONT (95) 18.03.2013 | GEIPAN Orange arrow icon Orange arrow icon Orange arrow icon Arrow,
https://www.geipan.fr/fr/cas/2013-03-09051,2013-03-09051,https://www.geipan.fr/fr/cas/2013-03-09051,DOWNLOADED,19578,f310faa361111efc9f4b3e50334a704822a178386014d426f0b2ea983faefa2a,SAINT-JEAN-DE-BOISEAU (44) 24.03.2013 | GEIPAN Orange arrow icon Orange arrow icon Orange arrow icon Arrow,
https://www.geipan.fr/fr/cas/2013-03-50062,2013-03-50062,https://www.geipan.fr/fr/cas/2013-03-50062,DOWNLOADED,19593,b836b850224db75cf9d5f79d9c72cb826c7aeffff8a10693c6943431460ed35c,FONTAINE-LES-DIJON (21) 26.03.2013 | GEIPAN Orange arrow icon Orange arrow icon Orange arrow icon Arrow,
https://www.geipan.fr/fr/cas/2013-04-08440,2013-04-08440,https://www.geipan.fr/fr/cas/2013-04-08440,DOWNLOADED,19386,15db656045c6efac8d456c95bed9373b6eadc92a3893c5081229a089fb5bf71f,PLAISIR (78) 14.04.2013 | GEIPAN Orange arrow icon Orange arrow icon Orange arrow icon Arrow,
https://www.geipan.fr/fr/cas/2013-04-08443,2013-04-08443,https://www.geipan.fr/fr/cas/2013-04-08443,DOWNLOADED,19312,4c912e192862db7b25546e4f5e6a961b8a3d5dc9fc7fe268d337fe8fddfc6c03,SAINT-CYR-SUR-LOIRE (37) 23.04.2013 | GEIPAN Orange arrow icon Orange arrow icon Orange arrow icon Arrow,
https://www.geipan.fr/fr/cas/2013-04-08454,2013-04-08454,https://www.geipan.fr/fr/cas/2013-04-08454,DOWNLOADED,19257,5b05af01ca1c7fc06184b80d67d0981c96124ac86c9de6a7d0b0a705b7436871,ARTONNE (63) 01.04.2013 | GEIPAN Orange arrow icon Orange arrow icon Orange arrow icon Arrow,
https://www.geipan.fr/fr/cas/2013-04-08469,2013-04-08469,https://www.geipan.fr/fr/cas/2013-04-08469,DOWNLOADED,25356,9ab07bd15ca257bbbf8d87381b6b5557f9192ddae4c34bb53daf8572f4f0f656,JONQUIERES (11) 28.04.2013 | GEIPAN Orange arrow icon Orange arrow icon Orange arrow icon Arrow,
https://www.geipan.fr/fr/cas/2013-04-08491,2013-04-08491,https://www.geipan.fr/fr/cas/2013-04-08491,DOWNLOADED,19179,fae9c39bf0e2ab0609db3fb7efb4924ba02009da3d3625f9ef628dbf671edd37,[N1019] de GRANDVILLARS (90) vers DELLE (90) 14.04.2013 | GEIPAN Orange arrow icon Orange arrow icon Orange arrow icon Arrow,
https://www.geipan.fr/fr/cas/2013-04-08614,2013-04-08614,https://www.geipan.fr/fr/cas/2013-04-08614,DOWNLOADED,20064,dfe67b445379184423679e145a12e4b6edbc51e18b31d9f468f0767ad4312277,GARDANNE (13) 13.04.2013 | GEIPAN Orange arrow icon Orange arrow icon Orange arrow icon Arrow,
https://www.geipan.fr/fr/cas/2013-04-09337,2013-04-09337,https://www.geipan.fr/fr/cas/2013-04-09337,DOWNLOADED,19870,c1a8d077a5bbb299f9d2376a11cd96c54688dc590b0e35f8e05c8e1056f621ca,TROUVILLE-SUR-MER (14) 07.04.2013 | GEIPAN Orange arrow icon Orange arrow icon Orange arrow icon Arrow,
https://www.geipan.fr/fr/cas/2013-05-08449,2013-05-08449,https://www.geipan.fr/fr/cas/2013-05-08449,DOWNLOADED,19659,d8275d0521f4ba2b6e0edd300ed066b96c7efb7afb97d03a559ffc6e43a3882f,PARIS (75) 07.05.2013 | GEIPAN Orange arrow icon Orange arrow icon Orange arrow icon Arrow,
https://www.geipan.fr/fr/cas/2013-05-08450,2013-05-08450,https://www.geipan.fr/fr/cas/2013-05-08450,DOWNLOADED,20117,ab063d7c19667a7b0db32fcb67babd546669a35031fa0b43bd7abacb36977c1b,NICE (06) 03.05.2013 | GEIPAN Orange arrow icon Orange arrow icon Orange arrow icon Arrow,
https://www.geipan.fr/fr/cas/2013-05-08451,2013-05-08451,https://www.geipan.fr/fr/cas/2013-05-08451,DOWNLOADED,18970,dfc627a72502590a09edf47458a0cc0796a619b4a582ccae82708edbe4ea67e7,RIVE-DE-GIER (42) 11.05.2013 | GEIPAN Orange arrow icon Orange arrow icon Orange arrow icon Arrow,
https://www.geipan.fr/fr/cas/2013-05-08452,2013-05-08452,https://www.geipan.fr/fr/cas/2013-05-08452,DOWNLOADED,19908,05565463a4a9f21ec8e29ef7496b93eea14fe8bb5e07b624b512362ee64d4931,NEMOURS (77) 10.05.2013 | GEIPAN Orange arrow icon Orange arrow icon Orange arrow icon Arrow,
https://www.geipan.fr/fr/cas/2013-05-08456,2013-05-08456,https://www.geipan.fr/fr/cas/2013-05-08456,DOWNLOADED,19290,3a90b607f110aa1526837a974e2e506618ae4fb6b3885844364b8b7cc3236ea1,EVREUX (27) 19.05.2013 | GEIPAN Orange arrow icon Orange arrow icon Orange arrow icon Arrow,
https://www.geipan.fr/fr/cas/2013-05-08458,2013-05-08458,https://www.geipan.fr/fr/cas/2013-05-08458,DOWNLOADED,20043,90fc14505526c5d7b4c4b0e9affda9f49c1de7cd4804c2843daa66d140dc976c,LAFITTE-VIGORDANE (31) 25.05.2013 | GEIPAN Orange arrow icon Orange arrow icon Orange arrow icon Arrow,
https://www.geipan.fr/fr/cas/2013-05-08459,2013-05-08459,https://www.geipan.fr/fr/cas/2013-05-08459,DOWNLOADED,20146,7eca563a6b7e6ca469e7fe4f48fd43de70e32148c1a56aaa04fe0e04ef7bb60e,MENIL-HUBERT-SUR-ORNE (61) 29.05.2013 | GEIPAN Orange arrow icon Orange arrow icon Orange arrow icon Arrow,
https://www.geipan.fr/fr/cas/2013-05-08463,2013-05-08463,https://www.geipan.fr/fr/cas/2013-05-08463,DOWNLOADED,19251,1d343f672729ee528295f33a5cd8888d71e69b01de373c0df8dd6ba5faea9367,FRANCHEVILLE (69) 18.05.2013 | GEIPAN Orange arrow icon Orange arrow icon Orange arrow icon Arrow,
https://www.geipan.fr/fr/cas/2013-05-08472,2013-05-08472,https://www.geipan.fr/fr/cas/2013-05-08472,DOWNLOADED,19029,dcb27f6969e20e872755cc2a22d1f40119edda64021a46f189f7cdb6cdad19db,DOMANCY (74) 11.05.2013 | GEIPAN Orange arrow icon Orange arrow icon Orange arrow icon Arrow,
https://www.geipan.fr/fr/cas/2013-05-08476,2013-05-08476,https://www.geipan.fr/fr/cas/2013-05-08476,DOWNLOADED,20291,ab436b12da7f73ea8ab08c276b252a712d82ed529e2ef2f2d86d6a97695a28ca,MENTON (06) 20.05.2013 | GEIPAN Orange arrow icon Orange arrow icon Orange arrow icon Arrow,
https://www.geipan.fr/fr/cas/2013-05-08540,2013-05-08540,https://www.geipan.fr/fr/cas/2013-05-08540,DOWNLOADED,19559,9887dc3469ab87ec11238047fd9ac1d602b1f4b51c5b784b3c1cf56f72b4a94f,CHATELET (LE) (18) 11.05.2013 | GEIPAN Orange arrow icon Orange arrow icon Orange arrow icon Arrow,
https://www.geipan.fr/fr/cas/2013-05-09179,2013-05-09179,https://www.geipan.fr/fr/cas/2013-05-09179,DOWNLOADED,21723,8a2bfe69ff202e32c8d926d97bdb3ac13e83407457d2da32d5b2b12f00dc44e8,COLOMIERS (31) 25.05.2013 | GEIPAN Orange arrow icon Orange arrow icon Orange arrow icon Arrow,
https://www.geipan.fr/fr/cas/2013-06-08460,2013-06-08460,https://www.geipan.fr/fr/cas/2013-06-08460,DOWNLOADED,19739,2c2393b7b3e89e46454fd1ac2b299291eabeef49d5e748ceecc9582c047900dc,SAINT-MAX (54) 06.06.2013 | GEIPAN Orange arrow icon Orange arrow icon Orange arrow icon Arrow,
https://www.geipan.fr/fr/cas/2013-06-08461,2013-06-08461,https://www.geipan.fr/fr/cas/2013-06-08461,DOWNLOADED,19687,9018f9c5b70d77d1d3ef88f153562ae506c72a9fafd2ec451a3af8acc7398c1b,POUSSAN (34) 07.06.2013 | GEIPAN Orange arrow icon Orange arrow icon Orange arrow icon Arrow,
https://www.geipan.fr/fr/cas/2013-06-08462,2013-06-08462,https://www.geipan.fr/fr/cas/2013-06-08462,DOWNLOADED,19192,6f23ff4c9edc81943a2824cbeb5b730c20b9853a8e7ce83a94a7d0903a3c3e76,MOTTE-SERVOLEX (LA) (73) 06.06.2013 | GEIPAN Orange arrow icon Orange arrow icon Orange arrow icon Arrow,
https://www.geipan.fr/fr/cas/2013-06-08464,2013-06-08464,https://www.geipan.fr/fr/cas/2013-06-08464,DOWNLOADED,20083,45269418504de3562e280a59a7dcd3d1abe58b4eb48b938c81f529e27365b1c1,ASSEVILLERS (80) 03.06.2013 | GEIPAN Orange arrow icon Orange arrow icon Orange arrow icon Arrow,
https://www.geipan.fr/fr/cas/2013-06-08465,2013-06-08465,https://www.geipan.fr/fr/cas/2013-06-08465,DOWNLOADED,20295,5ee6e451e3bce5b48d8fafedd2810255601216eb7a042987a202a2abc0009028,SAINT-JEAN-DE-MARUEJOLS-ET-AVEJAN (30) 05.06.2013 | GEIPAN Orange arrow icon Orange arrow icon Orange arrow icon Arrow,
https://www.geipan.fr/fr/cas/2013-06-08466,2013-06-08466,https://www.geipan.fr/fr/cas/2013-06-08466,DOWNLOADED,19503,2042b4a4d3a52d1c027d30765b717e0e72a403848c96cd01f45cf1fdf4c7740a,LOON-PLAGE (59) 01.06.2013 | GEIPAN Orange arrow icon Orange arrow icon Orange arrow icon Arrow,
https://www.geipan.fr/fr/cas/2013-06-08467,2013-06-08467,https://www.geipan.fr/fr/cas/2013-06-08467,DOWNLOADED,19131,c2ae22f5000207f751bba0ec93473ef50d1011270cf4d8182ae42ef56e95537a,BETHUNE (62) 02.06.2013 | GEIPAN Orange arrow icon Orange arrow icon Orange arrow icon Arrow,
https://www.geipan.fr/fr/cas/2013-06-08468,2013-06-08468,https://www.geipan.fr/fr/cas/2013-06-08468,DOWNLOADED,20268,709e44151411880fdec71eaa607f840cfba576c9f04e1547206a8b2fb5d3734c,SAINT-LAURS (79) 12.06.2013 | GEIPAN Orange arrow icon Orange arrow icon Orange arrow icon Arrow,
https://www.geipan.fr/fr/cas/2013-06-08470,2013-06-08470,https://www.geipan.fr/fr/cas/2013-06-08470,DOWNLOADED,19574,010cebacebe65cd8cd794aaad46b81022e70652b8e00012c53fc4e6536fc4a69,PONT-AUDEMER (27) 12.06.2013 | GEIPAN Orange arrow icon Orange arrow icon Orange arrow icon Arrow,
https://www.geipan.fr/fr/cas/2013-06-08473,2013-06-08473,https://www.geipan.fr/fr/cas/2013-06-08473,DOWNLOADED,19688,1f4d883301ebada48ca2fbbe261a910ba9ce44fd57bb3e4d5a6a457d38531288,GRENADE (31) 14.06.2013 | GEIPAN Orange arrow icon Orange arrow icon Orange arrow icon Arrow,
https://www.geipan.fr/fr/cas/2013-06-08474,2013-06-08474,https://www.geipan.fr/fr/cas/2013-06-08474,DOWNLOADED,19454,3b8523739b11e66cd8ac36c9d808ee2dd4aebe8f4781bcc407fb1a3518ce2b93,PARIS (75) 16.06.2013 | GEIPAN Orange arrow icon Orange arrow icon Orange arrow icon Arrow,
https://www.geipan.fr/fr/cas/2013-06-08475,2013-06-08475,https://www.geipan.fr/fr/cas/2013-06-08475,DOWNLOADED,20021,dcebc923885094d3e23b56a027a2a77c082fb42c9dd9f9637c6309e2c06162c2,[A64] de TOULOUSE (31) vers TARBES (65) 09.06.2013 | GEIPAN Orange arrow icon Orange arrow icon Orange arrow icon Arrow,
https://www.geipan.fr/fr/cas/2013-06-08477,2013-06-08477,https://www.geipan.fr/fr/cas/2013-06-08477,DOWNLOADED,19288,74b7733ad3a780dab14505131804b7e544be69ca22ec8af67407ed97c95878ee,CRAMPAGNA (09) 09.06.2013 | GEIPAN Orange arrow icon Orange arrow icon Orange arrow icon Arrow,
https://www.geipan.fr/fr/cas/2013-06-08478,2013-06-08478,https://www.geipan.fr/fr/cas/2013-06-08478,DOWNLOADED,20614,d3b4a17297a448d1e755c1c249e3b8f6043779b953b471bcadd915b7c3c145c9,[D822] de VILLEFRANCHE-DE-ROUERGUE (12) vers FIGEAC (46) 06.06.2013 | GEIPAN Orange arrow icon Orange arrow icon Orange arrow icon Arrow,
https://www.geipan.fr/fr/cas/2013-06-08479,2013-06-08479,https://www.geipan.fr/fr/cas/2013-06-08479,DOWNLOADED,20404,c0cf4e07347fe9a72858ff359b085fa8c64c104a939c474214c5fee2f962003a,SCIENTRIER (74) 22.06.2013 | GEIPAN Orange arrow icon Orange arrow icon Orange arrow icon Arrow,
https://www.geipan.fr/fr/cas/2013-06-08481,2013-06-08481,https://www.geipan.fr/fr/cas/2013-06-08481,DOWNLOADED,19378,e562097ea78875cc654fa567110755219e8904011e99d265a023a4e5d2c9c97c,MASSAC-SERAN (81) 21.06.2013 | GEIPAN Orange arrow icon Orange arrow icon Orange arrow icon Arrow,
https://www.geipan.fr/fr/cas/2013-06-08482,2013-06-08482,https://www.geipan.fr/fr/cas/2013-06-08482,DOWNLOADED,20025,82520e97e7615e0917396b3b3989aad86304da7bca506e31d7e2f10fc0bea71a,[D940] DE AUBIGNY-SUR-NERE (18) VERS CHAPELLE-D'ANGILLON (LA) (18) 30.06.2013 | GEIPAN Orange arrow icon Orange arrow icon Orange arrow icon Arrow,
https://www.geipan.fr/fr/cas/2013-06-08485,2013-06-08485,https://www.geipan.fr/fr/cas/2013-06-08485,DOWNLOADED,19566,5610c96ef5195023f0e848dec671841d7068ad45189b46855aef1ac780c1c60f,PIGNANS (83) 03.06.2013 | GEIPAN Orange arrow icon Orange arrow icon Orange arrow icon Arrow,
https://www.geipan.fr/fr/cas/2013-06-08487,2013-06-08487,https://www.geipan.fr/fr/cas/2013-06-08487,DOWNLOADED,21087,1f69ed9c77865fd60cfa8eb40533b4d899850da48a696c9dcedf39e0465693dc,LYON (69) 28.06.2013 | GEIPAN Orange arrow icon Orange arrow icon Orange arrow icon Arrow,
https://www.geipan.fr/fr/cas/2013-06-08492,2013-06-08492,https://www.geipan.fr/fr/cas/2013-06-08492,DOWNLOADED,19437,aa507d0538282660892e62cfada03bf2fb847edfefd9196b66a6a132e2dfce61,EYBENS (38) 22.06.2013 | GEIPAN Orange arrow icon Orange arrow icon Orange arrow icon Arrow,
https://www.geipan.fr/fr/cas/2013-06-08507,2013-06-08507,https://www.geipan.fr/fr/cas/2013-06-08507,DOWNLOADED,19918,b62763e8315809744b2dfd6c47361b1ec69bbef42eab5656907591b82db3cdf3,QUINCY-SOUS-SENART (91) 09.06.2013 | GEIPAN Orange arrow icon Orange arrow icon Orange arrow icon Arrow,
https://www.geipan.fr/fr/cas/2013-06-08518,2013-06-08518,https://www.geipan.fr/fr/cas/2013-06-08518,DOWNLOADED,19125,5f73a5b538c22916b7ee38efed73dae181e74f6155aeab62bc24f3efecfcc003,JAUNAY-CLAN (86) 27.06.2013 | GEIPAN Orange arrow icon Orange arrow icon Orange arrow icon Arrow,
https://www.geipan.fr/fr/cas/2013-06-08530,2013-06-08530,https://www.geipan.fr/fr/cas/2013-06-08530,DOWNLOADED,19522,6f154d97aa4c6cf5623d3d95431ba20bf4d0c5db80bca546f3952948f4f8d07d,SCHILTIGHEIM (67) 13.06.2013 | GEIPAN Orange arrow icon Orange arrow icon Orange arrow icon Arrow,
https://www.geipan.fr/fr/cas/2013-06-50971,2013-06-50971,https://www.geipan.fr/fr/cas/2013-06-50971,DOWNLOADED,19051,4addca546adbc0308d0d60f9bf88c02a81a8239c73aec7baa16da4e993628d0e,BIEVILLE-BEUVILLE (14) 02.06.2013 | GEIPAN Orange arrow icon Orange arrow icon Orange arrow icon Arrow,
https://www.geipan.fr/fr/cas/2013-07-08483,2013-07-08483,https://www.geipan.fr/fr/cas/2013-07-08483,DOWNLOADED,19999,d91f8ac94aa17e6aad3504e35db61fd3728905afc3450038cdd0aed76abb9367,NOTRE-DAME-D'OE (37) 05.07.2013 | GEIPAN Orange arrow icon Orange arrow icon Orange arrow icon Arrow,
https://www.geipan.fr/fr/cas/2013-07-08484,2013-07-08484,https://www.geipan.fr/fr/cas/2013-07-08484,DOWNLOADED,19345,eda28aa69d62545d3e24d5edea1962eda17cd6a1307c87a570dcf626daf99398,CHAGNY (71) 11.07.2013 | GEIPAN Orange arrow icon Orange arrow icon Orange arrow icon Arrow,
https://www.geipan.fr/fr/cas/2013-07-08486,2013-07-08486,https://www.geipan.fr/fr/cas/2013-07-08486,DOWNLOADED,19539,228d6e4877d94fc3ff50f8a371e445197329be4572e1f0a7e1560c16139a1a8a,TESTE-DE-BUCH (LA) (33) 13.07.2013 | GEIPAN Orange arrow icon Orange arrow icon Orange arrow icon Arrow,
https://www.geipan.fr/fr/cas/2013-07-08488,2013-07-08488,https://www.geipan.fr/fr/cas/2013-07-08488,DOWNLOADED,20117,9666b178409176430f7ec5ea20d1841bd3b71b567b51910add63ea30498faff7,TOULOUSE (31) 14.07.2013 | GEIPAN Orange arrow icon Orange arrow icon Orange arrow icon Arrow,
https://www.geipan.fr/fr/cas/2013-07-08489,2013-07-08489,https://www.geipan.fr/fr/cas/2013-07-08489,DOWNLOADED,19002,949737dd83d12b1beb206199692700537c7367310674dad76dad3a7858683255,VILLENEUVE (04) 05.07.2013 | GEIPAN Orange arrow icon Orange arrow icon Orange arrow icon Arrow,
https://www.geipan.fr/fr/cas/2013-07-08490,2013-07-08490,https://www.geipan.fr/fr/cas/2013-07-08490,DOWNLOADED,19550,edd0d5961bcc6dc6e855f1c6d792fb87d1ef2b2455998a3b5c2e788d4d679d02,ESCADRILLE — PROVENCE-ALPES-COTE-D'AZUR (PAC) 03.07.2013 | GEIPAN Orange arrow icon Orange arrow icon Orange arrow icon Arrow,
https://www.geipan.fr/fr/cas/2013-07-08493,2013-07-08493,https://www.geipan.fr/fr/cas/2013-07-08493,DOWNLOADED,19626,71eab79e3e16892409279021c1ab6f07f669f94ba199c7293b578ff6114ab38d,GRENOBLE (38) 03.07.2013 | GEIPAN Orange arrow icon Orange arrow icon Orange arrow icon Arrow,
https://www.geipan.fr/fr/cas/2013-07-08494,2013-07-08494,https://www.geipan.fr/fr/cas/2013-07-08494,DOWNLOADED,20377,a9fc03189ae27f6523e45df852dea093784ba2daa7aecc309da0c2b12f3196df,AGEN (47) 16.07.2013 | GEIPAN Orange arrow icon Orange arrow icon Orange arrow icon Arrow,
https://www.geipan.fr/fr/cas/2013-07-08495,2013-07-08495,https://www.geipan.fr/fr/cas/2013-07-08495,DOWNLOADED,19464,51b8fbcdd3e1b041f0732430b209c4855b5ddd8308283e1ade4a6dacdcaa46ff,SAINT-GERMAIN-SUR-ILLE (35) 17.07.2013 | GEIPAN Orange arrow icon Orange arrow icon Orange arrow icon Arrow,
https://www.geipan.fr/fr/cas/2013-07-08496,2013-07-08496,https://www.geipan.fr/fr/cas/2013-07-08496,DOWNLOADED,19128,a5f05ddb62d84ad66b314aca53387649bddf8246c6178355023f030c46ed79d8,PLAISIR (78) 17.07.2013 | GEIPAN Orange arrow icon Orange arrow icon Orange arrow icon Arrow,
https://www.geipan.fr/fr/cas/2013-07-08498,2013-07-08498,https://www.geipan.fr/fr/cas/2013-07-08498,DOWNLOADED,19229,29ae84bc6716f864515cba97bda9af3f5bd2c906445743ca4b295ad178a7eb0f,GUERIGNY (58) 20.07.2013 | GEIPAN Orange arrow icon Orange arrow icon Orange arrow icon Arrow,
https://www.geipan.fr/fr/cas/2013-07-08499,2013-07-08499,https://www.geipan.fr/fr/cas/2013-07-08499,DOWNLOADED,19534,85f5a77fd82051fc785241b49d53a89617593732cfe3516279c6b5d40cd5aa46,MONTPELLIER (34) 22.07.2013 | GEIPAN Orange arrow icon Orange arrow icon Orange arrow icon Arrow,
https://www.geipan.fr/fr/cas/2013-07-08500,2013-07-08500,https://www.geipan.fr/fr/cas/2013-07-08500,DOWNLOADED,19620,fb1386f06b93e7fe3141815bd786b0ac987c23c854853b02aadbd67d1d1db12b,GISORS (27) 21.07.2013 | GEIPAN Orange arrow icon Orange arrow icon Orange arrow icon Arrow,
https://www.geipan.fr/fr/cas/2013-07-08501,2013-07-08501,https://www.geipan.fr/fr/cas/2013-07-08501,DOWNLOADED,19081,bee5450dc64e146eeb5cf5fd0f904a79697b93eeed94a4e5b017fae5b9ff4373,BACHANT (59) 24.07.2013 | GEIPAN Orange arrow icon Orange arrow icon Orange arrow icon Arrow,
https://www.geipan.fr/fr/cas/2013-07-08502,2013-07-08502,https://www.geipan.fr/fr/cas/2013-07-08502,DOWNLOADED,19544,f7aaa5485a332036e3f8ca033b004fd2f526fc8f3ef7de381cbb0a69851f22bb,GONNEVILLE-LA-MALLET (76) 24.07.2013 | GEIPAN Orange arrow icon Orange arrow icon Orange arrow icon Arrow,
https://www.geipan.fr/fr/cas/2013-07-08503,2013-07-08503,https://www.geipan.fr/fr/cas/2013-07-08503,DOWNLOADED,19350,2561f5ad84bb91472121ec9e6d38a81a2a753d694776555c4d8743d244c2310a,CAMPAN (65) 23.07.2013 | GEIPAN Orange arrow icon Orange arrow icon Orange arrow icon Arrow,
https://www.geipan.fr/fr/cas/2013-07-08504,2013-07-08504,https://www.geipan.fr/fr/cas/2013-07-08504,DOWNLOADED,19830,8a1ab79de0e732476da213b238494e3e085902721c8dfdab6e1af74f4dae6ffb,CAUDRY (59) 26.07.2013 | GEIPAN Orange arrow icon Orange arrow icon Orange arrow icon Arrow,
https://www.geipan.fr/fr/cas/2013-07-08505,2013-07-08505,https://www.geipan.fr/fr/cas/2013-07-08505,DOWNLOADED,19510,ff37c6e949d509a972df51b4e85159298896b1538d1179cb90430ed2d2d5f4f9,NICE (06) 27.07.2013 | GEIPAN Orange arrow icon Orange arrow icon Orange arrow icon Arrow,
https://www.geipan.fr/fr/cas/2013-07-08508,2013-07-08508,https://www.geipan.fr/fr/cas/2013-07-08508,DOWNLOADED,20522,5768c4cdaa4ed2b17129091bc5591adfc82b765c22f1de28f8de8aa15204c7d7,SAINT-MALO (35) 25.07.2013 | GEIPAN Orange arrow icon Orange arrow icon Orange arrow icon Arrow,
https://www.geipan.fr/fr/cas/2013-07-08509,2013-07-08509,https://www.geipan.fr/fr/cas/2013-07-08509,DOWNLOADED,19606,bda43ee8edd1656ed4ffd5ef716ad8c843d90c6d1262f5c01eb3cae9d2f4fef4,UTELLE (06) 31.07.2013 | GEIPAN Orange arrow icon Orange arrow icon Orange arrow icon Arrow,
https://www.geipan.fr/fr/cas/2013-07-08514,2013-07-08514,https://www.geipan.fr/fr/cas/2013-07-08514,DOWNLOADED,19647,4fa3a47f4086796efe4b68f7b659e221945c74ed5d14cfb8ea3a29775e1201c9,CHEVEUGES (08) 28.07.2013 | GEIPAN Orange arrow icon Orange arrow icon Orange arrow icon Arrow,
https://www.geipan.fr/fr/cas/2013-07-08519,2013-07-08519,https://www.geipan.fr/fr/cas/2013-07-08519,DOWNLOADED,19802,7d3fb34506220793cc752e6f705f36f955db9d6da1505005c767100e78e722ff,GAUCHY (02) 20.07.2013 | GEIPAN Orange arrow icon Orange arrow icon Orange arrow icon Arrow,
https://www.geipan.fr/fr/cas/2013-07-08523,2013-07-08523,https://www.geipan.fr/fr/cas/2013-07-08523,DOWNLOADED,20059,9efdf2083c3cddbe2c44a9e68563b3475feef7dfd37f39b8f39084b60c9dd3da,REHON (54) 27.07.2013 | GEIPAN Orange arrow icon Orange arrow icon Orange arrow icon Arrow,
https://www.geipan.fr/fr/cas/2013-07-08553,2013-07-08553,https://www.geipan.fr/fr/cas/2013-07-08553,DOWNLOADED,19269,356aaf088004134058cb9e8f5213399571b692a82d79ee2444f1d7cdf2b807c7,SOPPE-LE-BAS (68) 20.07.2013 | GEIPAN Orange arrow icon Orange arrow icon Orange arrow icon Arrow,
https://www.geipan.fr/fr/cas/2013-07-08597,2013-07-08597,https://www.geipan.fr/fr/cas/2013-07-08597,DOWNLOADED,20193,d359f1411c8325be89425acdc543850d6ebbbe5b92826e48728564e18e50d7c0,PLOUHARNEL (56) 31.07.2013 | GEIPAN Orange arrow icon Orange arrow icon Orange arrow icon Arrow,
https://www.geipan.fr/fr/cas/2013-07-08662,2013-07-08662,https://www.geipan.fr/fr/cas/2013-07-08662,DOWNLOADED,20291,9790d940c3eb6711b88bd7ea660c88b7554d359d4cae4409a0eb04fe90cea672,BAULNE-EN-BRIE (02) 07.07.2013 | GEIPAN Orange arrow icon Orange arrow icon Orange arrow icon Arrow,
https://www.geipan.fr/fr/cas/2013-07-08664,2013-07-08664,https://www.geipan.fr/fr/cas/2013-07-08664,DOWNLOADED,19905,3b52ea51ce296f355ae576fc8405866f53dc5fe7f77c5a3f0486f40943ff3340,JAUNAY-CLAN (86) 11.07.2013 | GEIPAN Orange arrow icon Orange arrow icon Orange arrow icon Arrow,
https://www.geipan.fr/fr/cas/2013-07-08665,2013-07-08665,https://www.geipan.fr/fr/cas/2013-07-08665,DOWNLOADED,20049,2cab4cab050df0bb8b58d9a5d93b069de761ddce844b215e7ab98112d3f64995,JAUNAY-CLAN (86) 17.07.2013 | GEIPAN Orange arrow icon Orange arrow icon Orange arrow icon Arrow,
https://www.geipan.fr/fr/cas/2013-07-09005,2013-07-09005,https://www.geipan.fr/fr/cas/2013-07-09005,DOWNLOADED,20133,51a3598aed4b1c144cd3dafbffd3de5d79b7d9b2f91338e4de3ba5389462ee22,[D956] DE GRAMBOIS (84) VERS TOUR D'AIGUES (LA) (84) 05.07.2013 | GEIPAN Orange arrow icon Orange arrow icon Orange arrow icon Arrow,
https://www.geipan.fr/fr/cas/2013-07-50065,2013-07-50065,https://www.geipan.fr/fr/cas/2013-07-50065,DOWNLOADED,19523,eb97400c636b88adbee48ae1b79b5e538541abc6d231fc5c4952f8cb8f16ceca,CERGY (95) 25.07.2013 | GEIPAN Orange arrow icon Orange arrow icon Orange arrow icon Arrow,
https://www.geipan.fr/fr/cas/2013-08-08511,2013-08-08511,https://www.geipan.fr/fr/cas/2013-08-08511,DOWNLOADED,19971,5036ce26c15d3fcddda664c7c8e02e12aff74f5701a98b60f89dcad3c66241e4,NOISY-LE-ROI (78) 08.08.2013 | GEIPAN Orange arrow icon Orange arrow icon Orange arrow icon Arrow,
https://www.geipan.fr/fr/cas/2013-08-08513,2013-08-08513,https://www.geipan.fr/fr/cas/2013-08-08513,DOWNLOADED,19377,46bcaeca9c6b5872639bb674f10c38fbecd091b7cca755f456799e46280d1039,METZ (57) 01.08.2013 | GEIPAN Orange arrow icon Orange arrow icon Orange arrow icon Arrow,
https://www.geipan.fr/fr/cas/2013-08-08515,2013-08-08515,https://www.geipan.fr/fr/cas/2013-08-08515,DOWNLOADED,19527,ed55329b84e1a52d4df78b20e53ca43c29f0f9798367cd3213ef5e3500701614,SAINT-LEGER-AUX-BOIS (76) 31.08.2013 | GEIPAN Orange arrow icon Orange arrow icon Orange arrow icon Arrow,
https://www.geipan.fr/fr/cas/2013-08-08517,2013-08-08517,https://www.geipan.fr/fr/cas/2013-08-08517,DOWNLOADED,19684,5eb762d240dcfc7d7bad4337ac39743be0c2310b4c260afc365859fe53466c91,CHANOS-CURSON (26) 29.08.2013 | GEIPAN Orange arrow icon Orange arrow icon Orange arrow icon Arrow,
https://www.geipan.fr/fr/cas/2013-08-08521,2013-08-08521,https://www.geipan.fr/fr/cas/2013-08-08521,DOWNLOADED,19235,37269bdd7afb8a25750516e425b620b0f0e08819efe8c19096c27b71f06d2b66,VINCELLES (71) 02.08.2013 | GEIPAN Orange arrow icon Orange arrow icon Orange arrow icon Arrow,
https://www.geipan.fr/fr/cas/2013-08-08522,2013-08-08522,https://www.geipan.fr/fr/cas/2013-08-08522,DOWNLOADED,20083,52881d57513f101128c043588126e3fda2f0dc32978a6aeb86ac8aa42dbdd9b3,VIRE (14) 10.08.2013 | GEIPAN Orange arrow icon Orange arrow icon Orange arrow icon Arrow,
https://www.geipan.fr/fr/cas/2013-08-08524,2013-08-08524,https://www.geipan.fr/fr/cas/2013-08-08524,DOWNLOADED,19416,e3fd017b371153e7f8e6aa3329112287ffbcda8bc9f7bf6d328797ff69a7f35b,NOTRE-DAME-DES-LANDES (44) 05.08.2013 | GEIPAN Orange arrow icon Orange arrow icon Orange arrow icon Arrow,
https://www.geipan.fr/fr/cas/2013-08-08525,2013-08-08525,https://www.geipan.fr/fr/cas/2013-08-08525,DOWNLOADED,19444,f47081e920f5a9240057df5e4a8b69c079753c9c372679fba7c5fcdbe8c3d5e3,COMPIEGNE (60) 09.08.2013 | GEIPAN Orange arrow icon Orange arrow icon Orange arrow icon Arrow,
https://www.geipan.fr/fr/cas/2013-08-08526,2013-08-08526,https://www.geipan.fr/fr/cas/2013-08-08526,DOWNLOADED,19603,6f66bfc5552047709824ad282f2aa6c406b531ba8476fc70d004c891e652e9f6,CHATEAUNEUF-DU-FAOU (29) 11.08.2013 | GEIPAN Orange arrow icon Orange arrow icon Orange arrow icon Arrow,
https://www.geipan.fr/fr/cas/2013-08-08527,2013-08-08527,https://www.geipan.fr/fr/cas/2013-08-08527,DOWNLOADED,19582,4297ca3d1d2796997b98c9684fd1f5d3f3913b88a0d4004e22c92d75088812a6,METZ (57) 05.08.2013 | GEIPAN Orange arrow icon Orange arrow icon Orange arrow icon Arrow,
https://www.geipan.fr/fr/cas/2013-08-08529,2013-08-08529,https://www.geipan.fr/fr/cas/2013-08-08529,DOWNLOADED,19535,cbab59ec2fe4b35e713e7df78a5edef2284738a00c2b96c7140bec271f71caaa,SAINT-DENIS (974) 25.08.2013 | GEIPAN Orange arrow icon Orange arrow icon Orange arrow icon Arrow,
https://www.geipan.fr/fr/cas/2013-08-08533,2013-08-08533,https://www.geipan.fr/fr/cas/2013-08-08533,DOWNLOADED,19960,d64902bb7964e5b8e0c8aed89f87f3021b7f36689aedabbba77ead1cd16b6767,NICE (06) 21.08.2013 | GEIPAN Orange arrow icon Orange arrow icon Orange arrow icon Arrow,
https://www.geipan.fr/fr/cas/2013-08-08534,2013-08-08534,https://www.geipan.fr/fr/cas/2013-08-08534,DOWNLOADED,20151,502e739f5b27b5996aa44fdb22405c198930463d24a900b3176175e415b5374d,GAUDE (LA) (06) 16.08.2013 | GEIPAN Orange arrow icon Orange arrow icon Orange arrow icon Arrow,
https://www.geipan.fr/fr/cas/2013-08-08535,2013-08-08535,https://www.geipan.fr/fr/cas/2013-08-08535,DOWNLOADED,19731,988b76299fd54b8ab469d0cd82c791dc88aadc60b7806e00c190d932e2eedc3b,WAVRIN (59) 02.08.2013 | GEIPAN Orange arrow icon Orange arrow icon Orange arrow icon Arrow,
https://www.geipan.fr/fr/cas/2013-08-08536,2013-08-08536,https://www.geipan.fr/fr/cas/2013-08-08536,DOWNLOADED,19112,1d44924ec8691970e8315683d144daf5f32bbe9ec249c48c3054ef74213d0ece,BEAULIEU (38) 20.08.2013 | GEIPAN Orange arrow icon Orange arrow icon Orange arrow icon Arrow,
https://www.geipan.fr/fr/cas/2013-08-08537,2013-08-08537,https://www.geipan.fr/fr/cas/2013-08-08537,DOWNLOADED,19743,949ce11b24f23d2ca9441527ae8429c13f490db548f55e47ef78b6cb41e52731,[A62] de VALENCE-D'AGEN (82) vers TOULOUSE (31) 11.08.2013 | GEIPAN Orange arrow icon Orange arrow icon Orange arrow icon Arrow,
https://www.geipan.fr/fr/cas/2013-08-08539,2013-08-08539,https://www.geipan.fr/fr/cas/2013-08-08539,DOWNLOADED,19690,6952fbde8fa6e9e2685bcee653758b33e93e263b1bbdd61477043b002e121363,PONT-AUDEMER (27) 13.08.2013 | GEIPAN Orange arrow icon Orange arrow icon Orange arrow icon Arrow,
https://www.geipan.fr/fr/cas/2013-08-08541,2013-08-08541,https://www.geipan.fr/fr/cas/2013-08-08541,DOWNLOADED,19049,6075ee2a33afc81e734a27cc41f14087f5de598bef6c91026c31c2cc8c40e86d,[AERO SNA-SE] METZ (57) 21.08.2013 | GEIPAN Orange arrow icon Orange arrow icon Orange arrow icon Arrow,
https://www.geipan.fr/fr/cas/2013-08-08542,2013-08-08542,https://www.geipan.fr/fr/cas/2013-08-08542,DOWNLOADED,19374,fd99728e1e44c62907819e0113d999c945767fe133c635de93a13589d4775977,VILLERUPT (54) 13.08.2013 | GEIPAN Orange arrow icon Orange arrow icon Orange arrow icon Arrow,
https://www.geipan.fr/fr/cas/2013-08-08543,2013-08-08543,https://www.geipan.fr/fr/cas/2013-08-08543,DOWNLOADED,19658,560fe2ecf65f161e861026917ac19aba1de083e3a379bcd04c03b6b77aed120d,BIARRITZ (64) 12.08.2013 | GEIPAN Orange arrow icon Orange arrow icon Orange arrow icon Arrow,
https://www.geipan.fr/fr/cas/2013-08-08545,2013-08-08545,https://www.geipan.fr/fr/cas/2013-08-08545,DOWNLOADED,19722,e4ddb29d3b00b3ab1d82cdf881abf8e5cf21e442c2f80092310f489ac1c13205,BARBASTE (47) 08.08.2013 | GEIPAN Orange arrow icon Orange arrow icon Orange arrow icon Arrow,
https://www.geipan.fr/fr/cas/2013-08-08546,2013-08-08546,https://www.geipan.fr/fr/cas/2013-08-08546,DOWNLOADED,22096,e51920aadbfbd9d03b2d63ea993a89307c31c573531f8f02f157b44f38a1b552,[AERO VLG] DE NANTES (44) VERS ROME (IT.RM) 13.08.2013 | GEIPAN Orange arrow icon Orange arrow icon Orange arrow icon Arrow,
https://www.geipan.fr/fr/cas/2013-08-08548,2013-08-08548,https://www.geipan.fr/fr/cas/2013-08-08548,DOWNLOADED,20289,bc591c44903c59083135104d23daf64615e69b71ae4dff19d2ce7dbf8b81b3d7,MONTFERRAND-LE-CHATEAU (25) 18.08.2013 | GEIPAN Orange arrow icon Orange arrow icon Orange arrow icon Arrow,
https://www.geipan.fr/fr/cas/2013-08-08552,2013-08-08552,https://www.geipan.fr/fr/cas/2013-08-08552,DOWNLOADED,19670,1dd56081a7192a52e941783e3e1d59cab13378681efd527db78a12d90fc06fae,CHALMAZEL (42) 31.08.2013 | GEIPAN Orange arrow icon Orange arrow icon Orange arrow icon Arrow,
https://www.geipan.fr/fr/cas/2013-08-08562,2013-08-08562,https://www.geipan.fr/fr/cas/2013-08-08562,DOWNLOADED,19044,b64a8505015824960eaa6a60c1f4d311f7559364e5f5e4179ae45445a8c3a16c,PONTARLIER (25) 17.08.2013 | GEIPAN Orange arrow icon Orange arrow icon Orange arrow icon Arrow,
https://www.geipan.fr/fr/cas/2013-08-08563,2013-08-08563,https://www.geipan.fr/fr/cas/2013-08-08563,DOWNLOADED,20027,fcc5e39ccb22de21a35d7c9f0b76d3110430a0ec5882a9a1144fa5eaf2b0eae7,STRASBOURG (67) 30.08.2013 | GEIPAN Orange arrow icon Orange arrow icon Orange arrow icon Arrow,
https://www.geipan.fr/fr/cas/2013-08-08569,2013-08-08569,https://www.geipan.fr/fr/cas/2013-08-08569,DOWNLOADED,19277,d54ec0e1f92f234b926003f5c724d654be344d6572769da1f540906a640b305b,BOULOU (LE) (66) 24.08.2013 | GEIPAN Orange arrow icon Orange arrow icon Orange arrow icon Arrow,
https://www.geipan.fr/fr/cas/2013-08-08571,2013-08-08571,https://www.geipan.fr/fr/cas/2013-08-08571,DOWNLOADED,20307,228a947421ab07dd8912fd609bd967d35f2a2c3a1e82ee77ed8530be2f379ce4,BASTIA (20) 05.08.2013 | GEIPAN Orange arrow icon Orange arrow icon Orange arrow icon Arrow,
https://www.geipan.fr/fr/cas/2013-08-08587,2013-08-08587,https://www.geipan.fr/fr/cas/2013-08-08587,DOWNLOADED,19847,449eb238b9bae33fef47d5715d8e1f7dfe9f98416269dfbe76ae7e9666f89803,SAINT-ANDRE (66) 04.08.2013 | GEIPAN Orange arrow icon Orange arrow icon Orange arrow icon Arrow,
https://www.geipan.fr/fr/cas/2013-08-08592,2013-08-08592,https://www.geipan.fr/fr/cas/2013-08-08592,DOWNLOADED,19659,0e3dcb4b7af40e8cc7237fcb81259bdc599b1958a82bc21caff5dabe4d8264cb,VALLOIRE (73) 12.08.2013 | GEIPAN Orange arrow icon Orange arrow icon Orange arrow icon Arrow,
https://www.geipan.fr/fr/cas/2013-08-08975,2013-08-08975,https://www.geipan.fr/fr/cas/2013-08-08975,DOWNLOADED,20563,49a61d851bf5c791a1913774a6c2cafd581f15cc234d9fe789e05a0cbcb12f16,PARAY-LE-MONIAL (71) 30.08.2013 | GEIPAN Orange arrow icon Orange arrow icon Orange arrow icon Arrow,
https://www.geipan.fr/fr/cas/2013-08-09141,2013-08-09141,https://www.geipan.fr/fr/cas/2013-08-09141,DOWNLOADED,19587,2ded89843dfd0c09a99b8301419b13a4a3bff7cbb9109c627783d7f877726547,MONTFERMEIL (93) 19.08.2013 | GEIPAN Orange arrow icon Orange arrow icon Orange arrow icon Arrow,
https://www.geipan.fr/fr/cas/2013-08-09577,2013-08-09577,https://www.geipan.fr/fr/cas/2013-08-09577,DOWNLOADED,20150,aba78ae1d113ddcbf7bd3d770f1ba0636387eef0e9a9a0584628b6bc5256b3d0,NISSAN-LEZ-ENSERUNE (34) 04.08.2013 | GEIPAN Orange arrow icon Orange arrow icon Orange arrow icon Arrow,
https://www.geipan.fr/fr/cas/2013-08-50349,2013-08-50349,https://www.geipan.fr/fr/cas/2013-08-50349,DOWNLOADED,19914,89db4861ec2be041b88a235115872d00667738e66d458587242a618596f4f4b8,CROISILLE-SUR-BRIANCE (LA) (87) 02.08.2013 | GEIPAN Orange arrow icon Orange arrow icon Orange arrow icon Arrow,
https://www.geipan.fr/fr/cas/2013-09-08516,2013-09-08516,https://www.geipan.fr/fr/cas/2013-09-08516,DOWNLOADED,19661,71400afd0bc4aa947f212f3b02b92dbf3aea90ec84685225ffcd53a9f88e7207,CHAMPIGNY (89) 02.09.2013 | GEIPAN Orange arrow icon Orange arrow icon Orange arrow icon Arrow,
https://www.geipan.fr/fr/cas/2013-09-08528,2013-09-08528,https://www.geipan.fr/fr/cas/2013-09-08528,DOWNLOADED,18756,c01655d14fcfad1265726f0272adc21f7399e9c10df511822af07f56bfd6d5d2,VILLOTRAN (60) 04.09.2013 | GEIPAN Orange arrow icon Orange arrow icon Orange arrow icon Arrow,
https://www.geipan.fr/fr/cas/2013-09-08532,2013-09-08532,https://www.geipan.fr/fr/cas/2013-09-08532,DOWNLOADED,19131,d22f5d29971b95b21a1ca01cdf4e05b17b6d1958d7e72a0878e411e7889f4ebd,PIAN-MEDOC (LE) (33) 06.09.2013 | GEIPAN Orange arrow icon Orange arrow icon Orange arrow icon Arrow,
https://www.geipan.fr/fr/cas/2013-09-08547,2013-09-08547,https://www.geipan.fr/fr/cas/2013-09-08547,DOWNLOADED,19540,8fdaeb48ace1e20e4a5297422d07782c1f32475722bd02991df10e44720b045b,SAINT-LOUBES (33) 08.09.2013 | GEIPAN Orange arrow icon Orange arrow icon Orange arrow icon Arrow,
https://www.geipan.fr/fr/cas/2013-09-08551,2013-09-08551,https://www.geipan.fr/fr/cas/2013-09-08551,DOWNLOADED,19804,445508beb5a83cf26b8ea2d9b7e73bdb5413fabee228662edfb325033e6460c7,POISSY (78) 07.09.2013 | GEIPAN Orange arrow icon Orange arrow icon Orange arrow icon Arrow,
https://www.geipan.fr/fr/cas/2013-09-08559,2013-09-08559,https://www.geipan.fr/fr/cas/2013-09-08559,DOWNLOADED,19865,c75a5991be7edaa658e34a1c090a832eb6d168e71ee4620f7a64cf874aa37062,SALIES-DE-BEARN (64) 22.09.2013 | GEIPAN Orange arrow icon Orange arrow icon Orange arrow icon Arrow,
https://www.geipan.fr/fr/cas/2013-09-08560,2013-09-08560,https://www.geipan.fr/fr/cas/2013-09-08560,DOWNLOADED,19645,1b1f3fcb72c7631406832313ea2b8b1b7ad8c9d6bb7dc7de13fec3a9d3795d65,PLOMBIERES-LES-BAINS (88) 08.09.2013 | GEIPAN Orange arrow icon Orange arrow icon Orange arrow icon Arrow,
https://www.geipan.fr/fr/cas/2013-09-08561,2013-09-08561,https://www.geipan.fr/fr/cas/2013-09-08561,DOWNLOADED,19995,72cf9b9a885f14a30081f62e860b60e8e8c479d824e01e1a7fd0b618a35c731d,RAZES (87) 23.09.2013 | GEIPAN Orange arrow icon Orange arrow icon Orange arrow icon Arrow,
https://www.geipan.fr/fr/cas/2013-09-08564,2013-09-08564,https://www.geipan.fr/fr/cas/2013-09-08564,DOWNLOADED,20652,b2040bee4d139d56a5ce9cad65de1e8f964956c2e42393662961a3e5fbc5afa6,SAINT-GERMAIN-SUR-AY (50) 23.09.2013 | GEIPAN Orange arrow icon Orange arrow icon Orange arrow icon Arrow,
https://www.geipan.fr/fr/cas/2013-09-08566,2013-09-08566,https://www.geipan.fr/fr/cas/2013-09-08566,DOWNLOADED,19610,4a0a80c00488d6ffa8d9ec114c09134ad50479b3aa85e82b80d7f1e9f660326b,LEZIGNAN-LA-CEBE (34) 14.09.2013 | GEIPAN Orange arrow icon Orange arrow icon Orange arrow icon Arrow,
https://www.geipan.fr/fr/cas/2013-09-08567,2013-09-08567,https://www.geipan.fr/fr/cas/2013-09-08567,DOWNLOADED,19670,9a81c1b895180f097cb2dab685d09f0412457bd5549331b66c6136dfcddec100,SAINT-OUEN-L'AUMONE (95) 05.09.2013 | GEIPAN Orange arrow icon Orange arrow icon Orange arrow icon Arrow,
https://www.geipan.fr/fr/cas/2013-09-08568,2013-09-08568,https://www.geipan.fr/fr/cas/2013-09-08568,DOWNLOADED,19249,bfc81618c0b28dfbd01526efbcf269b0c470ff6659c5d396ebd33da1439bc178,GOUVIEUX (60) 24.09.2013 | GEIPAN Orange arrow icon Orange arrow icon Orange arrow icon Arrow,
https://www.geipan.fr/fr/cas/2013-09-08570,2013-09-08570,https://www.geipan.fr/fr/cas/2013-09-08570,DOWNLOADED,19158,44d8a2784ea1c34a58eb9a70caa3a61e55a0c1aa0e1af97a7c067d9099d01087,MONTREUIL-SUR-ILLE (35) 27.09.2013 | GEIPAN Orange arrow icon Orange arrow icon Orange arrow icon Arrow,
https://www.geipan.fr/fr/cas/2013-09-08572,2013-09-08572,https://www.geipan.fr/fr/cas/2013-09-08572,DOWNLOADED,19795,b3d1630ee10924d0e553c6fcaf9461a4ab2cd2d6a567addcf7fc54b7c730bbf4,LOCMINE (56) 22.09.2013 | GEIPAN Orange arrow icon Orange arrow icon Orange arrow icon Arrow,
https://www.geipan.fr/fr/cas/2013-09-08578,2013-09-08578,https://www.geipan.fr/fr/cas/2013-09-08578,DOWNLOADED,18926,22784e3c92e9abfea3538b30c10454bb15201d4ad3569211cd29a2bda30b5258,CAEN (14) 28.09.2013 | GEIPAN Orange arrow icon Orange arrow icon Orange arrow icon Arrow,
https://www.geipan.fr/fr/cas/2013-09-08606,2013-09-08606,https://www.geipan.fr/fr/cas/2013-09-08606,DOWNLOADED,20043,27ce683a782c083ab55c249c80c3f7dd96fbcb25e0825a8cbb55ee551221e2a8,LOURDES (65) 22.09.2013 | GEIPAN Orange arrow icon Orange arrow icon Orange arrow icon Arrow,
https://www.geipan.fr/fr/cas/2013-09-08609,2013-09-08609,https://www.geipan.fr/fr/cas/2013-09-08609,DOWNLOADED,19964,d006faeb3bae19ba806ea0673ae413d0b2a66fb1c08181db753f2979a738625a,MONS (34) 24.09.2013 | GEIPAN Orange arrow icon Orange arrow icon Orange arrow icon Arrow,
https://www.geipan.fr/fr/cas/2013-09-08705,2013-09-08705,https://www.geipan.fr/fr/cas/2013-09-08705,DOWNLOADED,19773,640b98c29c9d2384d9b85face695b970ebd94f5ed0778c5f3769b99a6ebf8ac4,CABRIERES (34) 15.09.2013 | GEIPAN Orange arrow icon Orange arrow icon Orange arrow icon Arrow,
https://www.geipan.fr/fr/cas/2013-09-08958,2013-09-08958,https://www.geipan.fr/fr/cas/2013-09-08958,DOWNLOADED,18934,613ba2ae8581143d27bb7dfcbe997fac0db07e473fe7f9266dc69d051b317cab,TOULOUSE (31) 22.09.2013 | GEIPAN Orange arrow icon Orange arrow icon Orange arrow icon Arrow,
https://www.geipan.fr/fr/cas/2013-10-08573,2013-10-08573,https://www.geipan.fr/fr/cas/2013-10-08573,DOWNLOADED,19280,588a51ef428cd76818105cf5f5ad74468847521789ff374030e2ae199c73efab,GROISY (74) 01.10.2013 | GEIPAN Orange arrow icon Orange arrow icon Orange arrow icon Arrow,
https://www.geipan.fr/fr/cas/2013-10-08574,2013-10-08574,https://www.geipan.fr/fr/cas/2013-10-08574,DOWNLOADED,19629,e7f5228c552f9a96abe68ef2fa7e46ee9fec0c1ae79de7a9f2296d6310e28e1a,SCHILTIGHEIM (67) 01.10.2013 | GEIPAN Orange arrow icon Orange arrow icon Orange arrow icon Arrow,
https://www.geipan.fr/fr/cas/2013-10-08575,2013-10-08575,https://www.geipan.fr/fr/cas/2013-10-08575,DOWNLOADED,19048,d77fe0ecadc66bfc08a3ecb0418af7934739e16896e6770dedcfd8bdc5fbb6c8,MONTCHEUTIN (08) 03.10.2013 | GEIPAN Orange arrow icon Orange arrow icon Orange arrow icon Arrow,
https://www.geipan.fr/fr/cas/2013-10-08576,2013-10-08576,https://www.geipan.fr/fr/cas/2013-10-08576,DOWNLOADED,19455,51aa264925e951450b9203c6aac3aceb887b6a42d3ba6e121b4e0ef9908817ba,PLELO (22) 03.10.2013 | GEIPAN Orange arrow icon Orange arrow icon Orange arrow icon Arrow,
https://www.geipan.fr/fr/cas/2013-10-08579,2013-10-08579,https://www.geipan.fr/fr/cas/2013-10-08579,DOWNLOADED,19950,56aa2d4439971222d9d7570018a4f112635d9990b52e3e5de25cac90db3a279f,[A63] de BORDEAUX (33) VERS BAYONNE (64) 07.10.2013 | GEIPAN Orange arrow icon Orange arrow icon Orange arrow icon Arrow,
https://www.geipan.fr/fr/cas/2013-10-08580,2013-10-08580,https://www.geipan.fr/fr/cas/2013-10-08580,DOWNLOADED,19185,edd1b2a98a863fbca66f7777c2b56445544e533a874122ed4bd23dbf14786045,ALLONNE (60) 09.10.2013 | GEIPAN Orange arrow icon Orange arrow icon Orange arrow icon Arrow,
https://www.geipan.fr/fr/cas/2013-10-08581,2013-10-08581,https://www.geipan.fr/fr/cas/2013-10-08581,DOWNLOADED,20550,9e4817ee204c15e30d51f5bf9b79aa864c57ab240c9498ffbe606a1fcf546204,[D701] de NIEDERSOULTZBACH (67) vers BOUXWILLER (67) 07.10.2013 | GEIPAN Orange arrow icon Orange arrow icon Orange arrow icon Arrow,
https://www.geipan.fr/fr/cas/2013-10-08583,2013-10-08583,https://www.geipan.fr/fr/cas/2013-10-08583,DOWNLOADED,19676,1fe1234a0b70fa386de44961c077c54d7ac817664303696e62927620a9638a25,"[AERO HOP,KLM,LGL,BEL] NANCY (54) 13.10.2013 | GEIPAN Orange arrow icon Orange arrow icon Orange arrow icon Arrow",
https://www.geipan.fr/fr/cas/2013-10-08585,2013-10-08585,https://www.geipan.fr/fr/cas/2013-10-08585,DOWNLOADED,19485,92cd769b33d56f58b86083befe580d62f26e63878f0dc866a318ea1a28fd402f,NANTES (44) 20.10.2013 | GEIPAN Orange arrow icon Orange arrow icon Orange arrow icon Arrow,
https://www.geipan.fr/fr/cas/2013-10-08586,2013-10-08586,https://www.geipan.fr/fr/cas/2013-10-08586,DOWNLOADED,19844,179f08bb2083a3e542aa5f48ea5aff50614f43499a028ba90418a7a72d0adafd,VIENNE-EN-ARTHIES (95) 16.10.2013 | GEIPAN Orange arrow icon Orange arrow icon Orange arrow icon Arrow,
https://www.geipan.fr/fr/cas/2013-10-08588,2013-10-08588,https://www.geipan.fr/fr/cas/2013-10-08588,DOWNLOADED,20327,c7015bbe513b592da66543f8d61bc71a90bf45c711681ca5d66784054f0a87d3,PUJAUT (30) 11.10.2013 | GEIPAN Orange arrow icon Orange arrow icon Orange arrow icon Arrow,
https://www.geipan.fr/fr/cas/2013-10-08589,2013-10-08589,https://www.geipan.fr/fr/cas/2013-10-08589,DOWNLOADED,19295,9a2b181433c5449f7e17e9b98a5c1b93da8621039c1910759997bb76a6ee44f0,MUNSTER (68) 22.10.2013 | GEIPAN Orange arrow icon Orange arrow icon Orange arrow icon Arrow,
https://www.geipan.fr/fr/cas/2013-10-08590,2013-10-08590,https://www.geipan.fr/fr/cas/2013-10-08590,DOWNLOADED,20601,c4b8250206852e516273145cec5dc22e913f093813ac35e57a43daf2765e2465,CALLAC (22) 23.10.2013 | GEIPAN Orange arrow icon Orange arrow icon Orange arrow icon Arrow,
https://www.geipan.fr/fr/cas/2013-10-08591,2013-10-08591,https://www.geipan.fr/fr/cas/2013-10-08591,DOWNLOADED,19355,eed837bb37d2f3c456d0bf45ef4dd5eb5f2a3194ef2419305cf9ed7c80a88653,ODOS (65) 25.10.2013 | GEIPAN Orange arrow icon Orange arrow icon Orange arrow icon Arrow,
https://www.geipan.fr/fr/cas/2013-10-08594,2013-10-08594,https://www.geipan.fr/fr/cas/2013-10-08594,DOWNLOADED,19563,d698bbd9e3376ab0dbec3605e5b1335ff3b40dc309028d61229a09294a670cec,COLLOBRIERES (83) 27.10.2013 | GEIPAN Orange arrow icon Orange arrow icon Orange arrow icon Arrow,
https://www.geipan.fr/fr/cas/2013-10-08598,2013-10-08598,https://www.geipan.fr/fr/cas/2013-10-08598,DOWNLOADED,20493,f5db9f1e41263fc1c6fa01ebaeb0fbf8f4bac50b267a12582f00cbbb1bbdb944,AILLY-SUR-NOYE (80) 22.10.2013 | GEIPAN Orange arrow icon Orange arrow icon Orange arrow icon Arrow,
https://www.geipan.fr/fr/cas/2013-10-08600,2013-10-08600,https://www.geipan.fr/fr/cas/2013-10-08600,DOWNLOADED,19699,1e5e12bd3c60705f70e1ea3e3178fde2fd81e5fd1306d557f4b87fe63cb82454,SABLE-SUR-SARTHE (72) 30.10.2013 | GEIPAN Orange arrow icon Orange arrow icon Orange arrow icon Arrow,
https://www.geipan.fr/fr/cas/2013-10-08603,2013-10-08603,https://www.geipan.fr/fr/cas/2013-10-08603,DOWNLOADED,20161,5e2fda61d4be70108ba7fde1724c391d4a0ba442ccade2511b520525adf3eb3c,WALBACH (68) 02.10.2013 | GEIPAN Orange arrow icon Orange arrow icon Orange arrow icon Arrow,
https://www.geipan.fr/fr/cas/2013-10-08604,2013-10-08604,https://www.geipan.fr/fr/cas/2013-10-08604,DOWNLOADED,20127,b6ec356349317e0c8947c7c7ac229d7718621f191c80720074876dc2d0429dea,GRAND-VILLAGE-PLAGE (LE) (17) 30.10.2013 | GEIPAN Orange arrow icon Orange arrow icon Orange arrow icon Arrow,
https://www.geipan.fr/fr/cas/2013-10-08617,2013-10-08617,https://www.geipan.fr/fr/cas/2013-10-08617,DOWNLOADED,19224,153f07be7f361ef9a83c40d4585470ab5f8b75100cb241501109ec243e9cf9c3,MORNANT (69) 28.10.2013 | GEIPAN Orange arrow icon Orange arrow icon Orange arrow icon Arrow,
https://www.geipan.fr/fr/cas/2013-10-08644,2013-10-08644,https://www.geipan.fr/fr/cas/2013-10-08644,DOWNLOADED,19357,25c0b7bd056152a6ba5a41653d0ad8364483f4dc948465ab66f3612d618ba40e,ROMAGNIEU (38) 20.10.2013 | GEIPAN Orange arrow icon Orange arrow icon Orange arrow icon Arrow,
https://www.geipan.fr/fr/cas/2013-10-09078,2013-10-09078,https://www.geipan.fr/fr/cas/2013-10-09078,DOWNLOADED,20027,90aae85e42d3579df37486ed9419f831b29620af64489b81154681aafefe917f,AIGUES-MORTES (30) 11.10.2013 | GEIPAN Orange arrow icon Orange arrow icon Orange arrow icon Arrow,
https://www.geipan.fr/fr/cas/2013-11-08595,2013-11-08595,https://www.geipan.fr/fr/cas/2013-11-08595,DOWNLOADED,19414,92aac893015373c54db475bc833054b48f074911afef1344b0f9c12525dba5ca,MASSY (91) 04.11.2013 | GEIPAN Orange arrow icon Orange arrow icon Orange arrow icon Arrow,
https://www.geipan.fr/fr/cas/2013-11-08596,2013-11-08596,https://www.geipan.fr/fr/cas/2013-11-08596,DOWNLOADED,20355,fd89f84cbb7f7143abcb5857e733cc9fec9e650dcdaf20b7d48917352339c951,SAINT-BENOIT-DES-ONDES (35) 03.11.2013 | GEIPAN Orange arrow icon Orange arrow icon Orange arrow icon Arrow,
https://www.geipan.fr/fr/cas/2013-11-08599,2013-11-08599,https://www.geipan.fr/fr/cas/2013-11-08599,DOWNLOADED,19941,4f4a6de4f58ce4b79bf77daa42cbf7136c704a9b22be513a3751f969ec36e1bd,LESCAR (64) 06.11.2013 | GEIPAN Orange arrow icon Orange arrow icon Orange arrow icon Arrow,
https://www.geipan.fr/fr/cas/2013-11-08601,2013-11-08601,https://www.geipan.fr/fr/cas/2013-11-08601,DOWNLOADED,19325,b729faf52d79a5f02b5e288880baf051e9bf62629f03c4df1a425b962ee26b7b,THUEYTS (07) 08.11.2013 | GEIPAN Orange arrow icon Orange arrow icon Orange arrow icon Arrow,
https://www.geipan.fr/fr/cas/2013-11-08607,2013-11-08607,https://www.geipan.fr/fr/cas/2013-11-08607,DOWNLOADED,19801,e5dd390ea2bff43cbf64aefc5c2a1eee55ea92dd1c78b076e97d717ddc54e4f7,SCEAUX (92) 10.11.2013 | GEIPAN Orange arrow icon Orange arrow icon Orange arrow icon Arrow,
https://www.geipan.fr/fr/cas/2013-11-08610,2013-11-08610,https://www.geipan.fr/fr/cas/2013-11-08610,DOWNLOADED,20350,0531959b28370a040d308c61b7b731465e6cece6155316879845176524c9709d,TREMBLADE (LA) (17) 22.11.2013 | GEIPAN Orange arrow icon Orange arrow icon Orange arrow icon Arrow,
https://www.geipan.fr/fr/cas/2013-11-08611,2013-11-08611,https://www.geipan.fr/fr/cas/2013-11-08611,DOWNLOADED,19480,793213d11b372d0035bf095d1452829b8a1063bcede89cb8f46ea8e47d428f5e,PAU (64) 16.11.2013 | GEIPAN Orange arrow icon Orange arrow icon Orange arrow icon Arrow,
https://www.geipan.fr/fr/cas/2013-11-08612,2013-11-08612,https://www.geipan.fr/fr/cas/2013-11-08612,DOWNLOADED,20809,c6d33f22a5a239e35e768156d946d1b25b5a8ddfaa4938d62e1e2c03d7ffbf06,DOMERAT (03) 27.11.2013 | GEIPAN Orange arrow icon Orange arrow icon Orange arrow icon Arrow,
https://www.geipan.fr/fr/cas/2013-11-08616,2013-11-08616,https://www.geipan.fr/fr/cas/2013-11-08616,DOWNLOADED,19428,c667863b65d48136039be595e580717c7610000c96532b0c935ff392e89a80e5,SAINT-VIGOR-LE-GRAND (14) 28.11.2013 | GEIPAN Orange arrow icon Orange arrow icon Orange arrow icon Arrow,
https://www.geipan.fr/fr/cas/2013-11-08628,2013-11-08628,https://www.geipan.fr/fr/cas/2013-11-08628,DOWNLOADED,19383,f02391ebdcf184ef4b38d6a0dd12736e74880de4776394d13e4c86e285ee6063,LAGUIOLE (12) 23.11.2013 | GEIPAN Orange arrow icon Orange arrow icon Orange arrow icon Arrow,
https://www.geipan.fr/fr/cas/2013-11-08647,2013-11-08647,https://www.geipan.fr/fr/cas/2013-11-08647,DOWNLOADED,19604,02170eab9a6622d242c23fd05ea9b8b1c3733ac668a15d1e0d3644f2b90a7112,BRON (69) 26.11.2013 | GEIPAN Orange arrow icon Orange arrow icon Orange arrow icon Arrow,
https://www.geipan.fr/fr/cas/2013-11-50070,2013-11-50070,https://www.geipan.fr/fr/cas/2013-11-50070,DOWNLOADED,21698,fe731912c2326ca73f9ca720950903e92699258fecb75e09ef035b59004e4ac9,"TALLARD, GAP (05) 06.11.2013 | GEIPAN Orange arrow icon Orange arrow icon Orange arrow icon Arrow",
https://www.geipan.fr/fr/cas/2013-11-50071,2013-11-50071,https://www.geipan.fr/fr/cas/2013-11-50071,DOWNLOADED,20202,e83867a00730fa1f14f339794450649da8944109408423e7949a80312f6f8d78,LARAGNE-MONTEGLIN (05) 12.11.2013 | GEIPAN Orange arrow icon Orange arrow icon Orange arrow icon Arrow,
https://www.geipan.fr/fr/cas/2013-12-08613,2013-12-08613,https://www.geipan.fr/fr/cas/2013-12-08613,DOWNLOADED,20658,20850a0c4d2fe9b5f7339a1fce4389cd4c82671f0de23b9c300ed929e9b70adc,BANDOL (83) 01.12.2013 | GEIPAN Orange arrow icon Orange arrow icon Orange arrow icon Arrow,
https://www.geipan.fr/fr/cas/2013-12-08615,2013-12-08615,https://www.geipan.fr/fr/cas/2013-12-08615,DOWNLOADED,19934,dd8135e56b599730bfc13a7225aa52dbe720f6fec2c07bc769f61cf2a2555dd9,CAMARET-SUR-AIGUES (84) 10.12.2013 | GEIPAN Orange arrow icon Orange arrow icon Orange arrow icon Arrow,
https://www.geipan.fr/fr/cas/2013-12-08618,2013-12-08618,https://www.geipan.fr/fr/cas/2013-12-08618,DOWNLOADED,18847,155274bcddb1d870000bf983dca28faac3518ca6b986bf0773299109147da8e0,SAINT-GATIEN-DES-BOIS (14) 11.12.2013 | GEIPAN Orange arrow icon Orange arrow icon Orange arrow icon Arrow,
https://www.geipan.fr/fr/cas/2013-12-08619,2013-12-08619,https://www.geipan.fr/fr/cas/2013-12-08619,DOWNLOADED,22475,d709fa3ffe8830731179f259396d45c07d7de488d46ee7ddcfe07c71bd6b8d13,BAUME-LES-DAMES (25) 17.12.2013 | GEIPAN Orange arrow icon Orange arrow icon Orange arrow icon Arrow,
https://www.geipan.fr/fr/cas/2013-12-08621,2013-12-08621,https://www.geipan.fr/fr/cas/2013-12-08621,DOWNLOADED,21155,aa6f5ec071b0f269e05c7537db3c0c935cf279efa1fbea55feb570f0af72898f,TAILLAN-MEDOC (LE) (33) 15.12.2013 | GEIPAN Orange arrow icon Orange arrow icon Orange arrow icon Arrow,
https://www.geipan.fr/fr/cas/2013-12-08622,2013-12-08622,https://www.geipan.fr/fr/cas/2013-12-08622,DOWNLOADED,18996,05eaa164951e2313fbd7cf7bc59eb6972c79a7b0a2ed8947ec10475c18909685,SAINTE-EULALIE (33) 14.12.2013 | GEIPAN Orange arrow icon Orange arrow icon Orange arrow icon Arrow,
https://www.geipan.fr/fr/cas/2013-12-08626,2013-12-08626,https://www.geipan.fr/fr/cas/2013-12-08626,DOWNLOADED,19726,19e22066bcf8645a2c4d1388c5eb3d272ea43a71fdc0c5ec952f0eab75dd20ec,STEINBACH (68) 29.12.2013 | GEIPAN Orange arrow icon Orange arrow icon Orange arrow icon Arrow,
https://www.geipan.fr/fr/cas/2013-12-08629,2013-12-08629,https://www.geipan.fr/fr/cas/2013-12-08629,DOWNLOADED,19288,125abc25347a83f0e8a7092e0160df5fbe3a1b1ba5b85ba1cbd1aee295eb7472,ESPERAZA (11) 22.12.2013 | GEIPAN Orange arrow icon Orange arrow icon Orange arrow icon Arrow,
https://www.geipan.fr/fr/cas/2013-12-08631,2013-12-08631,https://www.geipan.fr/fr/cas/2013-12-08631,DOWNLOADED,20012,87307061b79eb00f2a4a116d5638ec2345731b7d42f5af495192ced61a70df01,XIROCOURT (54) 27.12.2013 | GEIPAN Orange arrow icon Orange arrow icon Orange arrow icon Arrow,
https://www.geipan.fr/fr/cas/2013-12-08633,2013-12-08633,https://www.geipan.fr/fr/cas/2013-12-08633,DOWNLOADED,19607,7ce0678d53ad05f122433213cbc35b485dfcd0608520d49f1f871d252fb2b167,SAINT-MICHEL-SUR-MEURTHE (88) 31.12.2013 | GEIPAN Orange arrow icon Orange arrow icon Orange arrow icon Arrow,
https://www.geipan.fr/fr/cas/2013-12-08635,2013-12-08635,https://www.geipan.fr/fr/cas/2013-12-08635,DOWNLOADED,19153,09bfc63a917a4bc7fb81b56e6b12d4c357857f1ead0504c43967c6a82ae7ed1f,PARIS (75) 15.12.2013 | GEIPAN Orange arrow icon Orange arrow icon Orange arrow icon Arrow,
https://www.geipan.fr/fr/cas/2013-12-08649,2013-12-08649,https://www.geipan.fr/fr/cas/2013-12-08649,DOWNLOADED,19393,f36fdafa14a255535ec46ee05a3be5594ca3fd5705d05367e8b80dcfbf5a9405,TART-LE-BAS (21) 08.12.2013 | GEIPAN Orange arrow icon Orange arrow icon Orange arrow icon Arrow,
https://www.geipan.fr/fr/cas/2013-12-08650,2013-12-08650,https://www.geipan.fr/fr/cas/2013-12-08650,DOWNLOADED,19827,d74da4e354184007461893f6c6997299307dd28c5570319699afdeb1084bdf22,ROMAINVILLE (93) 09.12.2013 | GEIPAN Orange arrow icon Orange arrow icon Orange arrow icon Arrow,
https://www.geipan.fr/fr/cas/2013-12-08653,2013-12-08653,https://www.geipan.fr/fr/cas/2013-12-08653,DOWNLOADED,20224,ce111059799a7070e85dd8f61d4605aa3c1e76450c183e174d641a681408f212,MAINCY (77) 10.12.2013 | GEIPAN Orange arrow icon Orange arrow icon Orange arrow icon Arrow,
https://www.geipan.fr/fr/cas/2013-12-08714,2013-12-08714,https://www.geipan.fr/fr/cas/2013-12-08714,DOWNLOADED,19077,a390a2e6f710c6356ec975eecb3349cc2a618acbaa4c24e211e1d4df5713d6f5,LYON (69) 15.12.2013 | GEIPAN Orange arrow icon Orange arrow icon Orange arrow icon Arrow,
https://www.geipan.fr/fr/cas/2013-12-09096,2013-12-09096,https://www.geipan.fr/fr/cas/2013-12-09096,DOWNLOADED,19403,7213f41077ec7085aa203f00e28f213439bb7a91ec992b48f6e943ff6da9ef36,PREVESSIN-MOENS (01) 24.12.2013 | GEIPAN Orange arrow icon Orange arrow icon Orange arrow icon Arrow,
https://www.geipan.fr/fr/cas/2013-12-09412,2013-12-09412,https://www.geipan.fr/fr/cas/2013-12-09412,DOWNLOADED,20301,dbde73d686b2f6ef99975b581dac52c697781c3bfc3aea5cc5e7d80035a9f99d,BALMA (31) 21.12.2013 | GEIPAN Orange arrow icon Orange arrow icon Orange arrow icon Arrow,
https://www.geipan.fr/fr/cas/2014-01-08632,2014-01-08632,https://www.geipan.fr/fr/cas/2014-01-08632,DOWNLOADED,19276,5c68707e1eba85b07a0cdb1c25f52e256a6da3d9f3b92533adade3b9af93c7d7,OSTWALD (67) 01.01.2014 | GEIPAN Orange arrow icon Orange arrow icon Orange arrow icon Arrow,
https://www.geipan.fr/fr/cas/2014-01-08634,2014-01-08634,https://www.geipan.fr/fr/cas/2014-01-08634,DOWNLOADED,20140,457b1dca770168fe0bcab088dabd57a4d05d73bd043fd760ba37d5dc12d427de,SOLRE-LE-CHATEAU (59) 03.01.2014 | GEIPAN Orange arrow icon Orange arrow icon Orange arrow icon Arrow,
https://www.geipan.fr/fr/cas/2014-01-08637,2014-01-08637,https://www.geipan.fr/fr/cas/2014-01-08637,DOWNLOADED,19883,64732e05b6b9dc6bd90c08104e4c6c09c0886d8c047ac38aa1cfbea214eaab69,TROUVILLE-SUR-MER (14) 11.01.2014 | GEIPAN Orange arrow icon Orange arrow icon Orange arrow icon Arrow,
https://www.geipan.fr/fr/cas/2014-01-08638,2014-01-08638,https://www.geipan.fr/fr/cas/2014-01-08638,DOWNLOADED,20622,3ab2d30a6fbe0e56f51d522b5a4bec15c5f11d9e18b8a666065879621932e73e,PONTOISE (95) 01.01.2014 | GEIPAN Orange arrow icon Orange arrow icon Orange arrow icon Arrow,
https://www.geipan.fr/fr/cas/2014-01-08639,2014-01-08639,https://www.geipan.fr/fr/cas/2014-01-08639,DOWNLOADED,19710,d690645e825c2144d2575a5d1c914b49135f11e4903b889fcff9182e08cb7271,WASQUEHAL (59) 19.01.2014 | GEIPAN Orange arrow icon Orange arrow icon Orange arrow icon Arrow,
https://www.geipan.fr/fr/cas/2014-01-08641,2014-01-08641,https://www.geipan.fr/fr/cas/2014-01-08641,DOWNLOADED,19758,6b7f6fc22026f38c92bba71168538053fb8cc9c30c230186b7b3d28236019293,PONT-SAINT-PIERRE (27) 11.01.2014 | GEIPAN Orange arrow icon Orange arrow icon Orange arrow icon Arrow,
https://www.geipan.fr/fr/cas/2014-01-08642,2014-01-08642,https://www.geipan.fr/fr/cas/2014-01-08642,DOWNLOADED,19766,677cd442557f29ce7f84109ab7bfb1ba680f76cc2bd719d42ad23ee2034d6473,LIMEIL-BREVANNES (94) 07.01.2014 | GEIPAN Orange arrow icon Orange arrow icon Orange arrow icon Arrow,
https://www.geipan.fr/fr/cas/2014-01-08643,2014-01-08643,https://www.geipan.fr/fr/cas/2014-01-08643,DOWNLOADED,21435,0193a8f38752cd97db75082d1306d4b0a67d69e0a4f6b67b64544dd90f621099,SAINT-BONNET-DU-GARD (30) 17.01.2014 | GEIPAN Orange arrow icon Orange arrow icon Orange arrow icon Arrow,
https://www.geipan.fr/fr/cas/2014-01-08645,2014-01-08645,https://www.geipan.fr/fr/cas/2014-01-08645,DOWNLOADED,19634,4a8b6bf590bf520e6ee7b914c0ee405302fbcb0b34bf419effe3e58b2488f561,GRAND-BORNAND (LE) (74) 07.01.2014 | GEIPAN Orange arrow icon Orange arrow icon Orange arrow icon Arrow,
https://www.geipan.fr/fr/cas/2014-01-08651,2014-01-08651,https://www.geipan.fr/fr/cas/2014-01-08651,DOWNLOADED,19639,209145805189ab8c825e5a45a4ac27020bacf85b6114622908a338fa681f6254,VOUZAILLES (86) 14.01.2014 | GEIPAN Orange arrow icon Orange arrow icon Orange arrow icon Arrow,
https://www.geipan.fr/fr/cas/2014-01-08655,2014-01-08655,https://www.geipan.fr/fr/cas/2014-01-08655,DOWNLOADED,19126,3e7250bffa93989b133f8f3b145946e8d1a72a9552228f812622b61614ae3186,PARIS (75) 09.01.2014 | GEIPAN Orange arrow icon Orange arrow icon Orange arrow icon Arrow,
https://www.geipan.fr/fr/cas/2014-01-08657,2014-01-08657,https://www.geipan.fr/fr/cas/2014-01-08657,DOWNLOADED,19415,275f16b8002fed8b4cdcc36516bd1bf19f26f309a8f67e12e2f545e9ff863ed6,RABATELIERE (LA) (85) 01.01.2014 | GEIPAN Orange arrow icon Orange arrow icon Orange arrow icon Arrow,
https://www.geipan.fr/fr/cas/2014-01-08689,2014-01-08689,https://www.geipan.fr/fr/cas/2014-01-08689,DOWNLOADED,20635,82bd6f4b9168ceb907ffa6a1888c28592eed940ba0fad39895669ba9324470d1,THEY-SOUS-MONTFORT (88) 28.01.2014 | GEIPAN Orange arrow icon Orange arrow icon Orange arrow icon Arrow,
https://www.geipan.fr/fr/cas/2014-02-08656,2014-02-08656,https://www.geipan.fr/fr/cas/2014-02-08656,DOWNLOADED,20463,569388d2d1d899d3dd3d77a2277006da528f28e4fed4fd3a41b60e9a513c386a,MARQUETTE-LEZ-LILLE (59) 22.02.2014 | GEIPAN Orange arrow icon Orange arrow icon Orange arrow icon Arrow,
https://www.geipan.fr/fr/cas/2014-02-08659,2014-02-08659,https://www.geipan.fr/fr/cas/2014-02-08659,DOWNLOADED,19117,5b6aa9b3df8b4f1a72a830e4d2a30d703805dff1c0568060bd20ccf1ceeefc07,MALLEMORT (13) 22.02.2014 | GEIPAN Orange arrow icon Orange arrow icon Orange arrow icon Arrow,
https://www.geipan.fr/fr/cas/2014-02-08667,2014-02-08667,https://www.geipan.fr/fr/cas/2014-02-08667,DOWNLOADED,19280,4b4704729c9faac8cfd181ce24d7d72170561b337662e25add42d91cc5c173f1,DOUAI (59) 02.02.2014 | GEIPAN Orange arrow icon Orange arrow icon Orange arrow icon Arrow,
https://www.geipan.fr/fr/cas/2014-02-50072,2014-02-50072,https://www.geipan.fr/fr/cas/2014-02-50072,DOWNLOADED,19923,6ff14d717857af97ca2c27ec57fb3176e173f1e30e16dae92c82d4d8d6ce90e5,BEAUMONT-EN-VERON (37) 23.02.2014 | GEIPAN Orange arrow icon Orange arrow icon Orange arrow icon Arrow,
https://www.geipan.fr/fr/cas/2014-03-08668,2014-03-08668,https://www.geipan.fr/fr/cas/2014-03-08668,DOWNLOADED,19851,ee2d674f40f930f05cb292297466bc4f3e171f1f907921ff192e68e688cfab31,CLONAS-SUR-VAREZE (38) 02.03.2014 | GEIPAN Orange arrow icon Orange arrow icon Orange arrow icon Arrow,
https://www.geipan.fr/fr/cas/2014-03-08669,2014-03-08669,https://www.geipan.fr/fr/cas/2014-03-08669,DOWNLOADED,20146,d891649c80d6e67bf7e50e92ef0c5cdcd5e6dff470dc5091460422e2354b51bf,GUETHARY (64) 10.03.2014 | GEIPAN Orange arrow icon Orange arrow icon Orange arrow icon Arrow,
https://www.geipan.fr/fr/cas/2014-03-08670,2014-03-08670,https://www.geipan.fr/fr/cas/2014-03-08670,DOWNLOADED,19456,ff674dcb03fcf51ff2fda1f04ee2eb98b3ad9449fb3a82af34e0e59d83bccb2c,SAINT-REMY-LES-CHEVREUSE (78) 09.03.2014 | GEIPAN Orange arrow icon Orange arrow icon Orange arrow icon Arrow,
https://www.geipan.fr/fr/cas/2014-03-08671,2014-03-08671,https://www.geipan.fr/fr/cas/2014-03-08671,DOWNLOADED,20209,b7500ec12807a002cbaff618a82b6a208fa82180c0dae9225b49f86af1ac4ff7,SAINTE-CLOTILDE (974) 11.03.2014 | GEIPAN Orange arrow icon Orange arrow icon Orange arrow icon Arrow,
https://www.geipan.fr/fr/cas/2014-03-08672,2014-03-08672,https://www.geipan.fr/fr/cas/2014-03-08672,DOWNLOADED,18965,dd9b7b1ff91debb10efe6c9b18608bf244bd122a08e3114e135f5b9ff796a60c,SAINT-EGREVE (38) 13.03.2014 | GEIPAN Orange arrow icon Orange arrow icon Orange arrow icon Arrow,
https://www.geipan.fr/fr/cas/2014-03-08673,2014-03-08673,https://www.geipan.fr/fr/cas/2014-03-08673,DOWNLOADED,19503,669bbbffc6e3f6c76491c6de78cb10066302b36971c05f1f3fedf51eb01f4564,BOURG-EN-BRESSE (01) 18.03.2014 | GEIPAN Orange arrow icon Orange arrow icon Orange arrow icon Arrow,
https://www.geipan.fr/fr/cas/2014-03-08674,2014-03-08674,https://www.geipan.fr/fr/cas/2014-03-08674,DOWNLOADED,19367,1aaf12a8fe29df0af39c9558a144a403bd1faaca5a7ef3cdbec57add8cb795d1,TALENCE (33) 09.03.2014 | GEIPAN Orange arrow icon Orange arrow icon Orange arrow icon Arrow,
https://www.geipan.fr/fr/cas/2014-03-08675,2014-03-08675,https://www.geipan.fr/fr/cas/2014-03-08675,DOWNLOADED,19157,4d0c99c21369a0f8fc47d290adf3ad78f3be807093720e79cab5cf171b987b0b,CLESSE (71) 20.03.2014 | GEIPAN Orange arrow icon Orange arrow icon Orange arrow icon Arrow,
https://www.geipan.fr/fr/cas/2014-03-08676,2014-03-08676,https://www.geipan.fr/fr/cas/2014-03-08676,DOWNLOADED,20540,7e3ef5602ac9855c80bb04ec93c8e486290865ad9858efb0af3b9fa30ca653c0,OSNY (95) 15.03.2014 | GEIPAN Orange arrow icon Orange arrow icon Orange arrow icon Arrow,
https://www.geipan.fr/fr/cas/2014-03-08677,2014-03-08677,https://www.geipan.fr/fr/cas/2014-03-08677,DOWNLOADED,19359,42f7a7c8756b57c0c45467201aca9b3f5c856b75c2df8a4166605a9395881048,VILLEURBANNE (69) 06.03.2014 | GEIPAN Orange arrow icon Orange arrow icon Orange arrow icon Arrow,
https://www.geipan.fr/fr/cas/2014-03-08678,2014-03-08678,https://www.geipan.fr/fr/cas/2014-03-08678,DOWNLOADED,19400,be2b568709334a15b55c25a5025a357ec7c517c710f4c84e76e6906441d1862b,POUSSAN (34) 14.03.2014 | GEIPAN Orange arrow icon Orange arrow icon Orange arrow icon Arrow,
https://www.geipan.fr/fr/cas/2014-03-08680,2014-03-08680,https://www.geipan.fr/fr/cas/2014-03-08680,DOWNLOADED,19674,c4a8e802ac28a0e8bfc42d6293c4ea12ecb56e602605ea97c14654e430326af8,RENTREE ATMOSPHERIQUE — (REG) GRAND EST (GES) 31.03.2014 | GEIPAN Orange arrow icon Orange arrow icon Orange arrow icon Arrow,
https://www.geipan.fr/fr/cas/2014-03-09126,2014-03-09126,https://www.geipan.fr/fr/cas/2014-03-09126,DOWNLOADED,19646,c90fd5607abeda2a86af84568a614e5edb69474d1fa47c1d40c70fe08d742daa,CHATELAY (39) 07.03.2014 | GEIPAN Orange arrow icon Orange arrow icon Orange arrow icon Arrow,
https://www.geipan.fr/fr/cas/2014-03-09137,2014-03-09137,https://www.geipan.fr/fr/cas/2014-03-09137,DOWNLOADED,19633,7b4ecceb43af960fef0713f82ac5acb99ab10f000eb2826adb1410c9989992d7,MARSEILLE (13) 21.03.2014 | GEIPAN Orange arrow icon Orange arrow icon Orange arrow icon Arrow,
https://www.geipan.fr/fr/cas/2014-03-50073,2014-03-50073,https://www.geipan.fr/fr/cas/2014-03-50073,DOWNLOADED,19090,5e50d4cec137fc71eaf6f10fe4ed6ecb37d821e68778ea9753586964da7711ed,FLOIRAC (33) 11.02.2014 | GEIPAN Orange arrow icon Orange arrow icon Orange arrow icon Arrow,
https://www.geipan.fr/fr/cas/2014-03-50074,2014-03-50074,https://www.geipan.fr/fr/cas/2014-03-50074,DOWNLOADED,19802,9c9b671ec5caa4c29bf89be15088a64d0c23c8edc4c8bba33de7020a24ab2eff,PULNOY (54) 19.03.2014 | GEIPAN Orange arrow icon Orange arrow icon Orange arrow icon Arrow,
https://www.geipan.fr/fr/cas/2014-03-50075,2014-03-50075,https://www.geipan.fr/fr/cas/2014-03-50075,DOWNLOADED,19932,cbc727a22122b1e1ab8a49f8637f0f24443b305406bec4967049ca576016ca52,CONDAT-SUR-GANAVEIX (19) 02.03.2014 | GEIPAN Orange arrow icon Orange arrow icon Orange arrow icon Arrow,
https://www.geipan.fr/fr/cas/2014-04-08683,2014-04-08683,https://www.geipan.fr/fr/cas/2014-04-08683,DOWNLOADED,20012,d883ccad79bf8d927e911168832344922739aa47ba6a45fed0319376708bddcb,ULLY-SAINT-GEORGES (60) 16.04.2014 | GEIPAN Orange arrow icon Orange arrow icon Orange arrow icon Arrow,
https://www.geipan.fr/fr/cas/2014-04-08684,2014-04-08684,https://www.geipan.fr/fr/cas/2014-04-08684,DOWNLOADED,20114,6759b1697368a5c5f9ad1f3e7d24caf8ca95355aa154dad23bd692b820b0213c,PETIT-QUEVILLY (LE) (76) 16.04.2014 | GEIPAN Orange arrow icon Orange arrow icon Orange arrow icon Arrow,
https://www.geipan.fr/fr/cas/2014-04-08685,2014-04-08685,https://www.geipan.fr/fr/cas/2014-04-08685,DOWNLOADED,19312,fa64833c8bd0897c80a3629e7d5136c8b6364aa46bff2b7dbb5ff423caeab503,SAUVAGNON (64) 23.04.2014 | GEIPAN Orange arrow icon Orange arrow icon Orange arrow icon Arrow,
https://www.geipan.fr/fr/cas/2014-04-08691,2014-04-08691,https://www.geipan.fr/fr/cas/2014-04-08691,DOWNLOADED,20515,03f0a28c3d5a42209f005357962a9477c8ace6e2d2e9209a5b4700d382214e03,SAINT-PEY-DE-CASTETS (33) 25.04.2014 | GEIPAN Orange arrow icon Orange arrow icon Orange arrow icon Arrow,
https://www.geipan.fr/fr/cas/2014-04-08693,2014-04-08693,https://www.geipan.fr/fr/cas/2014-04-08693,DOWNLOADED,19672,402b8d1d2631847ef7006283d2b90fb466a05435c6ef193a4eb9429e00eed7b9,PONTET (LE) (84) 08.04.2014 | GEIPAN Orange arrow icon Orange arrow icon Orange arrow icon Arrow,
https://www.geipan.fr/fr/cas/2014-04-08697,2014-04-08697,https://www.geipan.fr/fr/cas/2014-04-08697,DOWNLOADED,19570,3db9fb9c7d70d66407f3cdb51e0db7cd8bb6f7a0664c2af1f33de8fab981b2d5,TREUZY-LEVELAY (77) 20.04.2014 | GEIPAN Orange arrow icon Orange arrow icon Orange arrow icon Arrow,
https://www.geipan.fr/fr/cas/2014-04-08700,2014-04-08700,https://www.geipan.fr/fr/cas/2014-04-08700,DOWNLOADED,19405,ed5ded1d1efd30d638042f24e4fa2cc87e0e250dd9e3d5e892437a89d3ac4808,FONTAINES (71) 10.04.2014 | GEIPAN Orange arrow icon Orange arrow icon Orange arrow icon Arrow,
https://www.geipan.fr/fr/cas/2014-04-09039,2014-04-09039,https://www.geipan.fr/fr/cas/2014-04-09039,DOWNLOADED,20976,2874fed2e90428df9a6622413d70e4be0a1733a2dd8923e86beb880f1a3ba477,BOURG-LES-VALENCE (26) 28.04.2014 | GEIPAN Orange arrow icon Orange arrow icon Orange arrow icon Arrow,
https://www.geipan.fr/fr/cas/2014-04-50829,2014-04-50829,https://www.geipan.fr/fr/cas/2014-04-50829,DOWNLOADED,22584,c41ad8a09d98229ddddce277c3f6256b03d64a87b73c5daebf4169052e0daaae,BORNEL (60) 24.04.2014 | GEIPAN Orange arrow icon Orange arrow icon Orange arrow icon Arrow,
https://www.geipan.fr/fr/cas/2014-05-08690,2014-05-08690,https://www.geipan.fr/fr/cas/2014-05-08690,DOWNLOADED,19622,1cef75c39827b8bd773e7115a52c343cf6a2c292d6b8191c51dce469bdb8968b,SAINTE-MARIE (974) 05.05.2014 | GEIPAN Orange arrow icon Orange arrow icon Orange arrow icon Arrow,
https://www.geipan.fr/fr/cas/2014-05-08695,2014-05-08695,https://www.geipan.fr/fr/cas/2014-05-08695,DOWNLOADED,20209,dcf78b3a80c046531445d90d7eb1ca1bf96fb92bc278fc1fd94ffc9ac66e73fc,EVRY (91) 12.05.2014 | GEIPAN Orange arrow icon Orange arrow icon Orange arrow icon Arrow,
https://www.geipan.fr/fr/cas/2014-05-08696,2014-05-08696,https://www.geipan.fr/fr/cas/2014-05-08696,DOWNLOADED,19376,5d219a51625b82f5fc948c9ec8d7714053feebe71592aef8dd64774dd9862b98,[AERO RYR] (SEA) MANCHE (LA) (01.07) 13.05.2014 | GEIPAN Orange arrow icon Orange arrow icon Orange arrow icon Arrow,
https://www.geipan.fr/fr/cas/2014-05-08699,2014-05-08699,https://www.geipan.fr/fr/cas/2014-05-08699,DOWNLOADED,19497,291b3cb9ab77512e4ad696d57cb8fb7cc0c4bb1f390f1354c64a94adf24a5c58,VILLERBON (41) 14.05.2014 | GEIPAN Orange arrow icon Orange arrow icon Orange arrow icon Arrow,
https://www.geipan.fr/fr/cas/2014-05-08703,2014-05-08703,https://www.geipan.fr/fr/cas/2014-05-08703,DOWNLOADED,20127,6a43a0adabc43e66ebaec2343d7eefb9a3c0736e7448860e6a37595286a0ca27,LYON (69) 15.05.2014 | GEIPAN Orange arrow icon Orange arrow icon Orange arrow icon Arrow,
https://www.geipan.fr/fr/cas/2014-05-08704,2014-05-08704,https://www.geipan.fr/fr/cas/2014-05-08704,DOWNLOADED,19259,7ef51663fe5c352c76466463ac2402e70300f73e0ef94107c7ef9184a00c280a,SAINT-ESTEVE (66) 17.05.2014 | GEIPAN Orange arrow icon Orange arrow icon Orange arrow icon Arrow,
https://www.geipan.fr/fr/cas/2014-05-08709,2014-05-08709,https://www.geipan.fr/fr/cas/2014-05-08709,DOWNLOADED,19183,35c6a33ab5423dee7eea986eedb1503c8a5e8b13aa62f57cd51155a4311a1cb6,PAUILLAC (33) 31.05.2014 | GEIPAN Orange arrow icon Orange arrow icon Orange arrow icon Arrow,
https://www.geipan.fr/fr/cas/2014-05-08727,2014-05-08727,https://www.geipan.fr/fr/cas/2014-05-08727,DOWNLOADED,19835,b2f4f9851531f48ae63d387677eb09dd5651d11f6c36dc8a0ee6048723ad08f8,EZE (06) 16.05.2014 | GEIPAN Orange arrow icon Orange arrow icon Orange arrow icon Arrow,
https://www.geipan.fr/fr/cas/2014-05-08955,2014-05-08955,https://www.geipan.fr/fr/cas/2014-05-08955,DOWNLOADED,18791,ac21349e6764cb9548e8d70eed067106a3cd1ca35474fa8dc9bde92f758564b9,SAINT-HILAIRE-DE-BRETHMAS (30) 01.05.2014 | GEIPAN Orange arrow icon Orange arrow icon Orange arrow icon Arrow,
https://www.geipan.fr/fr/cas/2014-05-50077,2014-05-50077,https://www.geipan.fr/fr/cas/2014-05-50077,DOWNLOADED,19455,3801fe8b17cdbfbc62601fbd28641fba5097149e4ada2ca5f3c945fb45da6334,MANDELIEU-LA-NAPOULE (06) 18.05.2014 | GEIPAN Orange arrow icon Orange arrow icon Orange arrow icon Arrow,
https://www.geipan.fr/fr/cas/2014-05-50080,2014-05-50080,https://www.geipan.fr/fr/cas/2014-05-50080,DOWNLOADED,19114,bc22e1d47485a88a2ecf9ca8922949ee6c6460a03c1b56d480f2d5fe20023396,EAUBONNE (95) 15.05.2014 | GEIPAN Orange arrow icon Orange arrow icon Orange arrow icon Arrow,
https://www.geipan.fr/fr/cas/2014-06-08707,2014-06-08707,https://www.geipan.fr/fr/cas/2014-06-08707,DOWNLOADED,19398,edf49ccadab7e00a2c615c2d0fe2aa7b74af53f5465622c834b29c9c70e632e5,FERE-EN-TARDENOIS (02) 01.06.2014 | GEIPAN Orange arrow icon Orange arrow icon Orange arrow icon Arrow,
https://www.geipan.fr/fr/cas/2014-06-08712,2014-06-08712,https://www.geipan.fr/fr/cas/2014-06-08712,DOWNLOADED,19256,05a333f2ff727809e994dcf6b9eaca452ed90f996e26370bc6bf106229c1e71c,ASNIERES-SUR-SEINE (92) 07.06.2014 | GEIPAN Orange arrow icon Orange arrow icon Orange arrow icon Arrow,
https://www.geipan.fr/fr/cas/2014-06-08718,2014-06-08718,https://www.geipan.fr/fr/cas/2014-06-08718,DOWNLOADED,19683,f0e6b4f24c906c364c3165fd25e1cf4b8c5f5e2838e95274fa3cf26b8126eb24,ANGERS (49) 12.06.2014 | GEIPAN Orange arrow icon Orange arrow icon Orange arrow icon Arrow,
https://www.geipan.fr/fr/cas/2014-06-08719,2014-06-08719,https://www.geipan.fr/fr/cas/2014-06-08719,DOWNLOADED,20002,7a591b1c558a5f0e86abc074dcd587b00e1ef93df2e09bd43761f129791990ec,HANDSCHUHEIM (67) 07.06.2014 | GEIPAN Orange arrow icon Orange arrow icon Orange arrow icon Arrow,
https://www.geipan.fr/fr/cas/2014-06-08721,2014-06-08721,https://www.geipan.fr/fr/cas/2014-06-08721,DOWNLOADED,19383,02f2fa98fd65752e221092c9922a4ea93ec3ce7282c154d1a5a67f103c7c5691,PLOBSHEIM (67) 14.06.2014 | GEIPAN Orange arrow icon Orange arrow icon Orange arrow icon Arrow,
https://www.geipan.fr/fr/cas/2014-06-08722,2014-06-08722,https://www.geipan.fr/fr/cas/2014-06-08722,DOWNLOADED,19170,33c7f2122ca41b7bb1b2dd4e9cf5fcd48cabc4c2089c9c5b1316bd05293c5325,PARIS (75) 23.06.2014 | GEIPAN Orange arrow icon Orange arrow icon Orange arrow icon Arrow,
https://www.geipan.fr/fr/cas/2014-06-08724,2014-06-08724,https://www.geipan.fr/fr/cas/2014-06-08724,DOWNLOADED,19086,cb6364ad44911f618a871a6ba91987879a02f21ccfd30ba3c9fffd51aeedf573,SAINT-GERMAIN-SUR-MORIN (77) 08.06.2014 | GEIPAN Orange arrow icon Orange arrow icon Orange arrow icon Arrow,
https://www.geipan.fr/fr/cas/2014-06-08725,2014-06-08725,https://www.geipan.fr/fr/cas/2014-06-08725,DOWNLOADED,20264,91f61bd73a4819b717a9daf588fd55d64cd80eb424b0e7bf3b8e6cfbae0bdc6f,CHOLET (49) 13.06.2014 | GEIPAN Orange arrow icon Orange arrow icon Orange arrow icon Arrow,
https://www.geipan.fr/fr/cas/2014-06-08726,2014-06-08726,https://www.geipan.fr/fr/cas/2014-06-08726,DOWNLOADED,19119,f42d22730d62977cbe2d28c0777306cbc6a79f51d756e982856408e90b0a2eb9,WILLGOTTHEIM (67) 25.06.2014 | GEIPAN Orange arrow icon Orange arrow icon Orange arrow icon Arrow,
https://www.geipan.fr/fr/cas/2014-06-08728,2014-06-08728,https://www.geipan.fr/fr/cas/2014-06-08728,DOWNLOADED,20158,9babb9e7e54812e84310474cc8da5418f24a08514bb52b69ca8da1666f46b5db,VIERZON (18) 29.06.2014 | GEIPAN Orange arrow icon Orange arrow icon Orange arrow icon Arrow,
https://www.geipan.fr/fr/cas/2014-06-08729,2014-06-08729,https://www.geipan.fr/fr/cas/2014-06-08729,DOWNLOADED,20192,fb13d0c85e99ba5eb9c50a479f69e816bedb377d2826ff03cc484b2dedc2d633,SAINT-MANDE (94) 26.06.2014 | GEIPAN Orange arrow icon Orange arrow icon Orange arrow icon Arrow,
https://www.geipan.fr/fr/cas/2014-06-08730,2014-06-08730,https://www.geipan.fr/fr/cas/2014-06-08730,DOWNLOADED,20543,3cc7cdb837370a809d284228d4436d208eb898a9253523af7b14df09266dbad4,MURET (31) 24.06.2014 | GEIPAN Orange arrow icon Orange arrow icon Orange arrow icon Arrow,
https://www.geipan.fr/fr/cas/2014-06-08998,2014-06-08998,https://www.geipan.fr/fr/cas/2014-06-08998,DOWNLOADED,20334,00368067561dea0b482478943d747478bd0ee52e755f1b198e53a302740fbb6a,ROYAN (17) 11.06.2014 | GEIPAN Orange arrow icon Orange arrow icon Orange arrow icon Arrow,
https://www.geipan.fr/fr/cas/2014-06-09090,2014-06-09090,https://www.geipan.fr/fr/cas/2014-06-09090,DOWNLOADED,20129,a16df6a987367983d2e251b97d4dc3664ac51b098d79a76e9ee0f59346954a95,NOISY-LE-GRAND (93) 22.06.2014 | GEIPAN Orange arrow icon Orange arrow icon Orange arrow icon Arrow,
https://www.geipan.fr/fr/cas/2014-06-09122,2014-06-09122,https://www.geipan.fr/fr/cas/2014-06-09122,DOWNLOADED,19517,33d02bc60c028a868471cf7bb594f02dd3b9a11ca4677f6317ce2de8b5a56959,EVANS (39) 02.06.2014 | GEIPAN Orange arrow icon Orange arrow icon Orange arrow icon Arrow,
https://www.geipan.fr/fr/cas/2014-06-09258,2014-06-09258,https://www.geipan.fr/fr/cas/2014-06-09258,DOWNLOADED,20253,603c0f707b5eb66c730610e40732109e31f5f1ee7fa6f2d4b2d722c9460eab8c,TRANS-EN-PROVENCE (83) 14.06.2014 | GEIPAN Orange arrow icon Orange arrow icon Orange arrow icon Arrow,
https://www.geipan.fr/fr/cas/2014-06-09374,2014-06-09374,https://www.geipan.fr/fr/cas/2014-06-09374,DOWNLOADED,19734,f4f59fc921ceac114e1981c1c3e0ddc77c317b8893d55df18a9a2d547afc29af,BIARS-SUR-CERE (46) 06.06.2014 | GEIPAN Orange arrow icon Orange arrow icon Orange arrow icon Arrow,
https://www.geipan.fr/fr/cas/2014-06-50078,2014-06-50078,https://www.geipan.fr/fr/cas/2014-06-50078,DOWNLOADED,20256,ef9fb1557f6163cadbaea5e1c272899a2ab0f800c8d7453c892d1f7bd00d86c9,ETRELLES (35) 01.06.2014 | GEIPAN Orange arrow icon Orange arrow icon Orange arrow icon Arrow,
https://www.geipan.fr/fr/cas/2014-07-08731,2014-07-08731,https://www.geipan.fr/fr/cas/2014-07-08731,DOWNLOADED,19341,1406ee970126a1955b141925be7fcff8da11c3bcd003712dc74bb648ac25262e,CHECY (45) 03.07.2014 | GEIPAN Orange arrow icon Orange arrow icon Orange arrow icon Arrow,
https://www.geipan.fr/fr/cas/2014-07-08732,2014-07-08732,https://www.geipan.fr/fr/cas/2014-07-08732,DOWNLOADED,19660,11724e9e77ac74097efe89037857e3308c3c609d095d46b2c5d0da997a5907f5,SAINT-LAURENT-LE-MINIER (30) 08.07.2014 | GEIPAN Orange arrow icon Orange arrow icon Orange arrow icon Arrow,
https://www.geipan.fr/fr/cas/2014-07-08733,2014-07-08733,https://www.geipan.fr/fr/cas/2014-07-08733,DOWNLOADED,20015,78ff318a4b8665d0fc7b18a3e64299b0d105891531b33ebaa2c30466c3368085,ARGELES-SUR-MER (66) 13.07.2014 | GEIPAN Orange arrow icon Orange arrow icon Orange arrow icon Arrow,
https://www.geipan.fr/fr/cas/2014-07-08734,2014-07-08734,https://www.geipan.fr/fr/cas/2014-07-08734,DOWNLOADED,21254,b3919f0f2ee2608d5c1bb416c08036d794c8db01dee511267485cb487cb5239a,PERLES-ET-CASTELET (09) 19.07.2014 | GEIPAN Orange arrow icon Orange arrow icon Orange arrow icon Arrow,
https://www.geipan.fr/fr/cas/2014-07-08735,2014-07-08735,https://www.geipan.fr/fr/cas/2014-07-08735,DOWNLOADED,19324,af352f61e83c5a7969050ed6412b152f7fe2f06dc4544d0bfb0d602c30aed8bd,COSNE-COURS-SUR-LOIRE (58) 05.07.2014 | GEIPAN Orange arrow icon Orange arrow icon Orange arrow icon Arrow,
https://www.geipan.fr/fr/cas/2014-07-08736,2014-07-08736,https://www.geipan.fr/fr/cas/2014-07-08736,DOWNLOADED,19068,791f32b915d5b991f60f14e34c845d42609791ad47f5a85f26fa423b08b56fe4,TOULOUSE (31) 05.07.2014 | GEIPAN Orange arrow icon Orange arrow icon Orange arrow icon Arrow,
https://www.geipan.fr/fr/cas/2014-07-08737,2014-07-08737,https://www.geipan.fr/fr/cas/2014-07-08737,DOWNLOADED,19716,a237f5449ca790cdd2837600fa1693f4de1abebc419033980c741daee0f63397,AIX-EN-PROVENCE (13) 05.07.2014 | GEIPAN Orange arrow icon Orange arrow icon Orange arrow icon Arrow,
https://www.geipan.fr/fr/cas/2014-07-08738,2014-07-08738,https://www.geipan.fr/fr/cas/2014-07-08738,DOWNLOADED,19474,a918e92a7e1606c0217f14a18c85a513f7c797f8e4ca715b45656446ca371ec3,LACS (36) 12.07.2014 | GEIPAN Orange arrow icon Orange arrow icon Orange arrow icon Arrow,
https://www.geipan.fr/fr/cas/2014-07-08739,2014-07-08739,https://www.geipan.fr/fr/cas/2014-07-08739,DOWNLOADED,18895,877d5f1486a28dfb65d5bd01651d09974e108f1bdab8a9ebe53d04f237b82dcd,LYON (69) 12.07.2014 | GEIPAN Orange arrow icon Orange arrow icon Orange arrow icon Arrow,
https://www.geipan.fr/fr/cas/2014-07-08740,2014-07-08740,https://www.geipan.fr/fr/cas/2014-07-08740,DOWNLOADED,19497,244f56b35a341ac5cff6f5cab8f3ee6854a1bcb23efa9d13d5817e201c0bc91c,SELLES-SAINT-DENIS (41) 14.07.2014 | GEIPAN Orange arrow icon Orange arrow icon Orange arrow icon Arrow,
https://www.geipan.fr/fr/cas/2014-07-08741,2014-07-08741,https://www.geipan.fr/fr/cas/2014-07-08741,DOWNLOADED,19580,42b1fe8fc3282085403cc3e50b3e074a1aca26e6a3a1461149fb60bfc72754ae,SAINT-REMY-DE-PROVENCE (13) 17.07.2014 | GEIPAN Orange arrow icon Orange arrow icon Orange arrow icon Arrow,
https://www.geipan.fr/fr/cas/2014-07-08742,2014-07-08742,https://www.geipan.fr/fr/cas/2014-07-08742,DOWNLOADED,19860,4c01eea653c2062ee5fa54df8cc8a8162df30504e1b51074ecf9d6041902550d,AVIGNON (84) 17.07.2014 | GEIPAN Orange arrow icon Orange arrow icon Orange arrow icon Arrow,
https://www.geipan.fr/fr/cas/2014-07-08743,2014-07-08743,https://www.geipan.fr/fr/cas/2014-07-08743,DOWNLOADED,19166,2b17de36cfcfaf9f0f6cbd3549d6858bd6685c88cd0839cbeb9c61966481b925,BRUGUIERES (31) 19.07.2014 | GEIPAN Orange arrow icon Orange arrow icon Orange arrow icon Arrow,
https://www.geipan.fr/fr/cas/2014-07-08744,2014-07-08744,https://www.geipan.fr/fr/cas/2014-07-08744,DOWNLOADED,19046,8c9ff9a6e9b1edfadc793830edaa36f7b58eb79410c3ab408a70b36f33baa5fb,[A62] DE TOULOUSE (31) VERS MONTAUBAN (82) 19.07.2014 | GEIPAN Orange arrow icon Orange arrow icon Orange arrow icon Arrow,
https://www.geipan.fr/fr/cas/2014-07-08938,2014-07-08938,https://www.geipan.fr/fr/cas/2014-07-08938,DOWNLOADED,19519,3f3b786e7dc03a570da2477782ded81481b8a99e68ff3d6bf810fad36268e33f,LORGUES (83) 31.07.2014 | GEIPAN Orange arrow icon Orange arrow icon Orange arrow icon Arrow,
https://www.geipan.fr/fr/cas/2014-07-08939,2014-07-08939,https://www.geipan.fr/fr/cas/2014-07-08939,DOWNLOADED,19408,7d1f041bc1161bc4e5ff917acfd34cb3a2481ffe3105b936325bc5a81135a946,COLMAR (68) 02.07.2014 | GEIPAN Orange arrow icon Orange arrow icon Orange arrow icon Arrow,
https://www.geipan.fr/fr/cas/2014-07-08941,2014-07-08941,https://www.geipan.fr/fr/cas/2014-07-08941,DOWNLOADED,19174,c3c838dcb62b240758bc3e2032590a05fd433310dfb07a8996cd2d79776a5bcf,FONTEVRAUD-L'ABBAYE (49) 20.07.2014 | GEIPAN Orange arrow icon Orange arrow icon Orange arrow icon Arrow,
https://www.geipan.fr/fr/cas/2014-07-08945,2014-07-08945,https://www.geipan.fr/fr/cas/2014-07-08945,DOWNLOADED,23906,07dc84c411a605856d6d4427825c27b9d0fbb11290b10da5c5f1dc9f26a39c42,POULIGUEN (LE) (44) 09.07.2014 | GEIPAN Orange arrow icon Orange arrow icon Orange arrow icon Arrow,
https://www.geipan.fr/fr/cas/2014-07-08946,2014-07-08946,https://www.geipan.fr/fr/cas/2014-07-08946,DOWNLOADED,19473,8a32222712883e7ca744f473ba989c830977b62f45c029cacd2348605cdac7c9,JUVISY-SUR-ORGE (91) 25.07.2014 | GEIPAN Orange arrow icon Orange arrow icon Orange arrow icon Arrow,
https://www.geipan.fr/fr/cas/2014-07-08947,2014-07-08947,https://www.geipan.fr/fr/cas/2014-07-08947,DOWNLOADED,20043,11fd64af602c060a1c473bdb552b0f0b4c14de1a1d3879b23d6e709e481a22e1,TOURS (37) 30.07.2014 | GEIPAN Orange arrow icon Orange arrow icon Orange arrow icon Arrow,
https://www.geipan.fr/fr/cas/2014-07-08948,2014-07-08948,https://www.geipan.fr/fr/cas/2014-07-08948,DOWNLOADED,19044,d39c02948c02568e4be01715f3bf996a5c1c000bfdb6e0e0b4d6fa0c732e124f,GIBERVILLE (14) 31.07.2014 | GEIPAN Orange arrow icon Orange arrow icon Orange arrow icon Arrow,
https://www.geipan.fr/fr/cas/2014-07-08969,2014-07-08969,https://www.geipan.fr/fr/cas/2014-07-08969,DOWNLOADED,19331,a57b08dda4628970a8d6148ee8da60513a526484016bc4056c7e1f5b93e8ea4a,GLEIZE (69) 19.07.2014 | GEIPAN Orange arrow icon Orange arrow icon Orange arrow icon Arrow,
https://www.geipan.fr/fr/cas/2014-07-08972,2014-07-08972,https://www.geipan.fr/fr/cas/2014-07-08972,DOWNLOADED,19698,af850a57ba1cfd8f5e2033e1dee84d3237c00e473afa6e5489e90bdaf2d1c85c,[D135] de SAINT-PIERRE-DE-PLESGUEN (35) VERS MEILLAC (35) 25.07.2014 | GEIPAN Orange arrow icon Orange arrow icon Orange arrow icon Arrow,
https://www.geipan.fr/fr/cas/2014-07-08996,2014-07-08996,https://www.geipan.fr/fr/cas/2014-07-08996,DOWNLOADED,19848,2ef8297ac551850311e1a17a0ac6948abeca2bd65854938a4a5f00af6adee756,SAINT-CYPRIEN (66) 26.07.2014 | GEIPAN Orange arrow icon Orange arrow icon Orange arrow icon Arrow,
https://www.geipan.fr/fr/cas/2014-07-08999,2014-07-08999,https://www.geipan.fr/fr/cas/2014-07-08999,DOWNLOADED,19554,7bc006d2f4c0755596376b643fc44f763a635f8954d0756f53096c889ea0b9ba,CLAYE-SOUILLY (77) 31.07.2014 | GEIPAN Orange arrow icon Orange arrow icon Orange arrow icon Arrow,
https://www.geipan.fr/fr/cas/2014-07-09000,2014-07-09000,https://www.geipan.fr/fr/cas/2014-07-09000,DOWNLOADED,20174,c85b3e486f80f4f6c5e0aa14b15846fc44231fabb70bdd10716c5b677f3b4934,CAP-D'AIL (06) 28.07.2014 | GEIPAN Orange arrow icon Orange arrow icon Orange arrow icon Arrow,
https://www.geipan.fr/fr/cas/2014-07-09083,2014-07-09083,https://www.geipan.fr/fr/cas/2014-07-09083,DOWNLOADED,19818,5f23f5c8641ee5e8eb03b87e47c9d0053b8f8765ed3dab44557b9c2b425e2085,JABLINES (77) 27.07.2014 | GEIPAN Orange arrow icon Orange arrow icon Orange arrow icon Arrow,
https://www.geipan.fr/fr/cas/2014-07-09089,2014-07-09089,https://www.geipan.fr/fr/cas/2014-07-09089,DOWNLOADED,20647,24c27e78a9aeba84289e98827996c971f272a2522d7efa881e6f647d3886dd80,SAINTE-SAVINE (10) 01.07.2014 | GEIPAN Orange arrow icon Orange arrow icon Orange arrow icon Arrow,
https://www.geipan.fr/fr/cas/2014-07-09121,2014-07-09121,https://www.geipan.fr/fr/cas/2014-07-09121,DOWNLOADED,20272,8614cd4a0fcf3d9c9716486e1dbc6e752f7509f2e5381f5226ef2ec167a8cd6d,BERTIGNAT (63) 03.07.2014 | GEIPAN Orange arrow icon Orange arrow icon Orange arrow icon Arrow,
https://www.geipan.fr/fr/cas/2014-07-09178,2014-07-09178,https://www.geipan.fr/fr/cas/2014-07-09178,DOWNLOADED,19868,1e0a5b0fe3ddbc338d5769939280b8a7cf4d79e52757fe8b7fe95810756e7225,VALLEIRY (74) 12.07.2014 | GEIPAN Orange arrow icon Orange arrow icon Orange arrow icon Arrow,
https://www.geipan.fr/fr/cas/2014-08-08940,2014-08-08940,https://www.geipan.fr/fr/cas/2014-08-08940,DOWNLOADED,19499,9c01003bd0c86638dca68ceb5cc984866ba77e35caceabe3bd159f41a5feecb6,CERGY (95) 16.08.2014 | GEIPAN Orange arrow icon Orange arrow icon Orange arrow icon Arrow,
https://www.geipan.fr/fr/cas/2014-08-08942,2014-08-08942,https://www.geipan.fr/fr/cas/2014-08-08942,DOWNLOADED,19063,92cf3749f8f74e637e6cb0af3b19f3d81578ab382e3b11bb7c19d07f4bdb3cbd,SAINT-SULPICE-ET-CAMEYRAC (33) 03.08.2014 | GEIPAN Orange arrow icon Orange arrow icon Orange arrow icon Arrow,
https://www.geipan.fr/fr/cas/2014-08-08943,2014-08-08943,https://www.geipan.fr/fr/cas/2014-08-08943,DOWNLOADED,19617,c94eb9a77c1a68d058c6e161907cdb7694cd0000a14fcb0a46efc6a51743b817,MARSEILLE (13) 05.08.2014 | GEIPAN Orange arrow icon Orange arrow icon Orange arrow icon Arrow,
https://www.geipan.fr/fr/cas/2014-08-08949,2014-08-08949,https://www.geipan.fr/fr/cas/2014-08-08949,DOWNLOADED,19138,583bde7eb6e1ce08b282e337da2596ae0d9e75f19eadd06cc60542721d45f807,NARBONNE (11) 08.08.2014 | GEIPAN Orange arrow icon Orange arrow icon Orange arrow icon Arrow,
https://www.geipan.fr/fr/cas/2014-08-08950,2014-08-08950,https://www.geipan.fr/fr/cas/2014-08-08950,DOWNLOADED,20348,2efb3654bbbafa26ccfc44a66eeecf6358ea55ee28919a7879cb4fd77b0a4d70,SAINT-MARTIN-DE-SEIGNANX (40) 09.08.2014 | GEIPAN Orange arrow icon Orange arrow icon Orange arrow icon Arrow,
https://www.geipan.fr/fr/cas/2014-08-08951,2014-08-08951,https://www.geipan.fr/fr/cas/2014-08-08951,DOWNLOADED,19025,43af3dcd624c19320500e32771c4a4f0b0e2991245ff90adcc6444358a54d89b,EPINONVILLE (55) 10.08.2014 | GEIPAN Orange arrow icon Orange arrow icon Orange arrow icon Arrow,
https://www.geipan.fr/fr/cas/2014-08-08952,2014-08-08952,https://www.geipan.fr/fr/cas/2014-08-08952,DOWNLOADED,19003,d4ce81dc6c2cd78719bb4893758e01cba89d7427f5b77095b1e59e9bee990877,BERGERAC (24) 17.08.2014 | GEIPAN Orange arrow icon Orange arrow icon Orange arrow icon Arrow,
https://www.geipan.fr/fr/cas/2014-08-08954,2014-08-08954,https://www.geipan.fr/fr/cas/2014-08-08954,DOWNLOADED,19473,7085f43ade68e95961432236c028de47926cf2046b75b58416260dbe4054566b,TOURNEFEUILLE (31) 17.08.2014 | GEIPAN Orange arrow icon Orange arrow icon Orange arrow icon Arrow,
https://www.geipan.fr/fr/cas/2014-08-08956,2014-08-08956,https://www.geipan.fr/fr/cas/2014-08-08956,DOWNLOADED,19658,b814a6955823d968efb33961cfcac5470b0db17effc092c1ba96f99dfc3cf51e,HALLES (LES) (69) 22.08.2014 | GEIPAN Orange arrow icon Orange arrow icon Orange arrow icon Arrow,
https://www.geipan.fr/fr/cas/2014-08-08957,2014-08-08957,https://www.geipan.fr/fr/cas/2014-08-08957,DOWNLOADED,19237,a329e327fbdded6184980ff1d3c8e8aeec8f41b665b29fe3cd1f25ed9615b248,BAYONNE (64) 24.08.2014 | GEIPAN Orange arrow icon Orange arrow icon Orange arrow icon Arrow,
https://www.geipan.fr/fr/cas/2014-08-08961,2014-08-08961,https://www.geipan.fr/fr/cas/2014-08-08961,DOWNLOADED,19288,48ff3a5033a1283c08d19ff50c94ecfabc9fd75a36b5edf200cf0cbb46137e93,AVENIERES (LES) (38) 03.08.2014 | GEIPAN Orange arrow icon Orange arrow icon Orange arrow icon Arrow,
https://www.geipan.fr/fr/cas/2014-08-08968,2014-08-08968,https://www.geipan.fr/fr/cas/2014-08-08968,DOWNLOADED,19693,7b34c65bef0f0e87011faab3d50b40e4cf11fdd19cb3c9de7da0af92fc007668,ZONZA (2A) 28.08.2014 | GEIPAN Orange arrow icon Orange arrow icon Orange arrow icon Arrow,
https://www.geipan.fr/fr/cas/2014-08-08971,2014-08-08971,https://www.geipan.fr/fr/cas/2014-08-08971,DOWNLOADED,18971,61327f527b16dffe5aa1740bccffab551980d1f6baaa45a9739f005693779066,PORGE (LE) (33) 31.08.2014 | GEIPAN Orange arrow icon Orange arrow icon Orange arrow icon Arrow,
https://www.geipan.fr/fr/cas/2014-08-08978,2014-08-08978,https://www.geipan.fr/fr/cas/2014-08-08978,DOWNLOADED,19157,349f0d2c21dedee23c0aa2f2246c3f66a8feb41488e85d6121ba863f3695ba98,SAINT-SULPICE (81) 27.08.2014 | GEIPAN Orange arrow icon Orange arrow icon Orange arrow icon Arrow,
https://www.geipan.fr/fr/cas/2014-08-08983,2014-08-08983,https://www.geipan.fr/fr/cas/2014-08-08983,DOWNLOADED,19079,b35c159b3d0736c2627fafaf1c0014740f8f6bc98965da56bdafe537d40e2091,OULLINS (69) 02.08.2014 | GEIPAN Orange arrow icon Orange arrow icon Orange arrow icon Arrow,
https://www.geipan.fr/fr/cas/2014-08-08987,2014-08-08987,https://www.geipan.fr/fr/cas/2014-08-08987,DOWNLOADED,21871,e2b7de0d2b32f7e691b80ec01113983a9e65057cafab9cbfa9ab7ed23db72250,[AERO EZY] DE PARIS (75) VERS LISBONNE (PT.11) 21.08.2014 | GEIPAN Orange arrow icon Orange arrow icon Orange arrow icon Arrow,
https://www.geipan.fr/fr/cas/2014-08-08989,2014-08-08989,https://www.geipan.fr/fr/cas/2014-08-08989,DOWNLOADED,19970,de0b95c2fd5316a9de001560cf318db255e19501fed0ea539425e8e3eb924159,VIEUX-BOUCAU-LES-BAINS (40) 15.08.2014 | GEIPAN Orange arrow icon Orange arrow icon Orange arrow icon Arrow,
https://www.geipan.fr/fr/cas/2014-08-08993,2014-08-08993,https://www.geipan.fr/fr/cas/2014-08-08993,DOWNLOADED,19936,fbddd5cce89e78371c387237299eaa2d800725fc384097a5d34241313cb4d376,BELLEVAUX (74) 30.08.2014 | GEIPAN Orange arrow icon Orange arrow icon Orange arrow icon Arrow,
https://www.geipan.fr/fr/cas/2014-08-09001,2014-08-09001,https://www.geipan.fr/fr/cas/2014-08-09001,DOWNLOADED,19577,63cefdcfdf5dac46060abdfff1b9248883f992db3ed0a190ac22ec5ff75994cf,PORT-SAINTE-FOY-ET-PONCHAPT (33) 15.08.2014 | GEIPAN Orange arrow icon Orange arrow icon Orange arrow icon Arrow,
https://www.geipan.fr/fr/cas/2014-08-09021,2014-08-09021,https://www.geipan.fr/fr/cas/2014-08-09021,DOWNLOADED,20074,8547b3730f55266e936a91ca8159cc84ad20062a9cb9afe7c68c34124122acff,AUTUN (71) 22.08.2014 | GEIPAN Orange arrow icon Orange arrow icon Orange arrow icon Arrow,
https://www.geipan.fr/fr/cas/2014-08-09118,2014-08-09118,https://www.geipan.fr/fr/cas/2014-08-09118,DOWNLOADED,19684,3c5b24775b0441b44a0ccf170fb0f6d9728f32380ad333de0476890b9bf9965d,COUBLEVIE (38) 03.08.2014 | GEIPAN Orange arrow icon Orange arrow icon Orange arrow icon Arrow,
https://www.geipan.fr/fr/cas/2014-08-09123,2014-08-09123,https://www.geipan.fr/fr/cas/2014-08-09123,DOWNLOADED,19497,fa25378796343c4d3569b6b57528b47cddcb69d257bd6ab0cbf88edea73ca513,SIORAC-EN-PERIGORD (24) 17.08.2014 | GEIPAN Orange arrow icon Orange arrow icon Orange arrow icon Arrow,
https://www.geipan.fr/fr/cas/2014-08-09127,2014-08-09127,https://www.geipan.fr/fr/cas/2014-08-09127,DOWNLOADED,19261,6c1118eb19c022e2f26023f4548415fed34015c49f0fc6467263f2828be425e5,BEDARRIDES (84) 14.08.2014 | GEIPAN Orange arrow icon Orange arrow icon Orange arrow icon Arrow,
https://www.geipan.fr/fr/cas/2014-08-09128,2014-08-09128,https://www.geipan.fr/fr/cas/2014-08-09128,DOWNLOADED,21914,827480e8a2a076848e86babe535d843d2a3f8217f81512b5bf0076b411fe22c3,SAINT-GEORGES-DE-POINTINDOUX (85) 20.08.2014 | GEIPAN Orange arrow icon Orange arrow icon Orange arrow icon Arrow,
https://www.geipan.fr/fr/cas/2014-09-08979,2014-09-08979,https://www.geipan.fr/fr/cas/2014-09-08979,DOWNLOADED,19540,a962563640bee733b5dd6c1284c9ea29f46ac8094dd250aa9145fad267e2e823,PRESLY (18) 01.09.2014 | GEIPAN Orange arrow icon Orange arrow icon Orange arrow icon Arrow,
https://www.geipan.fr/fr/cas/2014-09-08984,2014-09-08984,https://www.geipan.fr/fr/cas/2014-09-08984,DOWNLOADED,21609,026d244d8a18a31accefd25e7e42592556dcea90ae4efb7fafe3fcb6fc98e6aa,"BOLIDE — (REG) OCCITANIE, NOUVELLE-AQUITAINE (OCC, NAQ) 07.09.2014 | GEIPAN Orange arrow icon Orange arrow icon Orange arrow icon Arrow",
https://www.geipan.fr/fr/cas/2014-09-08986,2014-09-08986,https://www.geipan.fr/fr/cas/2014-09-08986,DOWNLOADED,19280,18a15ac2c7109484f85e789bcb03bb58fd139d3d1ad280f1240bd0211e693973,CAP-D'AIL (06) 06.09.2014 | GEIPAN Orange arrow icon Orange arrow icon Orange arrow icon Arrow,
https://www.geipan.fr/fr/cas/2014-09-08988,2014-09-08988,https://www.geipan.fr/fr/cas/2014-09-08988,DOWNLOADED,21475,7bd2eb1d9865edeb245e1a2d8160668e04305c5d83851f63ae0c2766dbdb31fe,[D231] DE PROVINS (77) VERS CHENOISE (77) 07.09.2014 | GEIPAN Orange arrow icon Orange arrow icon Orange arrow icon Arrow,
https://www.geipan.fr/fr/cas/2014-09-08992,2014-09-08992,https://www.geipan.fr/fr/cas/2014-09-08992,DOWNLOADED,19984,06008a611da42bc49e917e004594aaf385f5e387b2e2bca6bb6e086a6ded1fca,THONON-LES-BAINS (74) 01.09.2014 | GEIPAN Orange arrow icon Orange arrow icon Orange arrow icon Arrow,
https://www.geipan.fr/fr/cas/2014-09-08994,2014-09-08994,https://www.geipan.fr/fr/cas/2014-09-08994,DOWNLOADED,21026,c3b0f17fa7b39d0750bac83035fec8636ff9bbae2d3513f3bf00e14b07b09589,"BOLIDE — TOULOUSE, GLEIZE (31, 69) 15.09.2014 | GEIPAN Orange arrow icon Orange arrow icon Orange arrow icon Arrow",
https://www.geipan.fr/fr/cas/2014-09-08995,2014-09-08995,https://www.geipan.fr/fr/cas/2014-09-08995,DOWNLOADED,19186,b8964fe4258978025caa5c71c94384d01f67d0eb52ef3fb81181925c949d092c,PELLOUAILLES-LES-VIGNES (49) 07.09.2014 | GEIPAN Orange arrow icon Orange arrow icon Orange arrow icon Arrow,
https://www.geipan.fr/fr/cas/2014-09-09002,2014-09-09002,https://www.geipan.fr/fr/cas/2014-09-09002,DOWNLOADED,19173,acc1e87d05f6cb10b573aea118fa2f54a82c5fda4497b2d0818c42b3130cea55,MOUGINS (06) 17.09.2014 | GEIPAN Orange arrow icon Orange arrow icon Orange arrow icon Arrow,
https://www.geipan.fr/fr/cas/2014-09-09003,2014-09-09003,https://www.geipan.fr/fr/cas/2014-09-09003,DOWNLOADED,19207,41941d794702a6257ddaf4d6f215727db26956cf7ca3596ad589d02c9e666084,CANNET (LE) (06) 06.09.2014 | GEIPAN Orange arrow icon Orange arrow icon Orange arrow icon Arrow,
https://www.geipan.fr/fr/cas/2014-09-09007,2014-09-09007,https://www.geipan.fr/fr/cas/2014-09-09007,DOWNLOADED,19133,77a643f17dea9ee0b96dc6583abcf339b00543f37048d2855a7fb41571f2149d,YERRES (91) 19.09.2014 | GEIPAN Orange arrow icon Orange arrow icon Orange arrow icon Arrow,
https://www.geipan.fr/fr/cas/2014-09-09008,2014-09-09008,https://www.geipan.fr/fr/cas/2014-09-09008,DOWNLOADED,19332,510b9dc5e97dd3ac6119e0a20024bb742af2c100c06d34792a87d0b0bab41035,DEUIL-LA-BARRE (95) 27.09.2014 | GEIPAN Orange arrow icon Orange arrow icon Orange arrow icon Arrow,
https://www.geipan.fr/fr/cas/2014-09-09009,2014-09-09009,https://www.geipan.fr/fr/cas/2014-09-09009,DOWNLOADED,19018,70325b37035291205a6c3e93bd9935ebbae9b36ba61d5743c8cef270e3fcc892,MONTAUBAN (82) 27.09.2014 | GEIPAN Orange arrow icon Orange arrow icon Orange arrow icon Arrow,
https://www.geipan.fr/fr/cas/2014-09-09014,2014-09-09014,https://www.geipan.fr/fr/cas/2014-09-09014,DOWNLOADED,20219,7e695684990ff25db5fac41670a54b6ed6c8a7efc46dbcaaac1a638607fc6122,BAYONNE (64) 17.09.2014 | GEIPAN Orange arrow icon Orange arrow icon Orange arrow icon Arrow,
https://www.geipan.fr/fr/cas/2014-09-09025,2014-09-09025,https://www.geipan.fr/fr/cas/2014-09-09025,DOWNLOADED,20499,9e1e11747be02dd25cf8e775e74c008ced6ba061bf24e74c701f637dd98b291d,[D47] de MEYRUEIS (48) vers LANUEJOLS (30) 21.09.2014 | GEIPAN Orange arrow icon Orange arrow icon Orange arrow icon Arrow,
https://www.geipan.fr/fr/cas/2014-09-09029,2014-09-09029,https://www.geipan.fr/fr/cas/2014-09-09029,DOWNLOADED,20012,6f728e4dbfec6822046eb2a643f56326e58a720f09671ba45d002f0e705f6d53,TRILBARDOU (77) 28.09.2014 | GEIPAN Orange arrow icon Orange arrow icon Orange arrow icon Arrow,
https://www.geipan.fr/fr/cas/2014-09-09037,2014-09-09037,https://www.geipan.fr/fr/cas/2014-09-09037,DOWNLOADED,19734,fce0bd26da37120f5208bb9de23776e88efece785927cf787560148592de18ca,CHAUDEFONDS-SUR-LAYON (49) 12.09.2014 | GEIPAN Orange arrow icon Orange arrow icon Orange arrow icon Arrow,
https://www.geipan.fr/fr/cas/2014-09-09046,2014-09-09046,https://www.geipan.fr/fr/cas/2014-09-09046,DOWNLOADED,19116,7ba69e34eadf43e3f10970b6acc59fc896909d2d9a85b04d79dc349d03601004,SAUSSET-LES-PINS (13) 12.09.2014 | GEIPAN Orange arrow icon Orange arrow icon Orange arrow icon Arrow,
https://www.geipan.fr/fr/cas/2014-09-09201,2014-09-09201,https://www.geipan.fr/fr/cas/2014-09-09201,DOWNLOADED,19941,aee4a715a5db24de497ac672f32912064d5e56a61eb0c612d586d0edb4f02590,SAINT-MAURICE (94) 14.09.2014 | GEIPAN Orange arrow icon Orange arrow icon Orange arrow icon Arrow,
https://www.geipan.fr/fr/cas/2014-09-09376,2014-09-09376,https://www.geipan.fr/fr/cas/2014-09-09376,DOWNLOADED,20374,07cdda22944cd6597f38bc4b2a1b8230322521e5c204092344b122a998a7dd86,MARSEILLE (13) 12.09.2014 | GEIPAN Orange arrow icon Orange arrow icon Orange arrow icon Arrow,
https://www.geipan.fr/fr/cas/2014-09-50082,2014-09-50082,https://www.geipan.fr/fr/cas/2014-09-50082,DOWNLOADED,19518,3a1891147b9d111120d779d41356c0db2d4ba869fed4af0b59112772552278cf,SAINT-GAUDENS (31) 18.09.2014 | GEIPAN Orange arrow icon Orange arrow icon Orange arrow icon Arrow,
https://www.geipan.fr/fr/cas/2014-10-09013,2014-10-09013,https://www.geipan.fr/fr/cas/2014-10-09013,DOWNLOADED,19958,d7727dda7ae36a6fd97786db32474628873fd3abb705b4b99b88015d64f51378,FONTAINES-SUR-SAONE (69) 04.10.2014 | GEIPAN Orange arrow icon Orange arrow icon Orange arrow icon Arrow,
https://www.geipan.fr/fr/cas/2014-10-09018,2014-10-09018,https://www.geipan.fr/fr/cas/2014-10-09018,DOWNLOADED,19857,dbc3ef3bb09536f0ef1e72f67f0b80903a9d5897e57e43b93ce968138620a7a7,PERTUIS (84) 13.10.2014 | GEIPAN Orange arrow icon Orange arrow icon Orange arrow icon Arrow,
https://www.geipan.fr/fr/cas/2014-10-09019,2014-10-09019,https://www.geipan.fr/fr/cas/2014-10-09019,DOWNLOADED,22653,5186172accb06a534da9de1c0f3cdd07a79e10a4b8acf2eb3965b7e516122e1b,(DPT) MOSELLE (57) 15.10.2014 | GEIPAN Orange arrow icon Orange arrow icon Orange arrow icon Arrow,
https://www.geipan.fr/fr/cas/2014-10-09023,2014-10-09023,https://www.geipan.fr/fr/cas/2014-10-09023,DOWNLOADED,19830,3bdc38307199ed499301ca9c9ca5b4652b8697c0cfdb4f4d478923ed478c35d3,BEAUNE (21) 03.10.2014 | GEIPAN Orange arrow icon Orange arrow icon Orange arrow icon Arrow,
https://www.geipan.fr/fr/cas/2014-10-09027,2014-10-09027,https://www.geipan.fr/fr/cas/2014-10-09027,DOWNLOADED,19806,5615fe712ff7deef118db500c80fe7249235be26c7770fd078abd72d2bebfc9c,AMBERIEU-EN-BUGEY (01) 03.10.2014 | GEIPAN Orange arrow icon Orange arrow icon Orange arrow icon Arrow,
https://www.geipan.fr/fr/cas/2014-10-09028,2014-10-09028,https://www.geipan.fr/fr/cas/2014-10-09028,DOWNLOADED,20276,6657c191b39cc04f5e37bc9b88bcf6501baea8b4276541f69837b218f53ca9af,ORLEANS (45) 19.10.2014 | GEIPAN Orange arrow icon Orange arrow icon Orange arrow icon Arrow,
https://www.geipan.fr/fr/cas/2014-10-09030,2014-10-09030,https://www.geipan.fr/fr/cas/2014-10-09030,DOWNLOADED,19422,2167bc0e1680c6bc4e050cbc95d29ea270c47a0651d30b7c27893d12cc235493,LOUVIERS (27) 19.10.2014 | GEIPAN Orange arrow icon Orange arrow icon Orange arrow icon Arrow,
https://www.geipan.fr/fr/cas/2014-10-09031,2014-10-09031,https://www.geipan.fr/fr/cas/2014-10-09031,DOWNLOADED,20078,a1bc7b27a7c114015222f1d9d10c6067d51f10225aa617861379d8b675c5afea,ROVE (LE) (13) 26.10.2014 | GEIPAN Orange arrow icon Orange arrow icon Orange arrow icon Arrow,
https://www.geipan.fr/fr/cas/2014-10-09033,2014-10-09033,https://www.geipan.fr/fr/cas/2014-10-09033,DOWNLOADED,20182,9fd2c9e99c47fdd99aa39c5d2c0d3e5d627ee82c2b9e7f7a2049e041131f0d9c,VAUX-LE-PENIL (77) 18.10.2014 | GEIPAN Orange arrow icon Orange arrow icon Orange arrow icon Arrow,
https://www.geipan.fr/fr/cas/2014-10-09041,2014-10-09041,https://www.geipan.fr/fr/cas/2014-10-09041,DOWNLOADED,19794,15704ad790769fd90d3beb3c6da109eab7ef3ebaf01c0a7b1cddcd66e814b44e,[AERO LOC] BAR-SUR-LOUP (LE) (06) 26.10.2014 | GEIPAN Orange arrow icon Orange arrow icon Orange arrow icon Arrow,
https://www.geipan.fr/fr/cas/2014-10-09044,2014-10-09044,https://www.geipan.fr/fr/cas/2014-10-09044,DOWNLOADED,19542,ce2abe309a4cd308d82e128fbef63762584695193d55912eb60794a8967757ae,COLOMBES (92) 31.10.2014 | GEIPAN Orange arrow icon Orange arrow icon Orange arrow icon Arrow,
https://www.geipan.fr/fr/cas/2014-10-09047,2014-10-09047,https://www.geipan.fr/fr/cas/2014-10-09047,DOWNLOADED,23120,13a31e415becd439dd6a2c077eaf432c847db67ddd3ab116cd23f1d62dd06e75,ALENCON (61) 27.10.2014 | GEIPAN Orange arrow icon Orange arrow icon Orange arrow icon Arrow,
https://www.geipan.fr/fr/cas/2014-10-09050,2014-10-09050,https://www.geipan.fr/fr/cas/2014-10-09050,DOWNLOADED,19786,b67ea04a2f23bf1a2ff850a8626b7b58718dcb1a31b644c11f95c61990c2dbfb,VIEUSSAN (34) 05.10.2014 | GEIPAN Orange arrow icon Orange arrow icon Orange arrow icon Arrow,
https://www.geipan.fr/fr/cas/2014-10-09091,2014-10-09091,https://www.geipan.fr/fr/cas/2014-10-09091,DOWNLOADED,19573,db4363a25f5f9d10a6d0fd3664801254cf56558b01e8ef805c362f87de3e7407,LOUAN-VILLEGRUIS-FONTAINE (77) 13.10.2014 | GEIPAN Orange arrow icon Orange arrow icon Orange arrow icon Arrow,
https://www.geipan.fr/fr/cas/2014-11-09032,2014-11-09032,https://www.geipan.fr/fr/cas/2014-11-09032,DOWNLOADED,19929,cd794ea3a917c1c6190d764c3f0192eaae0829e81c09abb3cbfeebeb9bd000fe,MATAFELON-GRANGES (01) 02.11.2014 | GEIPAN Orange arrow icon Orange arrow icon Orange arrow icon Arrow,
https://www.geipan.fr/fr/cas/2014-11-09034,2014-11-09034,https://www.geipan.fr/fr/cas/2014-11-09034,DOWNLOADED,19372,096ad13a3f1709aa0ad41bec5c67816c8889b17b22d49ea2b5b340b68bd6a1b0,FONTAINES-SUR-SAONE (69) 03.11.2014 | GEIPAN Orange arrow icon Orange arrow icon Orange arrow icon Arrow,
https://www.geipan.fr/fr/cas/2014-11-09036,2014-11-09036,https://www.geipan.fr/fr/cas/2014-11-09036,DOWNLOADED,19233,ad3dbf01a68db29bd2f2a555365d4b5fcd4a6c861842af2f031f9c4ae78bad5c,VILLIERS-SOUS-PRASLIN (10) 01.11.2014 | GEIPAN Orange arrow icon Orange arrow icon Orange arrow icon Arrow,
https://www.geipan.fr/fr/cas/2014-11-09038,2014-11-09038,https://www.geipan.fr/fr/cas/2014-11-09038,DOWNLOADED,21047,a0326b58052d7e20267cf69cc8de3e754cac3708c8e49d121ad99b5f1c63ec37,SAINTE-CATHERINE (62) 10.11.2014 | GEIPAN Orange arrow icon Orange arrow icon Orange arrow icon Arrow,
https://www.geipan.fr/fr/cas/2014-11-09040,2014-11-09040,https://www.geipan.fr/fr/cas/2014-11-09040,DOWNLOADED,19902,8c1fc8917d4f69747ce31340d4bc8e595e443702848050041cf9d273ce6f2015,SAINT-COME-DU-MONT (50) 12.11.2014 | GEIPAN Orange arrow icon Orange arrow icon Orange arrow icon Arrow,
https://www.geipan.fr/fr/cas/2014-11-09042,2014-11-09042,https://www.geipan.fr/fr/cas/2014-11-09042,DOWNLOADED,19824,03c688b15f0a26f2b7fcf7170caaf64227dc8d5b3e0b595df500051ca7cf0f91,CANCALE (35) 11.11.2014 | GEIPAN Orange arrow icon Orange arrow icon Orange arrow icon Arrow,
https://www.geipan.fr/fr/cas/2014-11-09045,2014-11-09045,https://www.geipan.fr/fr/cas/2014-11-09045,DOWNLOADED,19515,76d0f4ff2cd3893336af34e4334d11148595860d65103207ba6f5356ff502036,IZESTE (64) 18.11.2014 | GEIPAN Orange arrow icon Orange arrow icon Orange arrow icon Arrow,
https://www.geipan.fr/fr/cas/2014-11-09048,2014-11-09048,https://www.geipan.fr/fr/cas/2014-11-09048,DOWNLOADED,19637,24691d02f52046f048df131a125736b6a731ea66f5363ce13f5eedcb88d60fb3,CALUIRE-ET-CUIRE (69) 20.11.2014 | GEIPAN Orange arrow icon Orange arrow icon Orange arrow icon Arrow,
https://www.geipan.fr/fr/cas/2014-11-09054,2014-11-09054,https://www.geipan.fr/fr/cas/2014-11-09054,DOWNLOADED,19237,bd022c8464c817e8989e70cdb8a61f3fb36ba8831d5190986f3d086e8ac159f1,SAVIGNY-SUR-BRAYE (41) 29.11.2014 | GEIPAN Orange arrow icon Orange arrow icon Orange arrow icon Arrow,
https://www.geipan.fr/fr/cas/2014-11-09055,2014-11-09055,https://www.geipan.fr/fr/cas/2014-11-09055,DOWNLOADED,19966,57a0712dc1400ac8b447d1b670851c682e9e0ea1bd71b710360535e7774c5f81,HEROUVILLE-SAINT-CLAIR (14) 29.11.2014 | GEIPAN Orange arrow icon Orange arrow icon Orange arrow icon Arrow,
https://www.geipan.fr/fr/cas/2014-11-09157,2014-11-09157,https://www.geipan.fr/fr/cas/2014-11-09157,DOWNLOADED,20130,ef96ae60b20bc738d4082b7a977397cefc59c3ea52d86416f6679ccae010a6dc,MOUANS-SARTOUX (06) 23.11.2014 | GEIPAN Orange arrow icon Orange arrow icon Orange arrow icon Arrow,
https://www.geipan.fr/fr/cas/2014-12-09056,2014-12-09056,https://www.geipan.fr/fr/cas/2014-12-09056,DOWNLOADED,19643,12c239f05eacc04bf026a5011ec2fe6d361e5ed9fef3bbdd6a85b3a2f530473a,IVRY-LE-TEMPLE (60) 11.12.2014 | GEIPAN Orange arrow icon Orange arrow icon Orange arrow icon Arrow,
https://www.geipan.fr/fr/cas/2014-12-09057,2014-12-09057,https://www.geipan.fr/fr/cas/2014-12-09057,DOWNLOADED,19359,5046595d82494f25cd2a58f238ed3e1170239c18f56cc25dc1ccc34eaf0f5233,CONFLANS-SAINTE-HONORINE (78) 05.12.2014 | GEIPAN Orange arrow icon Orange arrow icon Orange arrow icon Arrow,
https://www.geipan.fr/fr/cas/2014-12-09058,2014-12-09058,https://www.geipan.fr/fr/cas/2014-12-09058,DOWNLOADED,20519,5016064306f2ae538011cff5e345279c7df1cf5fb6163d2b9f1179e05ac81703,AUCAMVILLE (31) 10.12.2014 | GEIPAN Orange arrow icon Orange arrow icon Orange arrow icon Arrow,
https://www.geipan.fr/fr/cas/2014-12-09061,2014-12-09061,https://www.geipan.fr/fr/cas/2014-12-09061,DOWNLOADED,20438,67312c48db9c5c57a25b6fc337ec4133386f7c8990ea4a42ce667154a7c72ab9,ARCS (LES) (83) 18.12.2014 | GEIPAN Orange arrow icon Orange arrow icon Orange arrow icon Arrow,
https://www.geipan.fr/fr/cas/2014-12-09062,2014-12-09062,https://www.geipan.fr/fr/cas/2014-12-09062,DOWNLOADED,19480,6190d8a21eb146f4a8266580f52dcda6add06444a6f42e0b33deb6ca0d671632,GARDE (LA) (83) 25.12.2014 | GEIPAN Orange arrow icon Orange arrow icon Orange arrow icon Arrow,
https://www.geipan.fr/fr/cas/2014-12-09063,2014-12-09063,https://www.geipan.fr/fr/cas/2014-12-09063,DOWNLOADED,19094,7b8c988253bbbe8e5909e77543c8147e67583c383550008752f4a955b54032ce,SAINT-MAIXENT-L'ECOLE (79) 25.12.2014 | GEIPAN Orange arrow icon Orange arrow icon Orange arrow icon Arrow,
https://www.geipan.fr/fr/cas/2014-12-09064,2014-12-09064,https://www.geipan.fr/fr/cas/2014-12-09064,DOWNLOADED,19456,597061df26a9e691e2973e03a4d34558805c864321776dd30be99e95d553dd52,MOUCHAMPS (85) 25.12.2014 | GEIPAN Orange arrow icon Orange arrow icon Orange arrow icon Arrow,
https://www.geipan.fr/fr/cas/2014-12-09065,2014-12-09065,https://www.geipan.fr/fr/cas/2014-12-09065,DOWNLOADED,20029,76a7715695e3fccddc99d99a40d2f0d5d1a6029ae8f13d0267c6d7f999019240,PAUILLAC (33) 29.12.2014 | GEIPAN Orange arrow icon Orange arrow icon Orange arrow icon Arrow,
https://www.geipan.fr/fr/cas/2014-12-09067,2014-12-09067,https://www.geipan.fr/fr/cas/2014-12-09067,DOWNLOADED,19817,38f53c90daf94c932a0eaa832ce32c47ccf789312a084bc73185c47b2bed321a,BULLY-LES-MINES (62) 31.12.2014 | GEIPAN Orange arrow icon Orange arrow icon Orange arrow icon Arrow,
https://www.geipan.fr/fr/cas/2014-12-09068,2014-12-09068,https://www.geipan.fr/fr/cas/2014-12-09068,DOWNLOADED,19348,38618ceaec2ba9f83418ade3b8cce848275daafc9729fc03ef567cb30b4bfe5d,FISMES (51) 25.12.2014 | GEIPAN Orange arrow icon Orange arrow icon Orange arrow icon Arrow,
https://www.geipan.fr/fr/cas/2014-12-09072,2014-12-09072,https://www.geipan.fr/fr/cas/2014-12-09072,DOWNLOADED,20257,258ad62b8d478bd73cce274dbefba3f36c50ad6b97cfb35798e310e715e0e383,AVIRONS (LES) (974) 21.12.2014 | GEIPAN Orange arrow icon Orange arrow icon Orange arrow icon Arrow,
https://www.geipan.fr/fr/cas/2014-12-09084,2014-12-09084,https://www.geipan.fr/fr/cas/2014-12-09084,DOWNLOADED,19361,2e57b49a9b626a2095ba499b41b57287f983bb825702909b02a8627e02d78c05,MULHOUSE (68) 25.12.2014 | GEIPAN Orange arrow icon Orange arrow icon Orange arrow icon Arrow,
https://www.geipan.fr/fr/cas/2014-12-09087,2014-12-09087,https://www.geipan.fr/fr/cas/2014-12-09087,DOWNLOADED,20735,fdb9045556a3cff216db8fe9f2c256f4048457f3f65f6cc7e395a813bab249d1,ALLEVES (74) 21.12.2014 | GEIPAN Orange arrow icon Orange arrow icon Orange arrow icon Arrow,
https://www.geipan.fr/fr/cas/2014-12-09140,2014-12-09140,https://www.geipan.fr/fr/cas/2014-12-09140,DOWNLOADED,19682,dab54ec33c718f0e4994ed4dc9d2caaf7be3a7e68b05a9d7dbd69d57e8643058,VER-SUR-LAUNETTE (60) 30.12.2014 | GEIPAN Orange arrow icon Orange arrow icon Orange arrow icon Arrow,
https://www.geipan.fr/fr/cas/2014-12-09160,2014-12-09160,https://www.geipan.fr/fr/cas/2014-12-09160,DOWNLOADED,19573,d522ee24f14507b298c40de5d1f23f09d020650a3528da759fd5f00d77d40dd7,SAINT-NOLFF (56) 16.12.2014 | GEIPAN Orange arrow icon Orange arrow icon Orange arrow icon Arrow,
https://www.geipan.fr/fr/cas/2014-12-09167,2014-12-09167,https://www.geipan.fr/fr/cas/2014-12-09167,DOWNLOADED,20700,a1146accc2e024abf29dab8ea196062d887e4a9ed53b54f464881e3d4dfac534,NIZEROLLES (03) 26.12.2014 | GEIPAN Orange arrow icon Orange arrow icon Orange arrow icon Arrow,
https://www.geipan.fr/fr/cas/2014-12-09325,2014-12-09325,https://www.geipan.fr/fr/cas/2014-12-09325,DOWNLOADED,20414,6d9840859e9ebc5a1f08d595423e6ec9e94301a188aa4d03f701926208781869,[D80] de PORNIC (44) vers NANTES (44) 28.12.2014 | GEIPAN Orange arrow icon Orange arrow icon Orange arrow icon Arrow,
https://www.geipan.fr/fr/cas/2015-01-09069,2015-01-09069,https://www.geipan.fr/fr/cas/2015-01-09069,DOWNLOADED,20777,a7cfb0e7c44d0028dd50305bb2a47c728c0280dec2ffe7e45e4d26ee8adde683,TROYES (10) 02.01.2015 | GEIPAN Orange arrow icon Orange arrow icon Orange arrow icon Arrow,
https://www.geipan.fr/fr/cas/2015-01-09073,2015-01-09073,https://www.geipan.fr/fr/cas/2015-01-09073,DOWNLOADED,19115,57a602054632eb6764deefd6d6450fedbc717b7820334f4d7a273e1eb8a03529,SIX-FOURS-LES-PLAGES (83) 05.01.2015 | GEIPAN Orange arrow icon Orange arrow icon Orange arrow icon Arrow,
https://www.geipan.fr/fr/cas/2015-01-09074,2015-01-09074,https://www.geipan.fr/fr/cas/2015-01-09074,DOWNLOADED,19734,432896b34f36a00f7eeea66def1ad9057f045e270fa319bb9bce01dbc1cfd5ad,SAINT-BRANDAN (22) 04.01.2015 | GEIPAN Orange arrow icon Orange arrow icon Orange arrow icon Arrow,
https://www.geipan.fr/fr/cas/2015-01-09075,2015-01-09075,https://www.geipan.fr/fr/cas/2015-01-09075,DOWNLOADED,19324,f1253c8d98588a79f8dcb884c3133416500148e93c04bf635aae47b134a0982d,PAREMPUYRE (33) 08.01.2015 | GEIPAN Orange arrow icon Orange arrow icon Orange arrow icon Arrow,
https://www.geipan.fr/fr/cas/2015-01-09080,2015-01-09080,https://www.geipan.fr/fr/cas/2015-01-09080,DOWNLOADED,20685,00f37411723cb32cfdf78c07190affbb8991e8d44fa3bb14e24b6070d4947c62,SAINT-ZACHARIE (83) 12.01.2015 | GEIPAN Orange arrow icon Orange arrow icon Orange arrow icon Arrow,
https://www.geipan.fr/fr/cas/2015-01-09081,2015-01-09081,https://www.geipan.fr/fr/cas/2015-01-09081,DOWNLOADED,19753,61f15138faacf066631602ebf94f1b1e6b20ef9abdc548c2f4ffe8f962ee6e56,ROCHE-DES-ARNAUDS (LA) (05) 26.01.2015 | GEIPAN Orange arrow icon Orange arrow icon Orange arrow icon Arrow,
https://www.geipan.fr/fr/cas/2015-01-09082,2015-01-09082,https://www.geipan.fr/fr/cas/2015-01-09082,DOWNLOADED,19719,2b3541fb99bdb4b410be07547607937c8005f2c1ad87e9b4457f909dde2da6eb,ROMANS-SUR-ISERE (26) 01.01.2015 | GEIPAN Orange arrow icon Orange arrow icon Orange arrow icon Arrow,
https://www.geipan.fr/fr/cas/2015-01-09085,2015-01-09085,https://www.geipan.fr/fr/cas/2015-01-09085,DOWNLOADED,19896,467991ee09db7fb61759aeccfc9658dd124bbfd33f6a6475f418dd6098741beb,GUJAN-MESTRAS (33) 14.01.2015 | GEIPAN Orange arrow icon Orange arrow icon Orange arrow icon Arrow,
https://www.geipan.fr/fr/cas/2015-01-09086,2015-01-09086,https://www.geipan.fr/fr/cas/2015-01-09086,DOWNLOADED,20364,0194f1caeadd8d14c1fa9fb61c074e2bee64563b3401bd516a4d6ceeea16fb6d,LOUDEAC (22) 31.01.2015 | GEIPAN Orange arrow icon Orange arrow icon Orange arrow icon Arrow,
https://www.geipan.fr/fr/cas/2015-01-09088,2015-01-09088,https://www.geipan.fr/fr/cas/2015-01-09088,DOWNLOADED,20691,dabccf4ed706b6e2b9df1ea075d3d03db3ffacec9fd5d47a67e0c8aa5c8ee541,[AERO EZY] ETREPAGNY (27) 04.01.2015 | GEIPAN Orange arrow icon Orange arrow icon Orange arrow icon Arrow,
https://www.geipan.fr/fr/cas/2015-01-09093,2015-01-09093,https://www.geipan.fr/fr/cas/2015-01-09093,DOWNLOADED,20318,d9f3c5a32263c8f8bea1816c367900a06bf6d307461f681e9de2c807e8728fc6,CARBON-BLANC (33) 30.01.2015 | GEIPAN Orange arrow icon Orange arrow icon Orange arrow icon Arrow,
https://www.geipan.fr/fr/cas/2015-01-09102,2015-01-09102,https://www.geipan.fr/fr/cas/2015-01-09102,DOWNLOADED,19467,5b933c493cee753fe773dd6090ecc15171bbebd40f27aa24d079b259769fc7f3,COMMUNAY (69) 10.01.2015 | GEIPAN Orange arrow icon Orange arrow icon Orange arrow icon Arrow,
https://www.geipan.fr/fr/cas/2015-01-09183,2015-01-09183,https://www.geipan.fr/fr/cas/2015-01-09183,DOWNLOADED,19857,1421683e60507716bd05ca012e854cf6d4ca73695e7ab7a13127a2e0df43e23a,MARSOLAN (32) 01.01.2015 | GEIPAN Orange arrow icon Orange arrow icon Orange arrow icon Arrow,
https://www.geipan.fr/fr/cas/2015-01-50252,2015-01-50252,https://www.geipan.fr/fr/cas/2015-01-50252,DOWNLOADED,20845,50582c341bd80ef68023d374f8f903727cc5539ebcc50e62c7f1cc450341ae51,PARIS (75) 13.01.2015 | GEIPAN Orange arrow icon Orange arrow icon Orange arrow icon Arrow,
https://www.geipan.fr/fr/cas/2015-02-09098,2015-02-09098,https://www.geipan.fr/fr/cas/2015-02-09098,DOWNLOADED,19122,a0b1e5a55703a9a47f653408de3773de9f2da6fc31d7c3de8608838c84bf88a3,GUERTING (57) 11.02.2015 | GEIPAN Orange arrow icon Orange arrow icon Orange arrow icon Arrow,
https://www.geipan.fr/fr/cas/2015-02-09099,2015-02-09099,https://www.geipan.fr/fr/cas/2015-02-09099,DOWNLOADED,19201,f9e695b2e1b7719aaf8463ffb044b139084d271fefba9dcfaf6112f281183e8a,TOULOUSE (31) 01.02.2015 | GEIPAN Orange arrow icon Orange arrow icon Orange arrow icon Arrow,
https://www.geipan.fr/fr/cas/2015-02-09100,2015-02-09100,https://www.geipan.fr/fr/cas/2015-02-09100,DOWNLOADED,20570,a7ebae8fd1307694b7db27218e4849037fabf87eff201e3248e2119097c40d6b,BOLIDE — NATIONAL (FR) 10.02.2015 | GEIPAN Orange arrow icon Orange arrow icon Orange arrow icon Arrow,
https://www.geipan.fr/fr/cas/2015-02-09101,2015-02-09101,https://www.geipan.fr/fr/cas/2015-02-09101,DOWNLOADED,19295,be782efdadc16fc153d1149f70cf52d6144056d4c10de51d56767b93c7bd6f04,BOUILLADISSE (LA) (13) 10.02.2015 | GEIPAN Orange arrow icon Orange arrow icon Orange arrow icon Arrow,
https://www.geipan.fr/fr/cas/2015-02-09103,2015-02-09103,https://www.geipan.fr/fr/cas/2015-02-09103,DOWNLOADED,19918,3dd06dacbae46afb0a215b00ca7717fd1a04f5df20b24294ce8a035a6f002425,TUFFE (72) 17.02.2015 | GEIPAN Orange arrow icon Orange arrow icon Orange arrow icon Arrow,
https://www.geipan.fr/fr/cas/2015-02-09105,2015-02-09105,https://www.geipan.fr/fr/cas/2015-02-09105,DOWNLOADED,19655,36b50bfcd86d9c4ec1be52c3fe353043ab19b826a095d29eaaa716d3deacd099,AUBERVILLIERS (93) 08.02.2015 | GEIPAN Orange arrow icon Orange arrow icon Orange arrow icon Arrow,
https://www.geipan.fr/fr/cas/2015-02-09110,2015-02-09110,https://www.geipan.fr/fr/cas/2015-02-09110,DOWNLOADED,19898,6240460bf150cf527a0a8a964311cc4c10b08bf99e3deb82ad88e763e9d54027,KERLOUAN (29) 22.02.2015 | GEIPAN Orange arrow icon Orange arrow icon Orange arrow icon Arrow,
https://www.geipan.fr/fr/cas/2015-02-09111,2015-02-09111,https://www.geipan.fr/fr/cas/2015-02-09111,DOWNLOADED,19033,09de20608bf4e7575379dd5453ea20df84515ba7c08cdf76c560bdebb4148b3d,GAP (05) 25.02.2015 | GEIPAN Orange arrow icon Orange arrow icon Orange arrow icon Arrow,
https://www.geipan.fr/fr/cas/2015-02-09113,2015-02-09113,https://www.geipan.fr/fr/cas/2015-02-09113,DOWNLOADED,19382,cd60921bbd143b7084e395eb8fe1d1047a01c5f987c9de20540eeafbb6564c1e,LILLE (59) 21.02.2015 | GEIPAN Orange arrow icon Orange arrow icon Orange arrow icon Arrow,
https://www.geipan.fr/fr/cas/2015-02-09125,2015-02-09125,https://www.geipan.fr/fr/cas/2015-02-09125,DOWNLOADED,20075,cc16a68e29ceb5b274af27aa353f726d3b2bc954fb0033cc2c3a0d42e0a1ef34,[A7] de PUGET-SUR-ARGENS (83) vers CANNES (06) 19.02.2015 | GEIPAN Orange arrow icon Orange arrow icon Orange arrow icon Arrow,
https://www.geipan.fr/fr/cas/2015-02-09131,2015-02-09131,https://www.geipan.fr/fr/cas/2015-02-09131,DOWNLOADED,22014,d3e88938ae608e98c0fdb0cc25564589cd00d081a8128bf17f55c7a244b6de40,HAUT-RHIN (68) 22.02.2015 | GEIPAN Orange arrow icon Orange arrow icon Orange arrow icon Arrow,
https://www.geipan.fr/fr/cas/2015-02-09133,2015-02-09133,https://www.geipan.fr/fr/cas/2015-02-09133,DOWNLOADED,19563,be6a941b9f6a7905ac91083a851f38dca86e0183f74bb38012a5e506074009ed,SAINT-YRIEIX-LA-PERCHE (87) 10.02.2015 | GEIPAN Orange arrow icon Orange arrow icon Orange arrow icon Arrow,
https://www.geipan.fr/fr/cas/2015-02-09171,2015-02-09171,https://www.geipan.fr/fr/cas/2015-02-09171,DOWNLOADED,19685,52ce9c779ce8523ce946d562c557aaf02cc42eef4e8733542e0264c8337b0ba6,VARES (47) 09.02.2015 | GEIPAN Orange arrow icon Orange arrow icon Orange arrow icon Arrow,
https://www.geipan.fr/fr/cas/2015-02-09347,2015-02-09347,https://www.geipan.fr/fr/cas/2015-02-09347,DOWNLOADED,21061,b8127eebc39254c478d423d2b18c1abdd08f528bfe441059cddf40edc6288afc,PERPIGNAN (66) 02.02.2015 | GEIPAN Orange arrow icon Orange arrow icon Orange arrow icon Arrow,
https://www.geipan.fr/fr/cas/2015-03-09114,2015-03-09114,https://www.geipan.fr/fr/cas/2015-03-09114,DOWNLOADED,19929,1d6e12896b55276fd86d4587d6a791002529f60dc266f06ee153fedaaf500b3f,LONGUEVILLE (77) 05.03.2015 | GEIPAN Orange arrow icon Orange arrow icon Orange arrow icon Arrow,
https://www.geipan.fr/fr/cas/2015-03-09119,2015-03-09119,https://www.geipan.fr/fr/cas/2015-03-09119,DOWNLOADED,19753,114b766e1d84302c5107ccbb9cdaa80b317ed982af68766d32c10a96a57d34aa,VAUX-LE-PENIL (77) 03.03.2015 | GEIPAN Orange arrow icon Orange arrow icon Orange arrow icon Arrow,
https://www.geipan.fr/fr/cas/2015-03-09124,2015-03-09124,https://www.geipan.fr/fr/cas/2015-03-09124,DOWNLOADED,19945,9cbf01ea70e520a0d8d53aa56f9d24332023c8c1cca9c0e2c4dca8ccd8819d7a,GOUVERNES (77) 07.03.2015 | GEIPAN Orange arrow icon Orange arrow icon Orange arrow icon Arrow,
https://www.geipan.fr/fr/cas/2015-03-09129,2015-03-09129,https://www.geipan.fr/fr/cas/2015-03-09129,DOWNLOADED,22291,a27ce1c7625f142f5a68f7ccefa7a81b6d93bc2e58c094910fb4434d4b9de818,RENTREE ATMOSPHERIQUE (975) 15.03.2015 | GEIPAN Orange arrow icon Orange arrow icon Orange arrow icon Arrow,
https://www.geipan.fr/fr/cas/2015-03-09130,2015-03-09130,https://www.geipan.fr/fr/cas/2015-03-09130,DOWNLOADED,20610,6aebdf50b0fedcaef40674608332e56f5ddecc20988e84475e35503094dff8d8,COURBEVOIE (92) 12.03.2015 | GEIPAN Orange arrow icon Orange arrow icon Orange arrow icon Arrow,
https://www.geipan.fr/fr/cas/2015-03-09132,2015-03-09132,https://www.geipan.fr/fr/cas/2015-03-09132,DOWNLOADED,20957,1a75fce6e7393ec06bd87f99300dcae507f3003ec980d9d1f333ab96ab7264e0,SAINGHIN-EN-MELANTOIS (59) 05.03.2015 | GEIPAN Orange arrow icon Orange arrow icon Orange arrow icon Arrow,
https://www.geipan.fr/fr/cas/2015-03-09135,2015-03-09135,https://www.geipan.fr/fr/cas/2015-03-09135,DOWNLOADED,23411,90d59df087ea15a17ffa857634b8f180a302cc1d1e6b19fe2c5dbaaa9b11ac5c,AIROUX (11) 08.03.2015 | GEIPAN Orange arrow icon Orange arrow icon Orange arrow icon Arrow,
https://www.geipan.fr/fr/cas/2015-03-09145,2015-03-09145,https://www.geipan.fr/fr/cas/2015-03-09145,DOWNLOADED,23329,208b40e8f8daaee101df9ced2657375a63a33994896f7a15e04c50e844bb9b42,LOUDEAC (22) 10.03.2015 | GEIPAN Orange arrow icon Orange arrow icon Orange arrow icon Arrow,
https://www.geipan.fr/fr/cas/2015-03-09153,2015-03-09153,https://www.geipan.fr/fr/cas/2015-03-09153,DOWNLOADED,19775,db8fea906fa1e4cd037bf4fa72a5a1de1e811cb01c35d7483d903b692071c6d8,CAMBES (33) 04.03.2015 | GEIPAN Orange arrow icon Orange arrow icon Orange arrow icon Arrow,
https://www.geipan.fr/fr/cas/2015-03-09172,2015-03-09172,https://www.geipan.fr/fr/cas/2015-03-09172,DOWNLOADED,21989,51e77c6b59a6d33a36fc97316d1c689d1fb29e85de1f4256205e505fc4e26ecc,JOUE-LES-TOURS (37) 07.03.2015 | GEIPAN Orange arrow icon Orange arrow icon Orange arrow icon Arrow,
https://www.geipan.fr/fr/cas/2015-03-09197,2015-03-09197,https://www.geipan.fr/fr/cas/2015-03-09197,DOWNLOADED,19462,036e7c2e7e7c8eb51539c54da06ac37ef7faa3af750ec98a83253b31150d857a,PLOUHINEC (29) 07.03.2015 | GEIPAN Orange arrow icon Orange arrow icon Orange arrow icon Arrow,
https://www.geipan.fr/fr/cas/2015-03-09293,2015-03-09293,https://www.geipan.fr/fr/cas/2015-03-09293,DOWNLOADED,21993,33f01e4bfeecd62036e2ebd944fecf71cbadd6789f8d7a12e9fa8e5bcc68140c,LAVALETTE (31) 06.03.2015 | GEIPAN Orange arrow icon Orange arrow icon Orange arrow icon Arrow,
https://www.geipan.fr/fr/cas/2015-03-09298,2015-03-09298,https://www.geipan.fr/fr/cas/2015-03-09298,DOWNLOADED,19305,d9026cb7e0940099d525e1e7e87373d221507683d668747c27aa1e07a8251597,METZ (57) --.03.2015 | GEIPAN Orange arrow icon Orange arrow icon Orange arrow icon Arrow,
https://www.geipan.fr/fr/cas/2015-04-09146,2015-04-09146,https://www.geipan.fr/fr/cas/2015-04-09146,DOWNLOADED,19424,2418d3ea71beb45df68000521a0c336ea439cf0b0c0f635c4c167c29d4568423,LAPEYROUSE (63) 03.04.2015 | GEIPAN Orange arrow icon Orange arrow icon Orange arrow icon Arrow,
https://www.geipan.fr/fr/cas/2015-04-09147,2015-04-09147,https://www.geipan.fr/fr/cas/2015-04-09147,DOWNLOADED,20549,72bdd38b0676046d16a1aa39880dafc43d4b53f864c72c30e787811145d5da24,CHASSORS (16) 07.04.2015 | GEIPAN Orange arrow icon Orange arrow icon Orange arrow icon Arrow,
https://www.geipan.fr/fr/cas/2015-04-09149,2015-04-09149,https://www.geipan.fr/fr/cas/2015-04-09149,DOWNLOADED,24849,e4317abbc4bccbc76e735b75db6b5b7576f83cd927a2a7153dc13b708f09755c,RENTREE ATMOSPHERIQUE — NATIONAL (FR) 09.04.2015 | GEIPAN Orange arrow icon Orange arrow icon Orange arrow icon Arrow,
https://www.geipan.fr/fr/cas/2015-04-09150,2015-04-09150,https://www.geipan.fr/fr/cas/2015-04-09150,DOWNLOADED,19909,4108874259a448890863c1f363230e1a606e7e9724feb6a30db9dae798a82734,MONTMORILLON (86) 05.04.2015 | GEIPAN Orange arrow icon Orange arrow icon Orange arrow icon Arrow,
https://www.geipan.fr/fr/cas/2015-04-09151,2015-04-09151,https://www.geipan.fr/fr/cas/2015-04-09151,DOWNLOADED,20157,8b15e2a98de3758efc374115821b7eb31b6ecd4a22263bd8003f0499df30bf2c,MEYTHET (74) 11.04.2015 | GEIPAN Orange arrow icon Orange arrow icon Orange arrow icon Arrow,
https://www.geipan.fr/fr/cas/2015-04-09154,2015-04-09154,https://www.geipan.fr/fr/cas/2015-04-09154,DOWNLOADED,19708,6a851542b1a369ec071730ebcdf08d26a9a4a95ed4d8145449aaa3bd479e3633,CAPESTANG (34) 08.04.2015 | GEIPAN Orange arrow icon Orange arrow icon Orange arrow icon Arrow,
https://www.geipan.fr/fr/cas/2015-04-09155,2015-04-09155,https://www.geipan.fr/fr/cas/2015-04-09155,DOWNLOADED,20656,8b6293cca105859dcfe9b43ae819cf7340e725a318892b382fa62c443e70de2e,ALBI (81) 13.04.2015 | GEIPAN Orange arrow icon Orange arrow icon Orange arrow icon Arrow,
https://www.geipan.fr/fr/cas/2015-04-09156,2015-04-09156,https://www.geipan.fr/fr/cas/2015-04-09156,DOWNLOADED,20788,34dd93e650a89a9ce19213ed68c35d4a2e235b8414db0cbb15655078995844a7,SAINT-JEAN-DE-MARUEJOLS-ET-AVEJAN (30) 14.04.2015 | GEIPAN Orange arrow icon Orange arrow icon Orange arrow icon Arrow,
https://www.geipan.fr/fr/cas/2015-04-09158,2015-04-09158,https://www.geipan.fr/fr/cas/2015-04-09158,DOWNLOADED,21072,736c52f881c354be7d82ba259ddc02d36ba5ad4fe36152a4825f9e2cd845833b,PERTUIS (84) 08.04.2015 | GEIPAN Orange arrow icon Orange arrow icon Orange arrow icon Arrow,
https://www.geipan.fr/fr/cas/2015-04-09159,2015-04-09159,https://www.geipan.fr/fr/cas/2015-04-09159,DOWNLOADED,20422,05555997429793229a9257e8d4f9d2216c30fed3286f799a50f38c4d2aa020a4,PLAISIR (78) 12.04.2015 | GEIPAN Orange arrow icon Orange arrow icon Orange arrow icon Arrow,
https://www.geipan.fr/fr/cas/2015-04-09162,2015-04-09162,https://www.geipan.fr/fr/cas/2015-04-09162,DOWNLOADED,19672,2d9d9bdc99abb8b753475b7cdfd9561a273db0fede18027c38847ebbc4739e94,MAISONS-ALFORT (94) 22.04.2015 | GEIPAN Orange arrow icon Orange arrow icon Orange arrow icon Arrow,
https://www.geipan.fr/fr/cas/2015-04-09163,2015-04-09163,https://www.geipan.fr/fr/cas/2015-04-09163,DOWNLOADED,19568,8c5f493a60fde40838cefd5b35bd62dd4665486b648019d6b7901286463fcf1b,MARNAZ (74) 21.04.2015 | GEIPAN Orange arrow icon Orange arrow icon Orange arrow icon Arrow,
https://www.geipan.fr/fr/cas/2015-04-09164,2015-04-09164,https://www.geipan.fr/fr/cas/2015-04-09164,DOWNLOADED,21165,c32e2a81fb1f27cd2fa1ec90fd76c3c8ebcdc9ecafac459db3027739093a19c9,LIANCOURT (60) 18.04.2015 | GEIPAN Orange arrow icon Orange arrow icon Orange arrow icon Arrow,
https://www.geipan.fr/fr/cas/2015-04-09165,2015-04-09165,https://www.geipan.fr/fr/cas/2015-04-09165,DOWNLOADED,19652,b6d6e8710f89c1871003ef5e1fa145bd9ef6881e07e4eeec0f9f5841214aa7a0,THYEZ (74) 24.04.2015 | GEIPAN Orange arrow icon Orange arrow icon Orange arrow icon Arrow,
https://www.geipan.fr/fr/cas/2015-04-09170,2015-04-09170,https://www.geipan.fr/fr/cas/2015-04-09170,DOWNLOADED,19579,9fd3a55eeccfc1ceb7f3840df2744f839417cba0e2e92a149c502b9adc0e5f9c,PARCAY-MESLAY (37) 13.04.2015 | GEIPAN Orange arrow icon Orange arrow icon Orange arrow icon Arrow,
https://www.geipan.fr/fr/cas/2015-04-09182,2015-04-09182,https://www.geipan.fr/fr/cas/2015-04-09182,DOWNLOADED,20053,55ba502ea1d8bb4e94b2558a26619d248a139a512c344f4cb768eb6c841137bd,GIEN (45) 13.04.2015 | GEIPAN Orange arrow icon Orange arrow icon Orange arrow icon Arrow,
https://www.geipan.fr/fr/cas/2015-04-09190,2015-04-09190,https://www.geipan.fr/fr/cas/2015-04-09190,DOWNLOADED,19888,511a9a882b2fe5703d435a70933688566e8be4e306d28692aa0218f60e907099,[D283] DE RUAUDIN (72) VERS SAINT-MARS-D'OUTILLE (72) 18.04.2015 | GEIPAN Orange arrow icon Orange arrow icon Orange arrow icon Arrow,
https://www.geipan.fr/fr/cas/2015-05-09166,2015-05-09166,https://www.geipan.fr/fr/cas/2015-05-09166,DOWNLOADED,20725,63a20b9571af97ae17ecb6a8a816318000f0aa7bf5518c8d3971f48373ecb192,EPINAY-SUR-SEINE (93) 04.05.2015 | GEIPAN Orange arrow icon Orange arrow icon Orange arrow icon Arrow,
https://www.geipan.fr/fr/cas/2015-05-09168,2015-05-09168,https://www.geipan.fr/fr/cas/2015-05-09168,DOWNLOADED,19637,9a6967131f26fdfc0ed4f6b7162fd79c853a1458c76e8d889ba0d3af9a7385b3,PARIS (75) 04.05.2015 | GEIPAN Orange arrow icon Orange arrow icon Orange arrow icon Arrow,
https://www.geipan.fr/fr/cas/2015-05-09169,2015-05-09169,https://www.geipan.fr/fr/cas/2015-05-09169,DOWNLOADED,20782,a562c230b67ea3597e8d509ebecaf4a299cbc5655b8275ab5500c4b9968b866f,LASSON (14) 03.05.2015 | GEIPAN Orange arrow icon Orange arrow icon Orange arrow icon Arrow,
https://www.geipan.fr/fr/cas/2015-05-09173,2015-05-09173,https://www.geipan.fr/fr/cas/2015-05-09173,DOWNLOADED,19667,eb571b161ba687a7ce593b04014b912363e25388890946158849150528027430,TOURS (37) 07.05.2015 | GEIPAN Orange arrow icon Orange arrow icon Orange arrow icon Arrow,
https://www.geipan.fr/fr/cas/2015-05-09174,2015-05-09174,https://www.geipan.fr/fr/cas/2015-05-09174,DOWNLOADED,19791,04bf927b3230ba60e1a9d1d777745f6cf88ee810495c72de54522c71c65d9529,NAVACELLES (30) 06.05.2015 | GEIPAN Orange arrow icon Orange arrow icon Orange arrow icon Arrow,
https://www.geipan.fr/fr/cas/2015-05-09175,2015-05-09175,https://www.geipan.fr/fr/cas/2015-05-09175,DOWNLOADED,19788,7df85f363ed0a94639e1485137110578a66adfaa382cb980d575cb3f8f3bf1d9,LIMEIL-BREVANNES (94) 07.05.2015 | GEIPAN Orange arrow icon Orange arrow icon Orange arrow icon Arrow,
https://www.geipan.fr/fr/cas/2015-05-09176,2015-05-09176,https://www.geipan.fr/fr/cas/2015-05-09176,DOWNLOADED,20622,2a08c5b6dff3c80f051b067a5f4cd60e6c6da2507b9f3c619af7619030f93099,SALLE (LA) (88) 07.05.2015 | GEIPAN Orange arrow icon Orange arrow icon Orange arrow icon Arrow,
https://www.geipan.fr/fr/cas/2015-05-09177,2015-05-09177,https://www.geipan.fr/fr/cas/2015-05-09177,DOWNLOADED,20139,832d0230d8874e9695e479a77631302ab7d704c82ffd64c7fd41b12665e62fe1,PARIS (75) 17.05.2015 | GEIPAN Orange arrow icon Orange arrow icon Orange arrow icon Arrow,
https://www.geipan.fr/fr/cas/2015-05-09180,2015-05-09180,https://www.geipan.fr/fr/cas/2015-05-09180,DOWNLOADED,19503,f90174d43fb77182d1d5b0062b52c011a359b7aef58a421a496f88dbbe0af610,ALBI (81) 09.05.2015 | GEIPAN Orange arrow icon Orange arrow icon Orange arrow icon Arrow,
https://www.geipan.fr/fr/cas/2015-05-09181,2015-05-09181,https://www.geipan.fr/fr/cas/2015-05-09181,DOWNLOADED,19829,8d9184fbcd9f3ae88431daf599fd0d629125d497860da3929eb7661013f48c7c,[D42] de GENERAC (30) vers SAINT-GILLES (30) 15.05.2015 | GEIPAN Orange arrow icon Orange arrow icon Orange arrow icon Arrow,
https://www.geipan.fr/fr/cas/2015-05-09184,2015-05-09184,https://www.geipan.fr/fr/cas/2015-05-09184,DOWNLOADED,19327,4326878e522c22e8860a8592c987ddde56e3458696e0898b027f681f72d0b589,ISSY-LES-MOULINEAUX (92) 25.05.2015 | GEIPAN Orange arrow icon Orange arrow icon Orange arrow icon Arrow,
https://www.geipan.fr/fr/cas/2015-05-09185,2015-05-09185,https://www.geipan.fr/fr/cas/2015-05-09185,DOWNLOADED,19568,485d11bbeba6ab1b1a0cd29437a615383f1bdf6fcc46e13e99dde46e47621cdb,SAUJON (17) 23.05.2015 | GEIPAN Orange arrow icon Orange arrow icon Orange arrow icon Arrow,
https://www.geipan.fr/fr/cas/2015-05-09186,2015-05-09186,https://www.geipan.fr/fr/cas/2015-05-09186,DOWNLOADED,20799,3bf753f6831423c8f6f760bf51e1fc542a96cd22610dfa8e1f3ce52960243715,SAINT-PABU (29) 26.05.2015 | GEIPAN Orange arrow icon Orange arrow icon Orange arrow icon Arrow,
https://www.geipan.fr/fr/cas/2015-05-09187,2015-05-09187,https://www.geipan.fr/fr/cas/2015-05-09187,DOWNLOADED,20028,99ce2f90a97cc9bd130176e5c5d467d5408ff699fdd22e47b902716075fee1bf,NUELLES (69) 30.05.2015 | GEIPAN Orange arrow icon Orange arrow icon Orange arrow icon Arrow,
https://www.geipan.fr/fr/cas/2015-05-09188,2015-05-09188,https://www.geipan.fr/fr/cas/2015-05-09188,DOWNLOADED,19937,4b6f174945ac5441b016a097c5e2e21a2e91a388303484b67ac25e9d893434c1,HAVRE (LE) (76) 30.05.2015 | GEIPAN Orange arrow icon Orange arrow icon Orange arrow icon Arrow,
https://www.geipan.fr/fr/cas/2015-05-09189,2015-05-09189,https://www.geipan.fr/fr/cas/2015-05-09189,DOWNLOADED,19714,397df64eece2a6ba4794616808a3daeef1a60a57fd0343c44c13577ea5e805cd,SAINTE-COLOMBE (69) 31.05.2015 | GEIPAN Orange arrow icon Orange arrow icon Orange arrow icon Arrow,
https://www.geipan.fr/fr/cas/2015-05-09191,2015-05-09191,https://www.geipan.fr/fr/cas/2015-05-09191,DOWNLOADED,20009,915ce78a2676f6d8746a1ef4c07635233f41feec0ad018bd1f45351e3aa596dc,ALBI (81) 12.05.2015 | GEIPAN Orange arrow icon Orange arrow icon Orange arrow icon Arrow,
https://www.geipan.fr/fr/cas/2015-05-09194,2015-05-09194,https://www.geipan.fr/fr/cas/2015-05-09194,DOWNLOADED,26950,d21f39cc1ec6af74a4d79cedc214c38581f1de616b7957e9323d26b61ec7eea4,SILLY-LE-LONG (60) 31.05.2015 | GEIPAN Orange arrow icon Orange arrow icon Orange arrow icon Arrow,
https://www.geipan.fr/fr/cas/2015-05-09204,2015-05-09204,https://www.geipan.fr/fr/cas/2015-05-09204,DOWNLOADED,19791,6b3ed70d28500fde72453c9c32d7152aa44c6d18d3cf6a002bc778e59affa595,CHERISY (28) 31.05.2015 | GEIPAN Orange arrow icon Orange arrow icon Orange arrow icon Arrow,
https://www.geipan.fr/fr/cas/2015-05-09209,2015-05-09209,https://www.geipan.fr/fr/cas/2015-05-09209,DOWNLOADED,22255,ec081b25e92b33ea3950f08cb61ffb39055f72126a99633d3dc6ffb18783c1da,TOULOUSE (31) 17.05.2015 | GEIPAN Orange arrow icon Orange arrow icon Orange arrow icon Arrow,
https://www.geipan.fr/fr/cas/2015-05-09288,2015-05-09288,https://www.geipan.fr/fr/cas/2015-05-09288,DOWNLOADED,19045,9886412f6912e52c8af2fc2c201122005186f8c712bccf339e2354a70c5c6507,PETITE-ROSSELLE (57) 10.05.2015 | GEIPAN Orange arrow icon Orange arrow icon Orange arrow icon Arrow,
https://www.geipan.fr/fr/cas/2015-06-09192,2015-06-09192,https://www.geipan.fr/fr/cas/2015-06-09192,DOWNLOADED,19340,da4347c5f387d60fcc0e4a58a5ba158b66ec5c00379a9b73fe94e17efa340fcd,CLAMART (92) 06.06.2015 | GEIPAN Orange arrow icon Orange arrow icon Orange arrow icon Arrow,
https://www.geipan.fr/fr/cas/2015-06-09193,2015-06-09193,https://www.geipan.fr/fr/cas/2015-06-09193,DOWNLOADED,20248,ea1b27980283fc08d8d81387dd9d5efbad2e7612fb080bdc4a85d73191c7bfc7,PLEUMEUR-BODOU (22) 06.06.2015 | GEIPAN Orange arrow icon Orange arrow icon Orange arrow icon Arrow,
https://www.geipan.fr/fr/cas/2015-06-09200,2015-06-09200,https://www.geipan.fr/fr/cas/2015-06-09200,DOWNLOADED,20105,fb7c243b38ce609a94cdc886306d91f4881fb93cccc3585e16eaff7c510af18f,CANNES (06) 16.06.2015 | GEIPAN Orange arrow icon Orange arrow icon Orange arrow icon Arrow,
https://www.geipan.fr/fr/cas/2015-06-09203,2015-06-09203,https://www.geipan.fr/fr/cas/2015-06-09203,DOWNLOADED,20889,2c8efa992a8301f8033036cb05c921d56de71a47d1a104ff64979e4209feba89,ORLY-SUR-MORIN (77) 14.06.2015 | GEIPAN Orange arrow icon Orange arrow icon Orange arrow icon Arrow,
https://www.geipan.fr/fr/cas/2015-06-09205,2015-06-09205,https://www.geipan.fr/fr/cas/2015-06-09205,DOWNLOADED,19785,7906f6dc5c742737c5e42cc23e000756a0919687eff855318e11fd22c42ea391,MENNECY (91) 13.06.2015 | GEIPAN Orange arrow icon Orange arrow icon Orange arrow icon Arrow,
https://www.geipan.fr/fr/cas/2015-06-09206,2015-06-09206,https://www.geipan.fr/fr/cas/2015-06-09206,DOWNLOADED,20232,5b99013a4753af96a438ccb3e7278716eafb9279e45c129cf81485f0fe374245,PIERREVERT (04) 10.06.2015 | GEIPAN Orange arrow icon Orange arrow icon Orange arrow icon Arrow,
https://www.geipan.fr/fr/cas/2015-06-09208,2015-06-09208,https://www.geipan.fr/fr/cas/2015-06-09208,DOWNLOADED,20204,59383246be0de86ec5b311f51ad758e9a83bb2a3fd9467371580da4af1d7444f,VIEU (01) 20.06.2015 | GEIPAN Orange arrow icon Orange arrow icon Orange arrow icon Arrow,
https://www.geipan.fr/fr/cas/2015-06-09210,2015-06-09210,https://www.geipan.fr/fr/cas/2015-06-09210,DOWNLOADED,19482,648c28782bfe690e1dcf3af7ac60b2c386ebf430e23ef4ff19c2a60ca3bfac04,PERREUX-SUR-MARNE (LE) (94) 08.06.2015 | GEIPAN Orange arrow icon Orange arrow icon Orange arrow icon Arrow,
https://www.geipan.fr/fr/cas/2015-06-09211,2015-06-09211,https://www.geipan.fr/fr/cas/2015-06-09211,DOWNLOADED,20499,bce71d13dd9da3d50abbef25e064e7a4c2ca2f6a1ada709a5bdc3b85a7ef2784,NANTES (44) 25.06.2015 | GEIPAN Orange arrow icon Orange arrow icon Orange arrow icon Arrow,
https://www.geipan.fr/fr/cas/2015-06-09214,2015-06-09214,https://www.geipan.fr/fr/cas/2015-06-09214,DOWNLOADED,19847,3fde96662541973cf56afc7830e8e955e8c28c6b43e3411a99c680911e5ba5fc,SAINT-LEGER-DES-VIGNES (58) 30.06.2015 | GEIPAN Orange arrow icon Orange arrow icon Orange arrow icon Arrow,
https://www.geipan.fr/fr/cas/2015-06-09220,2015-06-09220,https://www.geipan.fr/fr/cas/2015-06-09220,DOWNLOADED,20042,ca6325997be6070446713627912431b28b895713ca66e9e790e1392369997950,NEUILLY-LES-DIJON (21) 14.06.2015 | GEIPAN Orange arrow icon Orange arrow icon Orange arrow icon Arrow,
https://www.geipan.fr/fr/cas/2015-06-09234,2015-06-09234,https://www.geipan.fr/fr/cas/2015-06-09234,DOWNLOADED,19839,51fbb30d7b93c273fad040f8126b12da3e4cf365a31d17094270f62f1a9b2e75,SALLES-CURAN (12) 15.06.2015 | GEIPAN Orange arrow icon Orange arrow icon Orange arrow icon Arrow,
https://www.geipan.fr/fr/cas/2015-06-09235,2015-06-09235,https://www.geipan.fr/fr/cas/2015-06-09235,DOWNLOADED,20235,ed948d24250d0a0ab3c5dc7f2cf3e09ed28d81d587a60ed5e86b26564595cd8f,BRUNSTATT (68) 24.06.2015 | GEIPAN Orange arrow icon Orange arrow icon Orange arrow icon Arrow,
https://www.geipan.fr/fr/cas/2015-06-09255,2015-06-09255,https://www.geipan.fr/fr/cas/2015-06-09255,DOWNLOADED,19607,591da3db5e389f61777ca7de583a838c4c201e9764206b4312dafc8fb1e5482d,AURONS (13) 05.06.2015 | GEIPAN Orange arrow icon Orange arrow icon Orange arrow icon Arrow,
https://www.geipan.fr/fr/cas/2015-06-09259,2015-06-09259,https://www.geipan.fr/fr/cas/2015-06-09259,DOWNLOADED,21534,79537aafbaf60ac3e77f5f953a75a7cc267aa2773d1101c86337ae6cda8fbdfc,LYON (69) 06.06.2015 | GEIPAN Orange arrow icon Orange arrow icon Orange arrow icon Arrow,
https://www.geipan.fr/fr/cas/2015-06-09333,2015-06-09333,https://www.geipan.fr/fr/cas/2015-06-09333,DOWNLOADED,21538,25cb965354fb282f4debe4c81f7b5ba52c4991ccca7840751e0b707a24848bf7,SCHILTIGHEIM (67) 05.06.2015 | GEIPAN Orange arrow icon Orange arrow icon Orange arrow icon Arrow,
https://www.geipan.fr/fr/cas/2015-07-09219,2015-07-09219,https://www.geipan.fr/fr/cas/2015-07-09219,DOWNLOADED,20786,3e794d069cced74b42ac67b0006b25cc9a6a427dceb4534947d5b9bcf445eff3,VILLENEUVE (04) 03.07.2015 | GEIPAN Orange arrow icon Orange arrow icon Orange arrow icon Arrow,
https://www.geipan.fr/fr/cas/2015-07-09221,2015-07-09221,https://www.geipan.fr/fr/cas/2015-07-09221,DOWNLOADED,21916,74aa266ed8e136e2034c74a8ca91e8a4ff34b7ff55e9e830d3e5f78641d26cb8,"(DPT) ALPES-DE-HAUTE-PROVENCE, VAUCLUSE (04, 84) 01.07.2015 | GEIPAN Orange arrow icon Orange arrow icon Orange arrow icon Arrow",
https://www.geipan.fr/fr/cas/2015-07-09223,2015-07-09223,https://www.geipan.fr/fr/cas/2015-07-09223,DOWNLOADED,19553,928f8bd728da159b281dbe38a973e691b6b353e72c9b30d2f92fdb5802ad9eb9,VILLEFORT (48) 02.07.2015 | GEIPAN Orange arrow icon Orange arrow icon Orange arrow icon Arrow,
https://www.geipan.fr/fr/cas/2015-07-09224,2015-07-09224,https://www.geipan.fr/fr/cas/2015-07-09224,DOWNLOADED,20009,4d44a2cf5e01d88fcb11b9c7cf2d6558ad71ebddb005d647d6d04a0ba4a1e562,COUERON (44) 03.07.2015 | GEIPAN Orange arrow icon Orange arrow icon Orange arrow icon Arrow,
https://www.geipan.fr/fr/cas/2015-07-09225,2015-07-09225,https://www.geipan.fr/fr/cas/2015-07-09225,DOWNLOADED,19622,2f9da98e2beec9aa30b5b1cf2ab22ba1692ec13d06802319eb07fcf1535bb9d5,SAINT-JORIOZ (74) 04.07.2015 | GEIPAN Orange arrow icon Orange arrow icon Orange arrow icon Arrow,
https://www.geipan.fr/fr/cas/2015-07-09226,2015-07-09226,https://www.geipan.fr/fr/cas/2015-07-09226,DOWNLOADED,20335,3de6fce38b98f068fc618d1fa042094e7c956d93b40f2462b38c68ece377e6f3,DIDENHEIM (68) 05.07.2015 | GEIPAN Orange arrow icon Orange arrow icon Orange arrow icon Arrow,
https://www.geipan.fr/fr/cas/2015-07-09229,2015-07-09229,https://www.geipan.fr/fr/cas/2015-07-09229,DOWNLOADED,19199,48298b9370149b4cd05c03cc2f73df2f7eb9c07c93f5f4e9e2e954b4a9aa523e,RENTREE ATMOSPHERIQUE (11) 09.07.2015 | GEIPAN Orange arrow icon Orange arrow icon Orange arrow icon Arrow,
https://www.geipan.fr/fr/cas/2015-07-09231,2015-07-09231,https://www.geipan.fr/fr/cas/2015-07-09231,DOWNLOADED,19570,b035f08137666d1adbd284c1dd1912d6021cb7a2690d452e091d3de33d5d720a,VILLENEUVE-TOLOSANE (31) 09.07.2015 | GEIPAN Orange arrow icon Orange arrow icon Orange arrow icon Arrow,
https://www.geipan.fr/fr/cas/2015-07-09233,2015-07-09233,https://www.geipan.fr/fr/cas/2015-07-09233,DOWNLOADED,20608,723083cee36227130986e6497f0e51d4d29e7c458d3ee98df79cd9247f6d7fad,CHAMBERY (73) 06.07.2015 | GEIPAN Orange arrow icon Orange arrow icon Orange arrow icon Arrow,
https://www.geipan.fr/fr/cas/2015-07-09236,2015-07-09236,https://www.geipan.fr/fr/cas/2015-07-09236,DOWNLOADED,19981,13179343d1a3390225fa213724563128f77cfcf2396c6b11b7b50570d97e5fd7,SAINT-THIBERY (34) 12.07.2015 | GEIPAN Orange arrow icon Orange arrow icon Orange arrow icon Arrow,
https://www.geipan.fr/fr/cas/2015-07-09237,2015-07-09237,https://www.geipan.fr/fr/cas/2015-07-09237,DOWNLOADED,19602,3b188c8489b1eb9d4f65a60cbfe9c514c13b095c6aad1d511845b7271a4ac3e1,GAHARD (35) 01.07.2015 | GEIPAN Orange arrow icon Orange arrow icon Orange arrow icon Arrow,
https://www.geipan.fr/fr/cas/2015-07-09238,2015-07-09238,https://www.geipan.fr/fr/cas/2015-07-09238,DOWNLOADED,19714,255a3f7df265969611bb0ed5f390b19e7020a5d6e7d8029fd81e33ceacf44a5a,ROMILLY-SUR-SEINE (10) 15.07.2015 | GEIPAN Orange arrow icon Orange arrow icon Orange arrow icon Arrow,
https://www.geipan.fr/fr/cas/2015-07-09239,2015-07-09239,https://www.geipan.fr/fr/cas/2015-07-09239,DOWNLOADED,20021,361d94d1e737c516099884177ba0be98955ea225fe34d0806e8c037ba053232e,METZ (57) 17.07.2015 | GEIPAN Orange arrow icon Orange arrow icon Orange arrow icon Arrow,
https://www.geipan.fr/fr/cas/2015-07-09241,2015-07-09241,https://www.geipan.fr/fr/cas/2015-07-09241,DOWNLOADED,19738,793c235cb7729825c82e8c20ca55c28d2031c4580efb5863be0df858db6985c4,BRAINS (44) 21.07.2015 | GEIPAN Orange arrow icon Orange arrow icon Orange arrow icon Arrow,
https://www.geipan.fr/fr/cas/2015-07-09246,2015-07-09246,https://www.geipan.fr/fr/cas/2015-07-09246,DOWNLOADED,19951,726a09c8704e16923fcb3248fc3956e9e359ea51f4e0ec906cadf158707615e7,TAILLAN-MEDOC (LE) (33) 19.07.2015 | GEIPAN Orange arrow icon Orange arrow icon Orange arrow icon Arrow,
https://www.geipan.fr/fr/cas/2015-07-09247,2015-07-09247,https://www.geipan.fr/fr/cas/2015-07-09247,DOWNLOADED,19880,e2f086d8fef8572eca7f64fc1340b42de1b29767a7cf52e3947481a1359c9255,SAINT-MARTIN-DE-PEILLE (06) 20.07.2015 | GEIPAN Orange arrow icon Orange arrow icon Orange arrow icon Arrow,
https://www.geipan.fr/fr/cas/2015-07-09248,2015-07-09248,https://www.geipan.fr/fr/cas/2015-07-09248,DOWNLOADED,20014,18ebd60edfeeec6206003cc07aca7f6d703502239026eaaef8d6b5bd6efaefa0,SAINT-REMY-DE-PROVENCE (13) 16.07.2015 | GEIPAN Orange arrow icon Orange arrow icon Orange arrow icon Arrow,
https://www.geipan.fr/fr/cas/2015-07-09249,2015-07-09249,https://www.geipan.fr/fr/cas/2015-07-09249,DOWNLOADED,21070,5162e1ab1a33ae004c62710f3409150c72a3e8122d495549329cc3e27aec17d7,LANCON-PROVENCE (13) 03.07.2015 | GEIPAN Orange arrow icon Orange arrow icon Orange arrow icon Arrow,
https://www.geipan.fr/fr/cas/2015-07-09250,2015-07-09250,https://www.geipan.fr/fr/cas/2015-07-09250,DOWNLOADED,19872,30f998bba418d69b565097aa1c47f53d13c305f3fc8cf3a3369965d8741b802c,VIELS-MAISONS (02) 19.07.2015 | GEIPAN Orange arrow icon Orange arrow icon Orange arrow icon Arrow,
https://www.geipan.fr/fr/cas/2015-07-09251,2015-07-09251,https://www.geipan.fr/fr/cas/2015-07-09251,DOWNLOADED,19907,138f0329df9dc72954d287fd959f43cb646f592027d06685dfa5fce446ce1476,AMMERSCHWIHR (68) 15.07.2015 | GEIPAN Orange arrow icon Orange arrow icon Orange arrow icon Arrow,
https://www.geipan.fr/fr/cas/2015-07-09256,2015-07-09256,https://www.geipan.fr/fr/cas/2015-07-09256,DOWNLOADED,19225,e88edd69ba396a922387c869c36f6668a504aff01892a99c6230b95bdbf02e62,PAPEETE (987) 24.07.2015 | GEIPAN Orange arrow icon Orange arrow icon Orange arrow icon Arrow,
https://www.geipan.fr/fr/cas/2015-07-09257,2015-07-09257,https://www.geipan.fr/fr/cas/2015-07-09257,DOWNLOADED,19377,2b2c6311f4afb3a085ee690402ceaefbaf7a03d25fd1e5f16d5666a4c73c525e,ROUEN (76) 21.07.2015 | GEIPAN Orange arrow icon Orange arrow icon Orange arrow icon Arrow,
https://www.geipan.fr/fr/cas/2015-07-09260,2015-07-09260,https://www.geipan.fr/fr/cas/2015-07-09260,DOWNLOADED,20397,5eb1817d244770c35e48848cdd8a84b3d9744b3acae6c91c6ce22407b8d5f6d0,NERAC (47) 20.07.2015 | GEIPAN Orange arrow icon Orange arrow icon Orange arrow icon Arrow,
https://www.geipan.fr/fr/cas/2015-07-09267,2015-07-09267,https://www.geipan.fr/fr/cas/2015-07-09267,DOWNLOADED,19562,848c4c5774952a737e87b53f02a92f014bea14fef45b28739deb674787d936ef,GAINNEVILLE (76) 12.07.2015 | GEIPAN Orange arrow icon Orange arrow icon Orange arrow icon Arrow,
https://www.geipan.fr/fr/cas/2015-07-09285,2015-07-09285,https://www.geipan.fr/fr/cas/2015-07-09285,DOWNLOADED,20530,08d2501ed0aadf1066d5392dc45f8ec96fcabee7de81f6a97aa450bc6315703b,CLICHY (92) 06.07.2015 | GEIPAN Orange arrow icon Orange arrow icon Orange arrow icon Arrow,
https://www.geipan.fr/fr/cas/2015-07-09294,2015-07-09294,https://www.geipan.fr/fr/cas/2015-07-09294,DOWNLOADED,19546,39f819f5e8cd3daa8b83266202d8bc9cca60e02caf24b9e25d769a949905eeed,PERONNE (80) 16.07.2015 | GEIPAN Orange arrow icon Orange arrow icon Orange arrow icon Arrow,
https://www.geipan.fr/fr/cas/2015-07-09400,2015-07-09400,https://www.geipan.fr/fr/cas/2015-07-09400,DOWNLOADED,19309,a594a8e42a305baca23657d7217db840d471f24874700819f6e57dba5c5762f9,BIZANOS (64) 04.07.2015 | GEIPAN Orange arrow icon Orange arrow icon Orange arrow icon Arrow,
https://www.geipan.fr/fr/cas/2015-08-09265,2015-08-09265,https://www.geipan.fr/fr/cas/2015-08-09265,DOWNLOADED,19950,3bf07a55d4b05f84a229e57108c376d9b3432cd368a7b7e98e8969a5f1e56b71,DARNIEULLES (88) 05.08.2015 | GEIPAN Orange arrow icon Orange arrow icon Orange arrow icon Arrow,
https://www.geipan.fr/fr/cas/2015-08-09266,2015-08-09266,https://www.geipan.fr/fr/cas/2015-08-09266,DOWNLOADED,19730,2f1b8f29aef838fe03dd6289383ca2a02e395d8be90f5dde26d069e6bb91bd76,LYON (69) 06.08.2015 | GEIPAN Orange arrow icon Orange arrow icon Orange arrow icon Arrow,
https://www.geipan.fr/fr/cas/2015-08-09268,2015-08-09268,https://www.geipan.fr/fr/cas/2015-08-09268,DOWNLOADED,19816,b3847f6d39a0f4c4026fbe93ee82e0c552d2c08c60f53415c8302ec24ee19dc1,CONDE-SUR-AISNE (02) 06.08.2015 | GEIPAN Orange arrow icon Orange arrow icon Orange arrow icon Arrow,
https://www.geipan.fr/fr/cas/2015-08-09269,2015-08-09269,https://www.geipan.fr/fr/cas/2015-08-09269,DOWNLOADED,20456,e0220fc68efdef0f73b1e69417a703f45a324f58669fabac6502b9e979ef1613,FONTAINE (38) 05.08.2015 | GEIPAN Orange arrow icon Orange arrow icon Orange arrow icon Arrow,
https://www.geipan.fr/fr/cas/2015-08-09270,2015-08-09270,https://www.geipan.fr/fr/cas/2015-08-09270,DOWNLOADED,20565,0e757aa8ae1b7862087432a525363147c9996cd0a5ae1164fb10a1bfa27f87f0,SAINT-MICHEL-SUR-ORGE (91) 10.08.2015 | GEIPAN Orange arrow icon Orange arrow icon Orange arrow icon Arrow,
https://www.geipan.fr/fr/cas/2015-08-09273,2015-08-09273,https://www.geipan.fr/fr/cas/2015-08-09273,DOWNLOADED,20408,6b4184bda107f092f2188da65f70e05ed553e58d2d68ad4951ac68edf3e620f7,MOUGINS (06) 08.08.2015 | GEIPAN Orange arrow icon Orange arrow icon Orange arrow icon Arrow,
https://www.geipan.fr/fr/cas/2015-08-09275,2015-08-09275,https://www.geipan.fr/fr/cas/2015-08-09275,DOWNLOADED,19463,1c9dc93847f44a54fe275fd2da77d14a9ab22eaef127bef88eaee5a94de46da4,EVRY (91) 07.08.2015 | GEIPAN Orange arrow icon Orange arrow icon Orange arrow icon Arrow,
https://www.geipan.fr/fr/cas/2015-08-09276,2015-08-09276,https://www.geipan.fr/fr/cas/2015-08-09276,DOWNLOADED,19732,422fa90d723a30dc093566c73a7bfdbf590935b79ee2c04856713c14b25c0bef,NARBONNE (11) 21.08.2015 | GEIPAN Orange arrow icon Orange arrow icon Orange arrow icon Arrow,
https://www.geipan.fr/fr/cas/2015-08-09278,2015-08-09278,https://www.geipan.fr/fr/cas/2015-08-09278,DOWNLOADED,28606,c88131c4686bbbaac780acc5b1262593c28bd97ea9225747db51867db56c8b8a,COLMAR (68) 21.08.2015 | GEIPAN Orange arrow icon Orange arrow icon Orange arrow icon Arrow,
https://www.geipan.fr/fr/cas/2015-08-09279,2015-08-09279,https://www.geipan.fr/fr/cas/2015-08-09279,DOWNLOADED,19937,79c75f53a5b982529207a9f7097fb244be327d646ee4a97733a28509c4e8c073,MAUGUIO (34) 17.08.2015 | GEIPAN Orange arrow icon Orange arrow icon Orange arrow icon Arrow,
https://www.geipan.fr/fr/cas/2015-08-09281,2015-08-09281,https://www.geipan.fr/fr/cas/2015-08-09281,DOWNLOADED,19668,911a41eaebf5a15802c210a4d5528135bbf248e2737b7f886aa2d3ed1f579443,BEUSTE (64) 23.08.2015 | GEIPAN Orange arrow icon Orange arrow icon Orange arrow icon Arrow,
https://www.geipan.fr/fr/cas/2015-08-09284,2015-08-09284,https://www.geipan.fr/fr/cas/2015-08-09284,DOWNLOADED,20089,2f5a71e89af6a40eee2ebbf573456166cab4c4939e83f6cd40107c308cc60cc3,NIMES (30) 11.08.2015 | GEIPAN Orange arrow icon Orange arrow icon Orange arrow icon Arrow,
https://www.geipan.fr/fr/cas/2015-08-09286,2015-08-09286,https://www.geipan.fr/fr/cas/2015-08-09286,DOWNLOADED,19672,725da919db920dc38fb4ebe9be5eb78436656c2f1fa6158d30b66a379986bcf1,DOUE-LA-FONTAINE (49) 15.08.2015 | GEIPAN Orange arrow icon Orange arrow icon Orange arrow icon Arrow,
https://www.geipan.fr/fr/cas/2015-08-09289,2015-08-09289,https://www.geipan.fr/fr/cas/2015-08-09289,DOWNLOADED,19512,bbb2dd892a7eee18c681c5197831ae55683774bcc51bda0a7f597ab102c64c77,NIMES (30) 15.08.2015 | GEIPAN Orange arrow icon Orange arrow icon Orange arrow icon Arrow,
https://www.geipan.fr/fr/cas/2015-08-09290,2015-08-09290,https://www.geipan.fr/fr/cas/2015-08-09290,DOWNLOADED,19926,dd7e23d90b8320a851dfb5872c23f99ac36a2f5f4cfe166e969663ca13f4d3e6,DOMBASLE-SUR-MEURTHE (54) 11.08.2015 | GEIPAN Orange arrow icon Orange arrow icon Orange arrow icon Arrow,
https://www.geipan.fr/fr/cas/2015-08-09291,2015-08-09291,https://www.geipan.fr/fr/cas/2015-08-09291,DOWNLOADED,20036,0cb188b6497b3fbe5629ee87c339f350b07fef6a6e64f053a9bd0f6568bbcd59,TOULOUSE (31) 04.08.2015 | GEIPAN Orange arrow icon Orange arrow icon Orange arrow icon Arrow,
https://www.geipan.fr/fr/cas/2015-08-09292,2015-08-09292,https://www.geipan.fr/fr/cas/2015-08-09292,DOWNLOADED,20925,9476998621bb27dc23c6055a295efee83f9d3fc86fdef678ce577cd40f44d191,CROZON (29) 14.08.2015 | GEIPAN Orange arrow icon Orange arrow icon Orange arrow icon Arrow,
https://www.geipan.fr/fr/cas/2015-08-09295,2015-08-09295,https://www.geipan.fr/fr/cas/2015-08-09295,DOWNLOADED,20551,775a722ecf5773ed3eaaca3cc9e16f4210d9b872e791b90d0522ce1e5803eebd,VILLEFERRY (21) 12.08.2015 | GEIPAN Orange arrow icon Orange arrow icon Orange arrow icon Arrow,
https://www.geipan.fr/fr/cas/2015-08-09296,2015-08-09296,https://www.geipan.fr/fr/cas/2015-08-09296,DOWNLOADED,20130,01a2e60297e05c24ae0a2ffd491fe9d39d36c0636fa98147ce4a061da967a79f,VALRAS-PLAGE (34) 16.08.2015 | GEIPAN Orange arrow icon Orange arrow icon Orange arrow icon Arrow,
https://www.geipan.fr/fr/cas/2015-08-09297,2015-08-09297,https://www.geipan.fr/fr/cas/2015-08-09297,DOWNLOADED,21074,f474ce893f514f558f1e352439f1e287c4128464463f3d12000c06d7c18d1fe8,ENTRE-DEUX (974) 21.08.2015 | GEIPAN Orange arrow icon Orange arrow icon Orange arrow icon Arrow,
https://www.geipan.fr/fr/cas/2015-08-09300,2015-08-09300,https://www.geipan.fr/fr/cas/2015-08-09300,DOWNLOADED,19538,137846ff68d16bdcc6a9539bad307dcfde4aebc1839338c3812691510d510358,MOULINS (03) 29.08.2015 | GEIPAN Orange arrow icon Orange arrow icon Orange arrow icon Arrow,
https://www.geipan.fr/fr/cas/2015-08-09301,2015-08-09301,https://www.geipan.fr/fr/cas/2015-08-09301,DOWNLOADED,19265,b359a66a63a42f9b5c09748ecc64cab2ea1962a72374bb6e20f7f6e93065f0aa,SAINT-GEORGES-DE-DIDONNE (17) 29.08.2015 | GEIPAN Orange arrow icon Orange arrow icon Orange arrow icon Arrow,
https://www.geipan.fr/fr/cas/2015-08-09302,2015-08-09302,https://www.geipan.fr/fr/cas/2015-08-09302,DOWNLOADED,19979,83ef91f290a67ecc6db735e8e3e4ca5a1e3c4feeaf7a9e665fb4f4b165b26701,CHATILLON (92) 29.08.2015 | GEIPAN Orange arrow icon Orange arrow icon Orange arrow icon Arrow,
https://www.geipan.fr/fr/cas/2015-08-09303,2015-08-09303,https://www.geipan.fr/fr/cas/2015-08-09303,DOWNLOADED,19701,0c4e490f143ec496f8ea94d378f30f003c27568d4983d87ca93500153e1ecf7f,BESSAY (85) 28.08.2015 | GEIPAN Orange arrow icon Orange arrow icon Orange arrow icon Arrow,
https://www.geipan.fr/fr/cas/2015-08-09304,2015-08-09304,https://www.geipan.fr/fr/cas/2015-08-09304,DOWNLOADED,22002,2dda823726ffd1d1e5b3fadd1e56516b90eda263e977a2dcf9b2f68bdff56c45,PARIS (75) 23.08.2015 | GEIPAN Orange arrow icon Orange arrow icon Orange arrow icon Arrow,
https://www.geipan.fr/fr/cas/2015-08-09327,2015-08-09327,https://www.geipan.fr/fr/cas/2015-08-09327,DOWNLOADED,19659,b94b12eeb5c0db78d89a723809813a5eafaf9885789656b415de3c27c36e3bee,FONTANES (34) 12.08.2015 | GEIPAN Orange arrow icon Orange arrow icon Orange arrow icon Arrow,
https://www.geipan.fr/fr/cas/2015-08-09339,2015-08-09339,https://www.geipan.fr/fr/cas/2015-08-09339,DOWNLOADED,20296,3cc0f0a35b7075a9bbacacfc0542cfbbaf230055440a0ce4c121a347a1a4ce6a,SALON-DE-PROVENCE (13) 06.08.2015 | GEIPAN Orange arrow icon Orange arrow icon Orange arrow icon Arrow,
https://www.geipan.fr/fr/cas/2015-08-09351,2015-08-09351,https://www.geipan.fr/fr/cas/2015-08-09351,DOWNLOADED,20777,fcdab70470c44954fdf98bb46f52b02975acbf39459c92db864fc3c8e98b0786,SAINT-JULIEN-EN-GENEVOIS (74) 29.08.2015 | GEIPAN Orange arrow icon Orange arrow icon Orange arrow icon Arrow,
https://www.geipan.fr/fr/cas/2015-08-09427,2015-08-09427,https://www.geipan.fr/fr/cas/2015-08-09427,DOWNLOADED,22206,78cf8c99ec9ec8762d2470c77960f140c71b3abce1f522f0dd6dc1a0e7137039,LEUCATE (11) 24.08.2015 | GEIPAN Orange arrow icon Orange arrow icon Orange arrow icon Arrow,
https://www.geipan.fr/fr/cas/2015-08-09461,2015-08-09461,https://www.geipan.fr/fr/cas/2015-08-09461,DOWNLOADED,20089,a7a46e3bd87d14ed1d1818d08f27b4e9a4b2baf953cd35c6b41a76a8814de0bf,CEYRESTE (13) 31.08.2014 | GEIPAN Orange arrow icon Orange arrow icon Orange arrow icon Arrow,
https://www.geipan.fr/fr/cas/2015-08-50303,2015-08-50303,https://www.geipan.fr/fr/cas/2015-08-50303,DOWNLOADED,20752,bff483c2dae3fc1b21e581e2045d7e09f560b06e5dc2fa0946f7890ddc077c52,AVOLSHEIM (67) 02.08.2015 | GEIPAN Orange arrow icon Orange arrow icon Orange arrow icon Arrow,
https://www.geipan.fr/fr/cas/2015-09-09307,2015-09-09307,https://www.geipan.fr/fr/cas/2015-09-09307,DOWNLOADED,19429,c0efd76e85c66f0b924455ad9acb2150f724d9b37bd758d8275c2296047a3d9f,PETITE-VERRIERE (LA) (71) 07.09.2015 | GEIPAN Orange arrow icon Orange arrow icon Orange arrow icon Arrow,
https://www.geipan.fr/fr/cas/2015-09-09308,2015-09-09308,https://www.geipan.fr/fr/cas/2015-09-09308,DOWNLOADED,20231,9d774a025102e12401721b79d0fed232332651847f1bccca478f2917be343431,PARIS (75) 07.09.2015 | GEIPAN Orange arrow icon Orange arrow icon Orange arrow icon Arrow,
https://www.geipan.fr/fr/cas/2015-09-09310,2015-09-09310,https://www.geipan.fr/fr/cas/2015-09-09310,DOWNLOADED,20090,a49464a5e86076bcb09f1752b21d50b3ae7c583e2629624d69cdc18f6e42672a,VIENNE-EN-VAL (45) 06.09.2015 | GEIPAN Orange arrow icon Orange arrow icon Orange arrow icon Arrow,
https://www.geipan.fr/fr/cas/2015-09-09311,2015-09-09311,https://www.geipan.fr/fr/cas/2015-09-09311,DOWNLOADED,20021,8f2f53a400430650ce431ee31b0a2ad12bbc0aaa7ac6eae278c6ebbb09c8e635,[R] de AIRVAULT (79) vers VIENNAY (79) 06.09.2015 | GEIPAN Orange arrow icon Orange arrow icon Orange arrow icon Arrow,
https://www.geipan.fr/fr/cas/2015-09-09312,2015-09-09312,https://www.geipan.fr/fr/cas/2015-09-09312,DOWNLOADED,20244,b49851fce5005adff931aecbd660097d37c48ef1eb57fb7857a54d61ae52f893,ROQUEBRUNE-SUR-ARGENS (83) 04.09.2015 | GEIPAN Orange arrow icon Orange arrow icon Orange arrow icon Arrow,
https://www.geipan.fr/fr/cas/2015-09-09313,2015-09-09313,https://www.geipan.fr/fr/cas/2015-09-09313,DOWNLOADED,20355,d8358182135dad76b6f9985ee8026a6fe19645d85cdd9048f92dd2e61fa95728,CROLLES (38) 09.09.2015 | GEIPAN Orange arrow icon Orange arrow icon Orange arrow icon Arrow,
https://www.geipan.fr/fr/cas/2015-09-09314,2015-09-09314,https://www.geipan.fr/fr/cas/2015-09-09314,DOWNLOADED,19962,bc9c6ac314c0fe4e131d3ea45beb6aa68272570cea3d2906707a415d58e438c8,MORVILLE-SUR-SEILLE (54) 11.09.2015 | GEIPAN Orange arrow icon Orange arrow icon Orange arrow icon Arrow,
https://www.geipan.fr/fr/cas/2015-09-09315,2015-09-09315,https://www.geipan.fr/fr/cas/2015-09-09315,DOWNLOADED,20575,847f6bc4d9dc651671041716e7d3b6a0e8689a38cc610336b02426ef35d44e6c,AUCAMVILLE (31) 13.09.2015 | GEIPAN Orange arrow icon Orange arrow icon Orange arrow icon Arrow,
https://www.geipan.fr/fr/cas/2015-09-09316,2015-09-09316,https://www.geipan.fr/fr/cas/2015-09-09316,DOWNLOADED,20227,5ee8232a330f77a68a2cb8bb97c118a49c6dd86c2fa0e1ac85930d430bbf0f73,PRATS-DE-CARLUX (24) 13.09.2015 | GEIPAN Orange arrow icon Orange arrow icon Orange arrow icon Arrow,
https://www.geipan.fr/fr/cas/2015-09-09317,2015-09-09317,https://www.geipan.fr/fr/cas/2015-09-09317,DOWNLOADED,20220,7132a461333bacca629d818734746c3612e316686c4a49a762facd4a152c58c7,BIDART (64) 19.09.2015 | GEIPAN Orange arrow icon Orange arrow icon Orange arrow icon Arrow,
https://www.geipan.fr/fr/cas/2015-09-09318,2015-09-09318,https://www.geipan.fr/fr/cas/2015-09-09318,DOWNLOADED,19622,9314ea110be8b68e9d05c563781fb967fea6935c4fa1d70294deff74c8345208,[D200] de RIVECOURT (60) vers AGEUX (LES) (60) 26.09.2015 | GEIPAN Orange arrow icon Orange arrow icon Orange arrow icon Arrow,
https://www.geipan.fr/fr/cas/2015-09-09319,2015-09-09319,https://www.geipan.fr/fr/cas/2015-09-09319,DOWNLOADED,20288,3681db1c309ddf705ac0983e73c80f04b9cf6772ae75d4b98d414f8cddb2b302,CASTRES (81) 20.09.2015 | GEIPAN Orange arrow icon Orange arrow icon Orange arrow icon Arrow,
https://www.geipan.fr/fr/cas/2015-09-09320,2015-09-09320,https://www.geipan.fr/fr/cas/2015-09-09320,DOWNLOADED,21123,a1b8821f34114132cc85f0c53efbb3b047bf37eb593af657fae1131c95a38a4c,CAZERES (31) 13.09.2015 | GEIPAN Orange arrow icon Orange arrow icon Orange arrow icon Arrow,
https://www.geipan.fr/fr/cas/2015-09-09321,2015-09-09321,https://www.geipan.fr/fr/cas/2015-09-09321,DOWNLOADED,20358,6191bc44e2937e3c1eff1e5e3f6ac37b72e746b8ef8655406e04e47011409f30,NICE (06) 13.09.2015 | GEIPAN Orange arrow icon Orange arrow icon Orange arrow icon Arrow,
https://www.geipan.fr/fr/cas/2015-09-09323,2015-09-09323,https://www.geipan.fr/fr/cas/2015-09-09323,DOWNLOADED,20392,ee4d0301f1dd187800ddd3c27fc8297e4e1c7612f616b8794bdb68fce5fc8a24,LOUPIAN (34) 28.09.2015 | GEIPAN Orange arrow icon Orange arrow icon Orange arrow icon Arrow,
https://www.geipan.fr/fr/cas/2015-09-09326,2015-09-09326,https://www.geipan.fr/fr/cas/2015-09-09326,DOWNLOADED,19518,02d08d5e57cf9f22fb8ffcf61f1b9a0ad317ceaa270928e09c27455cdde1c7c7,HAREVILLE (88) 26.09.2015 | GEIPAN Orange arrow icon Orange arrow icon Orange arrow icon Arrow,
https://www.geipan.fr/fr/cas/2015-09-09328,2015-09-09328,https://www.geipan.fr/fr/cas/2015-09-09328,DOWNLOADED,22105,92621d0d4792d4a7160b1608742a42b06ee37e8969ca13f5a63566bc68fa39ab,BONNES (86) 30.09.2015 | GEIPAN Orange arrow icon Orange arrow icon Orange arrow icon Arrow,
https://www.geipan.fr/fr/cas/2015-09-09329,2015-09-09329,https://www.geipan.fr/fr/cas/2015-09-09329,DOWNLOADED,21746,a74620645782101ff1a56653c2c4ce2ffadd76b41e94436271f8cf9a263a93c7,PLOUMILLIAU (22) 14.09.2015 | GEIPAN Orange arrow icon Orange arrow icon Orange arrow icon Arrow,
https://www.geipan.fr/fr/cas/2015-09-09330,2015-09-09330,https://www.geipan.fr/fr/cas/2015-09-09330,DOWNLOADED,22080,8b3a0f8c3fb3bbacc7b20c8cabe266218289403b642c22e03a15eaa9f048965a,PLOUMILLIAU (22) 23.09.2015 | GEIPAN Orange arrow icon Orange arrow icon Orange arrow icon Arrow,
https://www.geipan.fr/fr/cas/2015-09-09346,2015-09-09346,https://www.geipan.fr/fr/cas/2015-09-09346,DOWNLOADED,21114,2b5850285c43faee4b41344d527fa3cfb32ad3c8eb0a519c8d9370ad710c3120,[D139] de ECRAINVILLE (76) vers GODERVILLE (76) 06.09.2015 | GEIPAN Orange arrow icon Orange arrow icon Orange arrow icon Arrow,
https://www.geipan.fr/fr/cas/2015-09-09372,2015-09-09372,https://www.geipan.fr/fr/cas/2015-09-09372,DOWNLOADED,20013,8baec4af714b904b2d65c6cc383f2ec187368a68c91119c7dfe000ff2a32d05e,BALLON (72) 20.09.2015 | GEIPAN Orange arrow icon Orange arrow icon Orange arrow icon Arrow,
https://www.geipan.fr/fr/cas/2015-09-09421,2015-09-09421,https://www.geipan.fr/fr/cas/2015-09-09421,DOWNLOADED,19357,eae4edb3ebc5080a6e286f897ff7837b867ff3390b5744ab35760821e2975926,COGOLIN (83) --.09.2015 | GEIPAN Orange arrow icon Orange arrow icon Orange arrow icon Arrow,
https://www.geipan.fr/fr/cas/2015-10-09331,2015-10-09331,https://www.geipan.fr/fr/cas/2015-10-09331,DOWNLOADED,21422,c69e96657f0fe6ec872a53871b4098e3000ae312da015f4997915b61b96a8377,FOURAS (17) 03.10.2015 | GEIPAN Orange arrow icon Orange arrow icon Orange arrow icon Arrow,
https://www.geipan.fr/fr/cas/2015-10-09336,2015-10-09336,https://www.geipan.fr/fr/cas/2015-10-09336,DOWNLOADED,20666,7034747676e5d7fdb374105918d50348d86a84b880496a142779a9309e3d9eeb,PASSAGE (LE) (47) 08.10.2015 | GEIPAN Orange arrow icon Orange arrow icon Orange arrow icon Arrow,
https://www.geipan.fr/fr/cas/2015-10-09338,2015-10-09338,https://www.geipan.fr/fr/cas/2015-10-09338,DOWNLOADED,19748,a031d996ae57a2cf45bb33844107e97ba120f552a36134ddbc77e9d066bf3ac3,NIMES (30) 14.10.2015 | GEIPAN Orange arrow icon Orange arrow icon Orange arrow icon Arrow,
https://www.geipan.fr/fr/cas/2015-10-09340,2015-10-09340,https://www.geipan.fr/fr/cas/2015-10-09340,DOWNLOADED,20486,79b82d44e113b7c09d5d1e9ab2dfbe46acf79edb2129d2d41faddbea68993271,SAUVIGNY (55) 20.10.2015 | GEIPAN Orange arrow icon Orange arrow icon Orange arrow icon Arrow,
https://www.geipan.fr/fr/cas/2015-10-09343,2015-10-09343,https://www.geipan.fr/fr/cas/2015-10-09343,DOWNLOADED,19797,59cf81b20e3b917394f1f904549231bf61604c2c1902843582a8c7f50a91a42c,[D185E1] de FABREGUES (34) vers LAVERUNE (34) 09.10.2015 | GEIPAN Orange arrow icon Orange arrow icon Orange arrow icon Arrow,
https://www.geipan.fr/fr/cas/2015-10-09345,2015-10-09345,https://www.geipan.fr/fr/cas/2015-10-09345,DOWNLOADED,19763,bbd26ad0ec9341112dae63b6f2c63ac86ae8eba55dc5f9cb1d33ec1efdbe7dbc,AUDIERNE (29) 28.10.2015 | GEIPAN Orange arrow icon Orange arrow icon Orange arrow icon Arrow,
https://www.geipan.fr/fr/cas/2015-10-09352,2015-10-09352,https://www.geipan.fr/fr/cas/2015-10-09352,DOWNLOADED,21329,7c1cf9ff179a5bceff70b680bdeda8cf3bd0618494775515f4415ea74fbf5512,EVRON (53) 07.10.2015 | GEIPAN Orange arrow icon Orange arrow icon Orange arrow icon Arrow,
https://www.geipan.fr/fr/cas/2015-10-09356,2015-10-09356,https://www.geipan.fr/fr/cas/2015-10-09356,DOWNLOADED,21205,7647dcb0deff9ec485c1e5395f892dd1b6a1dd1e54eeb667ea3aa8e4e926ee87,EYGALIERES (13) 24.10.2015 | GEIPAN Orange arrow icon Orange arrow icon Orange arrow icon Arrow,
https://www.geipan.fr/fr/cas/2015-10-09360,2015-10-09360,https://www.geipan.fr/fr/cas/2015-10-09360,DOWNLOADED,20995,671f4ad8b1e4c4d81eec620f60c559e7a1e40a70cf1e94f4dcc11a37b99301b4,SAINT-GERMAIN-DES-PRES (24) 21.10.2015 | GEIPAN Orange arrow icon Orange arrow icon Orange arrow icon Arrow,
https://www.geipan.fr/fr/cas/2015-10-09361,2015-10-09361,https://www.geipan.fr/fr/cas/2015-10-09361,DOWNLOADED,22399,6107db51332f1e3a1ef70dcaf36a7ee7b600e7a05cccef11eb837c56a83d2420,MONTAYRAL (47) 23.10.2015 | GEIPAN Orange arrow icon Orange arrow icon Orange arrow icon Arrow,
https://www.geipan.fr/fr/cas/2015-10-09362,2015-10-09362,https://www.geipan.fr/fr/cas/2015-10-09362,DOWNLOADED,19612,c92a89a2af72147b2d83b487542fbedc7269eb6cca21539e18d4eb85f6f8a5e5,VILLEDIEU-DU-CLAIN (LA) (86) 14.10.2015 | GEIPAN Orange arrow icon Orange arrow icon Orange arrow icon Arrow,
https://www.geipan.fr/fr/cas/2015-10-09392,2015-10-09392,https://www.geipan.fr/fr/cas/2015-10-09392,DOWNLOADED,20428,317775dc3aff976e2a66e44d5407d1d602e17f75288b16eab901e340f74691ab,MONTADY (34) 23.10.2015 | GEIPAN Orange arrow icon Orange arrow icon Orange arrow icon Arrow,
https://www.geipan.fr/fr/cas/2015-10-50754,2015-10-50754,https://www.geipan.fr/fr/cas/2015-10-50754,DOWNLOADED,22469,fef2e995406913c606390f4ddbbf5c6f6082a4e8270e77a4a306869ebd2f13e3,NIMES (30) 13.10.2015 | GEIPAN Orange arrow icon Orange arrow icon Orange arrow icon Arrow,
https://www.geipan.fr/fr/cas/2015-11-09349,2015-11-09349,https://www.geipan.fr/fr/cas/2015-11-09349,DOWNLOADED,19684,625ad988fcf98b702d49eae2c41bfd397a93a5edeab874a9d0302502ba628438,BORDEAUX-SAINT-CLAIR (76) 01.11.2015 | GEIPAN Orange arrow icon Orange arrow icon Orange arrow icon Arrow,
https://www.geipan.fr/fr/cas/2015-11-09355,2015-11-09355,https://www.geipan.fr/fr/cas/2015-11-09355,DOWNLOADED,20589,190273e81b1441e94e1fb72ccd46700b99b4201b3380bb4a60fc7d3fc248ba73,LUANT (36) 07.11.2015 | GEIPAN Orange arrow icon Orange arrow icon Orange arrow icon Arrow,
https://www.geipan.fr/fr/cas/2015-11-09357,2015-11-09357,https://www.geipan.fr/fr/cas/2015-11-09357,DOWNLOADED,19511,13e9d82fc107b39650ef21acdcafd621e2c2dbacbebd79deb9420319e2d87c47,SERENAC (81) 10.11.2015 | GEIPAN Orange arrow icon Orange arrow icon Orange arrow icon Arrow,
https://www.geipan.fr/fr/cas/2015-11-09359,2015-11-09359,https://www.geipan.fr/fr/cas/2015-11-09359,DOWNLOADED,21438,fba8f4a98e18d85cadffbcce6369cccce7b768a0140df58a98debbb0963b8e7e,[D417] de MUNSTER (68) vers COLMAR (68) 13.11.2015 | GEIPAN Orange arrow icon Orange arrow icon Orange arrow icon Arrow,
https://www.geipan.fr/fr/cas/2015-11-09363,2015-11-09363,https://www.geipan.fr/fr/cas/2015-11-09363,DOWNLOADED,20490,5846b0e183d3dbd65bf14a9df38c00a86ccda9f58c7cf2bd09472b88884aa68f,DEBRIS ETAGE CENTAUR — HAUTE-GARONNE (31) 03.11.2015 | GEIPAN Orange arrow icon Orange arrow icon Orange arrow icon Arrow,
https://www.geipan.fr/fr/cas/2015-11-09364,2015-11-09364,https://www.geipan.fr/fr/cas/2015-11-09364,DOWNLOADED,21518,fd1e27c410f357211aaeb31557bced4ee9c2d3beda028e014f7eba3deb275f4b,LEGUEVIN (31) 27.11.2015 | GEIPAN Orange arrow icon Orange arrow icon Orange arrow icon Arrow,
https://www.geipan.fr/fr/cas/2015-11-09365,2015-11-09365,https://www.geipan.fr/fr/cas/2015-11-09365,DOWNLOADED,20657,3d57e73e4c6dd6fb0845b336e5431381951cdc2f8ae3a125f9d2c111149c451b,[A87] de HERBIERS (LES) (85) vers CHOLET (49) 27.11.2015 | GEIPAN Orange arrow icon Orange arrow icon Orange arrow icon Arrow,
https://www.geipan.fr/fr/cas/2015-11-09366,2015-11-09366,https://www.geipan.fr/fr/cas/2015-11-09366,DOWNLOADED,20269,6aa98b8026997a4b980ab6952d0bd8403fadc68aa4ad6c2dfea1bb24be8c0912,[ROUTE] de NOEUX-LES-MINES (62) vers MAZINGARBE (62) 27.11.2015 | GEIPAN Orange arrow icon Orange arrow icon Orange arrow icon Arrow,
https://www.geipan.fr/fr/cas/2015-11-09369,2015-11-09369,https://www.geipan.fr/fr/cas/2015-11-09369,DOWNLOADED,20524,bda73719db9e99d3ec52e07450fc4550c4a885a3bb6536ddf05fd06b3f1b650c,[D34] de MAGNY-SAINT-MEDARD (21) vers ORGEUX (21) 29.11.2015 | GEIPAN Orange arrow icon Orange arrow icon Orange arrow icon Arrow,
https://www.geipan.fr/fr/cas/2015-11-09396,2015-11-09396,https://www.geipan.fr/fr/cas/2015-11-09396,DOWNLOADED,20300,6afdf401eee7072d0b07e6672fb36d231d819a4e2466fef3fc6f03208ecda673,VALADY (12) 08.11.2015 | GEIPAN Orange arrow icon Orange arrow icon Orange arrow icon Arrow,
https://www.geipan.fr/fr/cas/2015-12-09368,2015-12-09368,https://www.geipan.fr/fr/cas/2015-12-09368,DOWNLOADED,20226,406a0c31e840e7317a61af44b3bb3628a783ab135da226fb4f00c0ebf9301d3a,GAILLAC (81) 05.12.2015 | GEIPAN Orange arrow icon Orange arrow icon Orange arrow icon Arrow,
https://www.geipan.fr/fr/cas/2015-12-09370,2015-12-09370,https://www.geipan.fr/fr/cas/2015-12-09370,DOWNLOADED,19869,764af808ed522bfd2fc2474c065baea7de044e6e3e4cbb848bf1e7f78e3d8848,LIMEIL-BREVANNES (94) 07.12.2015 | GEIPAN Orange arrow icon Orange arrow icon Orange arrow icon Arrow,
https://www.geipan.fr/fr/cas/2015-12-09371,2015-12-09371,https://www.geipan.fr/fr/cas/2015-12-09371,DOWNLOADED,20379,89873edcd98f77a56448fb9ab2084b8994980b0a3b382da7a7826c599d71b3d1,VENDAYS-MONTALIVET (33) 12.12.2015 | GEIPAN Orange arrow icon Orange arrow icon Orange arrow icon Arrow,
https://www.geipan.fr/fr/cas/2015-12-09373,2015-12-09373,https://www.geipan.fr/fr/cas/2015-12-09373,DOWNLOADED,19568,84b9d514c9e662f7ef24be4044cfa6cf81716dc54e08ad3a6dc2d92f3786802a,BONNES (16) 13.12.2015 | GEIPAN Orange arrow icon Orange arrow icon Orange arrow icon Arrow,
https://www.geipan.fr/fr/cas/2015-12-09375,2015-12-09375,https://www.geipan.fr/fr/cas/2015-12-09375,DOWNLOADED,20041,e027e2e93afb8cffc4dd148cedcab8905bc5461272404c2d53031acd3044ad7a,TOULOUSE (31) 14.12.2015 | GEIPAN Orange arrow icon Orange arrow icon Orange arrow icon Arrow,
https://www.geipan.fr/fr/cas/2015-12-09379,2015-12-09379,https://www.geipan.fr/fr/cas/2015-12-09379,DOWNLOADED,20761,a27b84dd3d339d8449ad3767a89e54777568b5235323807853f3a2f5d7c362b9,VALDOIE (90) 24.12.2015 | GEIPAN Orange arrow icon Orange arrow icon Orange arrow icon Arrow,
https://www.geipan.fr/fr/cas/2015-12-09380,2015-12-09380,https://www.geipan.fr/fr/cas/2015-12-09380,DOWNLOADED,22808,e82a23be8008b397f0daa64385b2609d3157d0f672a1fc4b2d119be28b472c82,LOURDES (65) 25.12.2015 | GEIPAN Orange arrow icon Orange arrow icon Orange arrow icon Arrow,
https://www.geipan.fr/fr/cas/2015-12-09381,2015-12-09381,https://www.geipan.fr/fr/cas/2015-12-09381,DOWNLOADED,21579,4960b4498b1dc97fa58732b7ae9275df054f6377b4d394f1921b9125471e1670,BANASSAC (48) 26.12.2015 | GEIPAN Orange arrow icon Orange arrow icon Orange arrow icon Arrow,
https://www.geipan.fr/fr/cas/2015-12-09382,2015-12-09382,https://www.geipan.fr/fr/cas/2015-12-09382,DOWNLOADED,20423,027e54744d88e5241da7371d25db5027a74b3a73178ca9041ad67a0e2586f984,SAINT-VALLIER-DE-THIEY (06) 27.12.2015 | GEIPAN Orange arrow icon Orange arrow icon Orange arrow icon Arrow,
https://www.geipan.fr/fr/cas/2015-12-09384,2015-12-09384,https://www.geipan.fr/fr/cas/2015-12-09384,DOWNLOADED,20215,d3732f253cd37297f4ad4f149e0f2473d3bdd25c58742fa461709c84d2880bcd,SERVIERS-ET-LABAUME (30) 30.12.2015 | GEIPAN Orange arrow icon Orange arrow icon Orange arrow icon Arrow,
https://www.geipan.fr/fr/cas/2015-12-09388,2015-12-09388,https://www.geipan.fr/fr/cas/2015-12-09388,DOWNLOADED,21524,2f9303becc608e9df949ad46513ee589d924e743935d3f49b2052c3fcba04524,LANCON-PROVENCE (13) 19.12.2015 | GEIPAN Orange arrow icon Orange arrow icon Orange arrow icon Arrow,
https://www.geipan.fr/fr/cas/2015-12-09389,2015-12-09389,https://www.geipan.fr/fr/cas/2015-12-09389,DOWNLOADED,21076,4a8e7657b7fdb19c310b851426cdaaf5c8c5773b27d7f84b5ec938d4eb77c851,ASNIERES-SUR-OISE (95) 24.12.2015 | GEIPAN Orange arrow icon Orange arrow icon Orange arrow icon Arrow,
https://www.geipan.fr/fr/cas/2015-12-09391,2015-12-09391,https://www.geipan.fr/fr/cas/2015-12-09391,DOWNLOADED,19538,a9f89bf3e0694dd6589bad93bf90a198fbf22386f548625b6402c7e61bca026e,EVRY (91) 24.12.2015 | GEIPAN Orange arrow icon Orange arrow icon Orange arrow icon Arrow,
https://www.geipan.fr/fr/cas/2015-12-09398,2015-12-09398,https://www.geipan.fr/fr/cas/2015-12-09398,DOWNLOADED,19815,c4d0db71863210a99a7038a6757f282b0efc7948e95bd8a035b6ed5af3a25bb4,WAVRECHAIN-SOUS-DENAIN (59) 27.12.2015 | GEIPAN Orange arrow icon Orange arrow icon Orange arrow icon Arrow,
https://www.geipan.fr/fr/cas/2015-12-09399,2015-12-09399,https://www.geipan.fr/fr/cas/2015-12-09399,DOWNLOADED,21092,980d9937d04f0e1e40e5d5246d6345b61c836d95190a5ab5cb5e5d0cf6cf6f74,SAINT-MAIME (04) 24.12.2015 | GEIPAN Orange arrow icon Orange arrow icon Orange arrow icon Arrow,
https://www.geipan.fr/fr/cas/2015-12-09409,2015-12-09409,https://www.geipan.fr/fr/cas/2015-12-09409,DOWNLOADED,20121,66dc6de45500f86510e1cbf2745fba82d15150ed7b5a8567bdd8c727588c4afb,AMPUIS (69) 29.12.2015 | GEIPAN Orange arrow icon Orange arrow icon Orange arrow icon Arrow,
https://www.geipan.fr/fr/cas/2015-12-50446,2015-12-50446,https://www.geipan.fr/fr/cas/2015-12-50446,DOWNLOADED,21275,cb7755957f1ea66fb35f53265ce83e4df972561e835d2aaf2661aff69c40fb0f,MULHOUSE (68) 18.12.2015 | GEIPAN Orange arrow icon Orange arrow icon Orange arrow icon Arrow,
https://www.geipan.fr/fr/cas/2016-01-09393,2016-01-09393,https://www.geipan.fr/fr/cas/2016-01-09393,DOWNLOADED,19763,c630bc85b67a96f2c0293e60de448e70349abe8abfc7a1d8b83d06149856a594,[D923] de BAILLEUL (59) vers NIEPPE (59) 01.01.2016 | GEIPAN Orange arrow icon Orange arrow icon Orange arrow icon Arrow,
https://www.geipan.fr/fr/cas/2016-01-09394,2016-01-09394,https://www.geipan.fr/fr/cas/2016-01-09394,DOWNLOADED,19261,9a9bdd930bb682b482e09e3fa0dd3a315641485d542c7bc53f387179ae42d450,VILLEMOISSON-SUR-ORGE (91) 01.01.2016 | GEIPAN Orange arrow icon Orange arrow icon Orange arrow icon Arrow,
https://www.geipan.fr/fr/cas/2016-01-09395,2016-01-09395,https://www.geipan.fr/fr/cas/2016-01-09395,DOWNLOADED,19287,67a9a67559b5c2720973424a8f443618b4329ba43126655e1c4525efffd49683,TALMONT-SAINT-HILAIRE (85) 01.01.2016 | GEIPAN Orange arrow icon Orange arrow icon Orange arrow icon Arrow,
https://www.geipan.fr/fr/cas/2016-01-09408,2016-01-09408,https://www.geipan.fr/fr/cas/2016-01-09408,DOWNLOADED,19786,1afc820706bf429c4c492d3953dea9eaf5c503cfdd1d9908745e195a46cca614,SAINT-PRIX (03) 31.01.2016 | GEIPAN Orange arrow icon Orange arrow icon Orange arrow icon Arrow,
https://www.geipan.fr/fr/cas/2016-01-09411,2016-01-09411,https://www.geipan.fr/fr/cas/2016-01-09411,DOWNLOADED,20228,f596d2e3ed606b6606bb1c5647c600d51c9bdff7d2e16cb05543419adc25081d,LATILLE (86) 15.01.2016 | GEIPAN Orange arrow icon Orange arrow icon Orange arrow icon Arrow,
https://www.geipan.fr/fr/cas/2016-01-09423,2016-01-09423,https://www.geipan.fr/fr/cas/2016-01-09423,DOWNLOADED,22007,1565067740d9ef0da2bdfc951fdc806f75f1628008d96ff19948d9d1acc0e83e,CHATEAUNEUF-VILLEVIEILLE (06) 24.01.2016 | GEIPAN Orange arrow icon Orange arrow icon Orange arrow icon Arrow,
https://www.geipan.fr/fr/cas/2016-01-09513,2016-01-09513,https://www.geipan.fr/fr/cas/2016-01-09513,DOWNLOADED,20349,6b898f2fe7a5582ca1a82fccc3e315cab93df592743ed518c72a100f4a0e2a88,BEAUMONT-SUR-SARTHE (72) 24.01.2016 | GEIPAN Orange arrow icon Orange arrow icon Orange arrow icon Arrow,
https://www.geipan.fr/fr/cas/2016-02-09413,2016-02-09413,https://www.geipan.fr/fr/cas/2016-02-09413,DOWNLOADED,20750,b2a12d8e9be498f0c20dde35053a40c447848f11716f3f39f0976c68b41dafe3,CHEVIGNY-SAINT-SAUVEUR (21) 11.02.2016 | GEIPAN Orange arrow icon Orange arrow icon Orange arrow icon Arrow,
https://www.geipan.fr/fr/cas/2016-02-09422,2016-02-09422,https://www.geipan.fr/fr/cas/2016-02-09422,DOWNLOADED,22704,51913e6d1919bc9956fb37f9d4e2c2425de390926f339ad53856c7c7d4212f46,[D820] de ROQUES (31) vers TOULOUSE (31) 21.02.2016 | GEIPAN Orange arrow icon Orange arrow icon Orange arrow icon Arrow,
https://www.geipan.fr/fr/cas/2016-02-09429,2016-02-09429,https://www.geipan.fr/fr/cas/2016-02-09429,DOWNLOADED,23471,eaf5e400b75563952e0d015acc43365f2bc5ba257b5cdebc1e06ddca8fe1025f,CONCHES-EN-OUCHE (27) 23.02.2016 | GEIPAN Orange arrow icon Orange arrow icon Orange arrow icon Arrow,
https://www.geipan.fr/fr/cas/2016-02-09443,2016-02-09443,https://www.geipan.fr/fr/cas/2016-02-09443,DOWNLOADED,18933,c4c4c3ccd2416f613402dbd2acc699f636e41759e93712e66c6f9b6415520f24,SALLES-LA-SOURCE (12) 17.02.2016 | GEIPAN Orange arrow icon Orange arrow icon Orange arrow icon Arrow,
https://www.geipan.fr/fr/cas/2016-03-09426,2016-03-09426,https://www.geipan.fr/fr/cas/2016-03-09426,DOWNLOADED,24912,1ef9d84c67de82085ba907094ff533cb79ea71550dbf98222d5d15f590c59373,BLAIN (44) 28.03.2016 T1 | GEIPAN Orange arrow icon Orange arrow icon Orange arrow icon Arrow,
https://www.geipan.fr/fr/cas/2016-03-09428,2016-03-09428,https://www.geipan.fr/fr/cas/2016-03-09428,DOWNLOADED,19717,1d3e9cbd4f2b0e9f1cc99df5ea888da9b5fbc5650165a63f641c63e2182fed27,ESTANDEUIL (63) 05.03.2016 | GEIPAN Orange arrow icon Orange arrow icon Orange arrow icon Arrow,
https://www.geipan.fr/fr/cas/2016-03-09433,2016-03-09433,https://www.geipan.fr/fr/cas/2016-03-09433,DOWNLOADED,21764,18ed141a415f5bc0fab3be3649fd92b9b0b3b6b2849c21f620f2420a74339adc,[A34] de NOVY-CHEVRIERES (08) vers CHARLEVILLE-MEZIERES (08) 29.03.2016 | GEIPAN Orange arrow icon Orange arrow icon Orange arrow icon Arrow,
https://www.geipan.fr/fr/cas/2016-03-09435,2016-03-09435,https://www.geipan.fr/fr/cas/2016-03-09435,DOWNLOADED,21712,4620db6b492e85de070dfcad011cda2bebefc203091248f783c5aa584532a9c6,GRASSE (06) 26.03.2016 | GEIPAN Orange arrow icon Orange arrow icon Orange arrow icon Arrow,
https://www.geipan.fr/fr/cas/2016-03-09442,2016-03-09442,https://www.geipan.fr/fr/cas/2016-03-09442,DOWNLOADED,19976,1912f87d8775c0e23a540b4b5935c610a707b338c39e6255e621396f2142239a,SAINTES (17) 21.03.2016 | GEIPAN Orange arrow icon Orange arrow icon Orange arrow icon Arrow,
https://www.geipan.fr/fr/cas/2016-03-09454,2016-03-09454,https://www.geipan.fr/fr/cas/2016-03-09454,DOWNLOADED,19488,890072c29a1aecae10dd843942fb253b55688a56cd259d77806f667af5814d84,PEYRUIS (04) 20.03.2016 | GEIPAN Orange arrow icon Orange arrow icon Orange arrow icon Arrow,
https://www.geipan.fr/fr/cas/2016-03-50747,2016-03-50747,https://www.geipan.fr/fr/cas/2016-03-50747,DOWNLOADED,24924,8aeb641f4ed67b446408a8a08ee0f86e278712af462318efcc20738e65998215,BLAIN (44) 28.03.2016 T2 | GEIPAN Orange arrow icon Orange arrow icon Orange arrow icon Arrow,
https://www.geipan.fr/fr/cas/2016-04-09430,2016-04-09430,https://www.geipan.fr/fr/cas/2016-04-09430,DOWNLOADED,20570,3572af0e1e2a84508d67bd6697b890c91fd97579d79c1fa24da7eed8c5b746d6,PLOUESCAT (29) 03.04.2016 | GEIPAN Orange arrow icon Orange arrow icon Orange arrow icon Arrow,
https://www.geipan.fr/fr/cas/2016-04-09445,2016-04-09445,https://www.geipan.fr/fr/cas/2016-04-09445,DOWNLOADED,22205,4592b33c6854250ca1746cd0f308233021444bb79cbcc5133977a5a52da4157a,GRAND-COURONNE (76) 17.04.2016 | GEIPAN Orange arrow icon Orange arrow icon Orange arrow icon Arrow,
https://www.geipan.fr/fr/cas/2016-04-09448,2016-04-09448,https://www.geipan.fr/fr/cas/2016-04-09448,DOWNLOADED,19592,af379ac85d30f97e25884e87338df7ff4c15c1049b9d9f0fc94b34386bb54055,CENON (33) 19.04.2016 | GEIPAN Orange arrow icon Orange arrow icon Orange arrow icon Arrow,
https://www.geipan.fr/fr/cas/2016-04-09449,2016-04-09449,https://www.geipan.fr/fr/cas/2016-04-09449,DOWNLOADED,21726,3805357f8bb4817ebe7fef2818f6d8f3a00122cb1f61d918e98fe04a511d7fdb,ROISSY-EN-FRANCE (95) 18.04.2016 | GEIPAN Orange arrow icon Orange arrow icon Orange arrow icon Arrow,
https://www.geipan.fr/fr/cas/2016-04-09455,2016-04-09455,https://www.geipan.fr/fr/cas/2016-04-09455,DOWNLOADED,22216,5677bf2c5a94321a98523433da38f5e826be123e13a4ec5a01a92521f6360311,LAGNIEU (01) 14.04.2016 | GEIPAN Orange arrow icon Orange arrow icon Orange arrow icon Arrow,
https://www.geipan.fr/fr/cas/2016-04-09465,2016-04-09465,https://www.geipan.fr/fr/cas/2016-04-09465,DOWNLOADED,19224,0b54bed9a70016cc0ebecc850b65e0d8e86eca72c6144926afb239540063ebbe,ERQUY (22) 20.04.2016 | GEIPAN Orange arrow icon Orange arrow icon Orange arrow icon Arrow,
https://www.geipan.fr/fr/cas/2016-04-09470,2016-04-09470,https://www.geipan.fr/fr/cas/2016-04-09470,DOWNLOADED,21793,035cb3be3f7ccc85a9a4ff811da96aa291e3eb42d2fb3597a2fcd0ed282b0a96,COURMES (06) 28.04.2016 | GEIPAN Orange arrow icon Orange arrow icon Orange arrow icon Arrow,
https://www.geipan.fr/fr/cas/2016-05-09460,2016-05-09460,https://www.geipan.fr/fr/cas/2016-05-09460,DOWNLOADED,20258,269fd4d9fef0b3d3f78b8fe65476de006f0ad48396a59d095fd17c6a56a9f3f1,ORLEANS (45) 15.05.2016 | GEIPAN Orange arrow icon Orange arrow icon Orange arrow icon Arrow,
https://www.geipan.fr/fr/cas/2016-05-09466,2016-05-09466,https://www.geipan.fr/fr/cas/2016-05-09466,DOWNLOADED,22162,deddd6a18a977eb1c666103b17e0e1218750785033ffe06d7f0379e198bc4540,OULLINS (69) 20.05.2016 | GEIPAN Orange arrow icon Orange arrow icon Orange arrow icon Arrow,
https://www.geipan.fr/fr/cas/2016-05-09467,2016-05-09467,https://www.geipan.fr/fr/cas/2016-05-09467,DOWNLOADED,19843,ba6eb4e8c87e779202ec461469bf2b7bdf4325cf3a55ec1d87d734256cc25b49,PINTERVILLE (27) 21.05.2016 | GEIPAN Orange arrow icon Orange arrow icon Orange arrow icon Arrow,
https://www.geipan.fr/fr/cas/2016-05-09471,2016-05-09471,https://www.geipan.fr/fr/cas/2016-05-09471,DOWNLOADED,22735,3aa187c36f53fb842a9ce2f999220a7d6a16652a6b8cf55feb4b2dbe010b515a,CONQUET (LE) (29) 22.05.2016 | GEIPAN Orange arrow icon Orange arrow icon Orange arrow icon Arrow,
https://www.geipan.fr/fr/cas/2016-05-09480,2016-05-09480,https://www.geipan.fr/fr/cas/2016-05-09480,DOWNLOADED,21554,deec45e080baf6a5d84b2d290f8ece2f3936119dbc96e0e5565ba6bffdb8d101,HYERES (83) 27.05.2016 | GEIPAN Orange arrow icon Orange arrow icon Orange arrow icon Arrow,
https://www.geipan.fr/fr/cas/2016-05-09486,2016-05-09486,https://www.geipan.fr/fr/cas/2016-05-09486,DOWNLOADED,20458,a520dddd0ec2e238b1cf69732bbba077bc043f8dbe36da00276d76c626321bef,LIEVIN (62) 15.05.2016 | GEIPAN Orange arrow icon Orange arrow icon Orange arrow icon Arrow,
https://www.geipan.fr/fr/cas/2016-06-09474,2016-06-09474,https://www.geipan.fr/fr/cas/2016-06-09474,DOWNLOADED,19053,f82f711e9974e7d4e6ffc11c30cba0ea424746b6588f602a07353388369c283f,BLAGNAC (31) 14.06.2016 | GEIPAN Orange arrow icon Orange arrow icon Orange arrow icon Arrow,
https://www.geipan.fr/fr/cas/2016-06-09477,2016-06-09477,https://www.geipan.fr/fr/cas/2016-06-09477,DOWNLOADED,19201,96c22d7673994bab57e15840aa948b80d609113ff6ad604e1133f3e0aba02f02,TOULOUSE (31) 22.06.2016 | GEIPAN Orange arrow icon Orange arrow icon Orange arrow icon Arrow,
https://www.geipan.fr/fr/cas/2016-06-09481,2016-06-09481,https://www.geipan.fr/fr/cas/2016-06-09481,DOWNLOADED,19413,dc6a15fe4df16b41e9255556ce2a13853f608623d030c8de1c46be78910705a9,SAINT-CORNEILLE (72) 06.06.2016 | GEIPAN Orange arrow icon Orange arrow icon Orange arrow icon Arrow,
https://www.geipan.fr/fr/cas/2016-06-09487,2016-06-09487,https://www.geipan.fr/fr/cas/2016-06-09487,DOWNLOADED,20407,03620f512d38080946eef8fc002bb85989f62d57e7b9e922d12e0d322a98d8be,LUTTENBACH-PRES-MUNSTER (68) 26.06.2016 | GEIPAN Orange arrow icon Orange arrow icon Orange arrow icon Arrow,
https://www.geipan.fr/fr/cas/2016-06-09488,2016-06-09488,https://www.geipan.fr/fr/cas/2016-06-09488,DOWNLOADED,20210,08ec9aa62feb051d49aa89a6df107fa9676135d7eb68ca20e87527c0f6360889,GAGNY (93) 27.06.2016 | GEIPAN Orange arrow icon Orange arrow icon Orange arrow icon Arrow,
https://www.geipan.fr/fr/cas/2016-06-09491,2016-06-09491,https://www.geipan.fr/fr/cas/2016-06-09491,DOWNLOADED,21147,7c7919cfc3d2e977293ad8d59b1f13706424a68c45784d71d53572afb3874f8a,MOUGINS (06) 25.06.2016 | GEIPAN Orange arrow icon Orange arrow icon Orange arrow icon Arrow,
https://www.geipan.fr/fr/cas/2016-07-09490,2016-07-09490,https://www.geipan.fr/fr/cas/2016-07-09490,DOWNLOADED,19816,cb3f382faf7ded3ff09e38c713842782e602e12c6adfaf27268792195fd16140,TREIZE-SEPTIERS (85) 03.07.2016 | GEIPAN Orange arrow icon Orange arrow icon Orange arrow icon Arrow,
https://www.geipan.fr/fr/cas/2016-07-09492,2016-07-09492,https://www.geipan.fr/fr/cas/2016-07-09492,DOWNLOADED,20361,02bb751ea3921e436b9c8684c08b27cef8ff8e843c067af6c95af9aa64752537,RAMBERVILLERS (88) 25.07.2016 | GEIPAN Orange arrow icon Orange arrow icon Orange arrow icon Arrow,
https://www.geipan.fr/fr/cas/2016-07-09501,2016-07-09501,https://www.geipan.fr/fr/cas/2016-07-09501,DOWNLOADED,19148,5c7aa72fc78590746ea686c5dc56c1123d5d12204c3853bd3b29e62c9d8366ed,SENTENAC-D'OUST (09) 30.07.2016 | GEIPAN Orange arrow icon Orange arrow icon Orange arrow icon Arrow,
https://www.geipan.fr/fr/cas/2016-07-09503,2016-07-09503,https://www.geipan.fr/fr/cas/2016-07-09503,DOWNLOADED,20258,4402d4564f5ed6e3fd877b2342ede852bf204e0c7faebfb78380ca0bfe32fab0,LYON (69) 28.07.2016 | GEIPAN Orange arrow icon Orange arrow icon Orange arrow icon Arrow,
https://www.geipan.fr/fr/cas/2016-07-09506,2016-07-09506,https://www.geipan.fr/fr/cas/2016-07-09506,DOWNLOADED,23374,5f23da23ac182514f2615b18e4b8fab757840a1bf7834c644180a468dc9dee9d,ATHIS-MONS (91) 30.07.2016 | GEIPAN Orange arrow icon Orange arrow icon Orange arrow icon Arrow,
https://www.geipan.fr/fr/cas/2016-07-09512,2016-07-09512,https://www.geipan.fr/fr/cas/2016-07-09512,DOWNLOADED,19902,1987b68b234e0f40e3930bf8fbf4332067b1884329fdf09d7b53391c2213fe20,BRION (71) 09.07.2016 | GEIPAN Orange arrow icon Orange arrow icon Orange arrow icon Arrow,
https://www.geipan.fr/fr/cas/2016-07-09544,2016-07-09544,https://www.geipan.fr/fr/cas/2016-07-09544,DOWNLOADED,19778,037739334d7405a3d1a83f0d60d87b0f394ed0572edec97ec1f9620d671f4654,INZINZAC-LOCHRIST (56) 09.07.2016 | GEIPAN Orange arrow icon Orange arrow icon Orange arrow icon Arrow,
https://www.geipan.fr/fr/cas/2016-07-09552,2016-07-09552,https://www.geipan.fr/fr/cas/2016-07-09552,DOWNLOADED,19756,b322024eb97ead3d55e7269ee804acc547e1c5b59682cb1206bbd683d62b57a1,SAINTES (17) 13.07.2016 | GEIPAN Orange arrow icon Orange arrow icon Orange arrow icon Arrow,
https://www.geipan.fr/fr/cas/2016-08-09498,2016-08-09498,https://www.geipan.fr/fr/cas/2016-08-09498,DOWNLOADED,22862,5873ad26c480ea806c40c3681a2e4498075c5749de70fa28c15f2733205577e7,PENNES-MIRABEAU (LES) (13) 02.08.2016 | GEIPAN Orange arrow icon Orange arrow icon Orange arrow icon Arrow,
https://www.geipan.fr/fr/cas/2016-08-09507,2016-08-09507,https://www.geipan.fr/fr/cas/2016-08-09507,DOWNLOADED,20885,ec7969022cac7e50fce487703063c30bed58575c1b32c31bba536099db7ab03f,AMIENS (80) 06.08.2016 | GEIPAN Orange arrow icon Orange arrow icon Orange arrow icon Arrow,
https://www.geipan.fr/fr/cas/2016-08-09511,2016-08-09511,https://www.geipan.fr/fr/cas/2016-08-09511,DOWNLOADED,21926,62bb2cdd1f7d211c0f21ba8dde320d842a73145a889c7a83b54f7c3d5dfa8336,WISSEMBOURG (67) 09.08.2016 | GEIPAN Orange arrow icon Orange arrow icon Orange arrow icon Arrow,
https://www.geipan.fr/fr/cas/2016-08-09518,2016-08-09518,https://www.geipan.fr/fr/cas/2016-08-09518,DOWNLOADED,21514,8dc2f817743963d4a5d4898f719a11f749f1d7ece296f4bbfca683b2de6a17c3,BALMA (31) 03.08.2016 | GEIPAN Orange arrow icon Orange arrow icon Orange arrow icon Arrow,
https://www.geipan.fr/fr/cas/2016-08-09520,2016-08-09520,https://www.geipan.fr/fr/cas/2016-08-09520,DOWNLOADED,20493,243c3c1acf2f8e35943cb34d39108680f5a543bb6fa6a783eeb80f1ecd3b7177,SAINT-CAPRAIS-DE-BORDEAUX (33) 15.08.2016 | GEIPAN Orange arrow icon Orange arrow icon Orange arrow icon Arrow,
https://www.geipan.fr/fr/cas/2016-08-09521,2016-08-09521,https://www.geipan.fr/fr/cas/2016-08-09521,DOWNLOADED,19826,90e39e507c8587617946ed15e96f79957d3dbdb744264b4507f789e36c981f3c,MONTPEZAT (30) 12.08.2016 | GEIPAN Orange arrow icon Orange arrow icon Orange arrow icon Arrow,
https://www.geipan.fr/fr/cas/2016-08-09522,2016-08-09522,https://www.geipan.fr/fr/cas/2016-08-09522,DOWNLOADED,21792,4084e1be066c14a2562ca916b87b81a9cb7d1fc3dda543411549d7a2b435b0f4,BOURG-LES-VALENCE (26) 06.08.2016 | GEIPAN Orange arrow icon Orange arrow icon Orange arrow icon Arrow,
https://www.geipan.fr/fr/cas/2016-08-09526,2016-08-09526,https://www.geipan.fr/fr/cas/2016-08-09526,DOWNLOADED,20176,605c39331cb3849eaf721bfb583df2a94442ec0ea230bcda1a3e51df94e2743a,PEIGNEY (52) 17.08.2016 | GEIPAN Orange arrow icon Orange arrow icon Orange arrow icon Arrow,
https://www.geipan.fr/fr/cas/2016-08-09528,2016-08-09528,https://www.geipan.fr/fr/cas/2016-08-09528,DOWNLOADED,20275,d551dbf06adf71de173815c530676de7e56d4a04b522bd527d1fb00dd5ec938b,VILLEFRANCHE-SUR-MER (06) 21.08.2016 | GEIPAN Orange arrow icon Orange arrow icon Orange arrow icon Arrow,
https://www.geipan.fr/fr/cas/2016-08-09529,2016-08-09529,https://www.geipan.fr/fr/cas/2016-08-09529,DOWNLOADED,19877,51cfd9c700d29b36134a24b8473a8c6d9ff442c847c7fd7a50395379ac1c315d,NARCY (58) 23.08.2016 | GEIPAN Orange arrow icon Orange arrow icon Orange arrow icon Arrow,
https://www.geipan.fr/fr/cas/2016-08-09530,2016-08-09530,https://www.geipan.fr/fr/cas/2016-08-09530,DOWNLOADED,19577,b03b6d3b23650777da3af6d503a95da9821a5cf22b56e44b8cb75dad995f0baa,TERRASSON-LAVILLEDIEU (24) 23.08.2016 | GEIPAN Orange arrow icon Orange arrow icon Orange arrow icon Arrow,
https://www.geipan.fr/fr/cas/2016-08-09533,2016-08-09533,https://www.geipan.fr/fr/cas/2016-08-09533,DOWNLOADED,19615,d62f4c53c3a4b23ae7449286c717d16f88d5b8a5da72f908b1c774853d6277bc,HAM (80) 26.08.2016 | GEIPAN Orange arrow icon Orange arrow icon Orange arrow icon Arrow,
https://www.geipan.fr/fr/cas/2016-08-09538,2016-08-09538,https://www.geipan.fr/fr/cas/2016-08-09538,DOWNLOADED,20718,66683d6c243036c5eeb01ec9c840404a6aaef8930af01cefb4f50d4b0d43dadf,MONETEAU (89) 26.08.2016 | GEIPAN Orange arrow icon Orange arrow icon Orange arrow icon Arrow,
https://www.geipan.fr/fr/cas/2016-08-09542,2016-08-09542,https://www.geipan.fr/fr/cas/2016-08-09542,DOWNLOADED,19968,63aa7bb821027651cfbc5482d36b0fbb116661d888bcc19ddfc599b46657c547,EMANVILLE (27) 22.08.2016 | GEIPAN Orange arrow icon Orange arrow icon Orange arrow icon Arrow,
https://www.geipan.fr/fr/cas/2016-08-09556,2016-08-09556,https://www.geipan.fr/fr/cas/2016-08-09556,DOWNLOADED,19881,3a87981ebfbee96a00bb2158ac4e408a71724a2ca09e4e4e36cd9fc2824bbc75,PLOUHA (22) 22.08.2016 | GEIPAN Orange arrow icon Orange arrow icon Orange arrow icon Arrow,
https://www.geipan.fr/fr/cas/2016-08-09564,2016-08-09564,https://www.geipan.fr/fr/cas/2016-08-09564,DOWNLOADED,20958,c01a6bed37a33f5ca27417b985d1a749bb560d61fd75502c16d3160372650ab5,JARCIEU (38) 07.08.2016 | GEIPAN Orange arrow icon Orange arrow icon Orange arrow icon Arrow,
https://www.geipan.fr/fr/cas/2016-08-50284,2016-08-50284,https://www.geipan.fr/fr/cas/2016-08-50284,DOWNLOADED,20187,ac4e69b43ebb3d22ec59d3f37be1af98dde9116e1e5826beda98b75d54d9f034,SERIGNAN (34) 25.08.2016 | GEIPAN Orange arrow icon Orange arrow icon Orange arrow icon Arrow,
https://www.geipan.fr/fr/cas/2016-08-50285,2016-08-50285,https://www.geipan.fr/fr/cas/2016-08-50285,DOWNLOADED,19829,7c4782152f64c37e5f48d2ed5ea5ea1af16a5edb6c71a0cc7dbde6f2138854dd,ARLES (13) 25.08.2016 | GEIPAN Orange arrow icon Orange arrow icon Orange arrow icon Arrow,
https://www.geipan.fr/fr/cas/2016-08-50286,2016-08-50286,https://www.geipan.fr/fr/cas/2016-08-50286,DOWNLOADED,19101,4df605fd5cbd3badc320d8629cd6133c38308dfa7a4796caee5c7d7552addeea,MEJANNES-LE-CLAP (30) 14.08.2016 | GEIPAN Orange arrow icon Orange arrow icon Orange arrow icon Arrow,
https://www.geipan.fr/fr/cas/2016-08-50289,2016-08-50289,https://www.geipan.fr/fr/cas/2016-08-50289,DOWNLOADED,20054,3c49d2da82b7c813f4e347db6da3ad8c5e002884c3b8a200a340537c9472c7da,SAINVILLE (28) 08.08.2016 | GEIPAN Orange arrow icon Orange arrow icon Orange arrow icon Arrow,
https://www.geipan.fr/fr/cas/2016-08-50290,2016-08-50290,https://www.geipan.fr/fr/cas/2016-08-50290,DOWNLOADED,24185,6b7dd7cbb4f041e44a727ea0280eb007875e268dc98b0d6d76d17aff4eafd0e1,COUDEKERQUE-BRANCHE (59) 13.08.2016 | GEIPAN Orange arrow icon Orange arrow icon Orange arrow icon Arrow,
https://www.geipan.fr/fr/cas/2016-08-50312,2016-08-50312,https://www.geipan.fr/fr/cas/2016-08-50312,DOWNLOADED,19709,5133a7850cb9eeaf7a34ea4ebc9a9c480a664e8f76b5b2cbb5e5a2bef3f33971,MARDIE (45) 28.08.2016 | GEIPAN Orange arrow icon Orange arrow icon Orange arrow icon Arrow,
https://www.geipan.fr/fr/cas/2016-08-50314,2016-08-50314,https://www.geipan.fr/fr/cas/2016-08-50314,DOWNLOADED,19611,e666556a59268f2cd926a8bafc394dbbb1589039b73a99f84c027ae9cbc8f169,CHECY (45) 23.08.2016 | GEIPAN Orange arrow icon Orange arrow icon Orange arrow icon Arrow,
https://www.geipan.fr/fr/cas/2016-09-09539,2016-09-09539,https://www.geipan.fr/fr/cas/2016-09-09539,DOWNLOADED,19835,bd2e4e87155c70d1f3a3b3df2e7b6e840b3b1a801f0c100d78c2bdfebb9048f8,CHATEAUNEUF-DE-GALAURE (26) 02.09.2016 | GEIPAN Orange arrow icon Orange arrow icon Orange arrow icon Arrow,
https://www.geipan.fr/fr/cas/2016-09-09566,2016-09-09566,https://www.geipan.fr/fr/cas/2016-09-09566,DOWNLOADED,20902,56adce0b5238a74bbf75443fc06eaf70c96025062a973350b6bf22e7b16b9140,RANTIGNY (60) 29.09.2016 | GEIPAN Orange arrow icon Orange arrow icon Orange arrow icon Arrow,
https://www.geipan.fr/fr/cas/2016-09-09567,2016-09-09567,https://www.geipan.fr/fr/cas/2016-09-09567,DOWNLOADED,19902,a01a7c56452ef498eb560afef67e4dda1449828bdbf9f24212db371cd40d21d1,CAUFFRY (60) 29.09.2016 | GEIPAN Orange arrow icon Orange arrow icon Orange arrow icon Arrow,
https://www.geipan.fr/fr/cas/2016-09-50292,2016-09-50292,https://www.geipan.fr/fr/cas/2016-09-50292,DOWNLOADED,19754,6bd0e64ad5228fcc294b196af5c3f3af48d837f7cd501c45b744fbe177d3f711,VINCENNES (94) 04.09.2016 | GEIPAN Orange arrow icon Orange arrow icon Orange arrow icon Arrow,
https://www.geipan.fr/fr/cas/2016-09-50311,2016-09-50311,https://www.geipan.fr/fr/cas/2016-09-50311,DOWNLOADED,19817,a0b84a44d1c3c7012936f988baf60a46229b6d0f1bf762ad50385c11e094207c,NIMES (30) 06.09.2016 | GEIPAN Orange arrow icon Orange arrow icon Orange arrow icon Arrow,
https://www.geipan.fr/fr/cas/2016-10-09569,2016-10-09569,https://www.geipan.fr/fr/cas/2016-10-09569,DOWNLOADED,22312,b9363ba26cb547220fefd32ed93ef531782c2c30e4fcfc7a3c113497c1329425,TROYES (10) 02.10.2016 | GEIPAN Orange arrow icon Orange arrow icon Orange arrow icon Arrow,
https://www.geipan.fr/fr/cas/2016-10-09571,2016-10-09571,https://www.geipan.fr/fr/cas/2016-10-09571,DOWNLOADED,20522,5cf40325a140397360a17546f8ba44e7ea21306f07315cc07b55ffa79f331e0d,CAMPHIN-EN-CAREMBAULT (59) 05.10.2016 | GEIPAN Orange arrow icon Orange arrow icon Orange arrow icon Arrow,
https://www.geipan.fr/fr/cas/2016-10-09582,2016-10-09582,https://www.geipan.fr/fr/cas/2016-10-09582,DOWNLOADED,20259,ac2186b1b5882ddf1f566acd6f172b160dedd234f4d5cd094c071075ad9a3b91,OUTREAU (62) 31.10.2016 | GEIPAN Orange arrow icon Orange arrow icon Orange arrow icon Arrow,
https://www.geipan.fr/fr/cas/2016-10-50319,2016-10-50319,https://www.geipan.fr/fr/cas/2016-10-50319,DOWNLOADED,20427,23bd1af7f9832c14727b88b9d5560484b34b003da759f2076590bc25316d6e1d,VENCE (06) 09.10.2016 | GEIPAN Orange arrow icon Orange arrow icon Orange arrow icon Arrow,
https://www.geipan.fr/fr/cas/2016-11-09584,2016-11-09584,https://www.geipan.fr/fr/cas/2016-11-09584,DOWNLOADED,20126,f8e68a852c6fead47913e53b1d680cc4357e6fcbc5279ae5d8be247b3d008761,NOISY-LE-SEC (93) 07.11.2016 | GEIPAN Orange arrow icon Orange arrow icon Orange arrow icon Arrow,
https://www.geipan.fr/fr/cas/2016-11-09585,2016-11-09585,https://www.geipan.fr/fr/cas/2016-11-09585,DOWNLOADED,20394,7dc3476abbc45f9375b70322fbe81ff10795e19ee0f3f1f44ea09ee0239a9cbd,[D459] de MARNAY (70) vers BURGILLE (25) 14.11.2016 | GEIPAN Orange arrow icon Orange arrow icon Orange arrow icon Arrow,
https://www.geipan.fr/fr/cas/2016-11-09587,2016-11-09587,https://www.geipan.fr/fr/cas/2016-11-09587,DOWNLOADED,20294,f1affaa5998e653c54776588772beeff8e4e1fbd424b9d56a0011ae6499a528c,POMPIGNAN (82) 17.11.2016 | GEIPAN Orange arrow icon Orange arrow icon Orange arrow icon Arrow,
https://www.geipan.fr/fr/cas/2016-11-09592,2016-11-09592,https://www.geipan.fr/fr/cas/2016-11-09592,DOWNLOADED,19754,466e92d7874b7ec0f506363175244c072ec3c725cb13f0772175150d9709d55d,[D137] de RIOM (63) vers PERIGNAT-LES-SARLIEVE (63) 25.11.2016 | GEIPAN Orange arrow icon Orange arrow icon Orange arrow icon Arrow,
https://www.geipan.fr/fr/cas/2016-11-09622,2016-11-09622,https://www.geipan.fr/fr/cas/2016-11-09622,DOWNLOADED,19988,cab95de54e91a2462f23b1def8ffbce4407333ff564796f3eeeb4cdd30930635,CONFLANS-SAINTE-HONORINE (78) 29.11.2016 | GEIPAN Orange arrow icon Orange arrow icon Orange arrow icon Arrow,
https://www.geipan.fr/fr/cas/2016-11-50320,2016-11-50320,https://www.geipan.fr/fr/cas/2016-11-50320,DOWNLOADED,25322,12377965ea67c77db95bc40698b810d548033d58898a58c003559c206187e872,CHOLET (49) 24.11.2016 | GEIPAN Orange arrow icon Orange arrow icon Orange arrow icon Arrow,
https://www.geipan.fr/fr/cas/2016-11-50352,2016-11-50352,https://www.geipan.fr/fr/cas/2016-11-50352,DOWNLOADED,21342,65303d401fbcda6402792bc2bb1c71bd9e6c5b6a3a20296e680cf8f63b6eaf57,VILLENEUVE-LES-BORDES (77) 11.11.2016 | GEIPAN Orange arrow icon Orange arrow icon Orange arrow icon Arrow,
https://www.geipan.fr/fr/cas/2016-12-09608,2016-12-09608,https://www.geipan.fr/fr/cas/2016-12-09608,DOWNLOADED,20369,53f0f421ea8a3570ae61111bcd3029abae17c1217319c41dbc1cb5111bd4b8a8,[RN1] de SAINT-DENIS (974) vers POSSESSION (LA) (974) 11.12.2016 | GEIPAN Orange arrow icon Orange arrow icon Orange arrow icon Arrow,
https://www.geipan.fr/fr/cas/2016-12-09615,2016-12-09615,https://www.geipan.fr/fr/cas/2016-12-09615,DOWNLOADED,20820,09b8e53c6d0b5cd256276b53f741fb591161470d6e4bbefe28b6ebaa89b3a341,NIMES (30) 17.12.2016 | GEIPAN Orange arrow icon Orange arrow icon Orange arrow icon Arrow,
https://www.geipan.fr/fr/cas/2016-12-09624,2016-12-09624,https://www.geipan.fr/fr/cas/2016-12-09624,DOWNLOADED,21049,6fc851281c26c90e8b5aecada460f34b60f86fb017fcf8fe5b4b26f6c96731cd,THOR (LE) (84) 17.12.2016 | GEIPAN Orange arrow icon Orange arrow icon Orange arrow icon Arrow,
https://www.geipan.fr/fr/cas/2016-12-09638,2016-12-09638,https://www.geipan.fr/fr/cas/2016-12-09638,DOWNLOADED,19820,ed08a225505342d95341342fe76d7353c05a8c7842129f012b46de9aa266b421,SAINT-ROME-DE-TARN (12) 18.12.2016 | GEIPAN Orange arrow icon Orange arrow icon Orange arrow icon Arrow,
https://www.geipan.fr/fr/cas/2016-12-50333,2016-12-50333,https://www.geipan.fr/fr/cas/2016-12-50333,DOWNLOADED,20195,131e2dd4c56cbdd36a58e191b20d9b64a2e8a09bd292ef6b7542816a227c2de2,CROZON (29) 27.12.2016 | GEIPAN Orange arrow icon Orange arrow icon Orange arrow icon Arrow,
https://www.geipan.fr/fr/cas/2016-12-50340,2016-12-50340,https://www.geipan.fr/fr/cas/2016-12-50340,DOWNLOADED,22121,208ec175241a116313c732c20c579d45169036678c5eec3609fe8bca2e16a258,FONTAINE (38) 27.12.2016 | GEIPAN Orange arrow icon Orange arrow icon Orange arrow icon Arrow,
https://www.geipan.fr/fr/cas/2016-12-50368,2016-12-50368,https://www.geipan.fr/fr/cas/2016-12-50368,DOWNLOADED,21575,f9926aaaae9ce81e84c3b953c14c1c2c900e60708be30fee5dda64a2b5b524b5,THUN-SAINT-AMAND (59) 03.12.2016 | GEIPAN Orange arrow icon Orange arrow icon Orange arrow icon Arrow,
https://www.geipan.fr/fr/cas/2017-01-09620,2017-01-09620,https://www.geipan.fr/fr/cas/2017-01-09620,DOWNLOADED,20764,3d2265d33d41010d5b38d11f0bad57ee1c2b3950c6bb9440db1c4b57bd7fc5d8,SAINT-AMBROIX (30) 18.01.2017 | GEIPAN Orange arrow icon Orange arrow icon Orange arrow icon Arrow,
https://www.geipan.fr/fr/cas/2017-01-09623,2017-01-09623,https://www.geipan.fr/fr/cas/2017-01-09623,DOWNLOADED,21766,8eb5cb6e78d978a45c6adeef3bb16a93295b109660ea9c24220d9e8ef565692c,ANCINNES (72) 21.01.2017 | GEIPAN Orange arrow icon Orange arrow icon Orange arrow icon Arrow,
https://www.geipan.fr/fr/cas/2017-01-09625,2017-01-09625,https://www.geipan.fr/fr/cas/2017-01-09625,DOWNLOADED,21035,e68d8426c9beede564a9c8a76a344da7a7769bdf84474cc7abd0cfdfba222376,[D160] de FERRIERE (LA) (85) vers ROCHE-SUR-YON (LA) (85) 13.01.2017 | GEIPAN Orange arrow icon Orange arrow icon Orange arrow icon Arrow,
https://www.geipan.fr/fr/cas/2017-01-09626,2017-01-09626,https://www.geipan.fr/fr/cas/2017-01-09626,DOWNLOADED,20466,3e59129aa7c6c20e945d6c70d6ff1a0d2cdeedef7bea7410842eeb20f9a5ae25,[A5] de CHAUFFOUR-LES-BAILLY (10) vers TROYES (10) 28.01.2017 | GEIPAN Orange arrow icon Orange arrow icon Orange arrow icon Arrow,
https://www.geipan.fr/fr/cas/2017-01-09646,2017-01-09646,https://www.geipan.fr/fr/cas/2017-01-09646,DOWNLOADED,20583,1c60946d768897d7bab9e7a1dbfb4fb3ac3f27de7684dfd87b14c73c23ecd8ea,ESPEDAILLAC (46) 21.01.2017 | GEIPAN Orange arrow icon Orange arrow icon Orange arrow icon Arrow,
https://www.geipan.fr/fr/cas/2017-01-09648,2017-01-09648,https://www.geipan.fr/fr/cas/2017-01-09648,DOWNLOADED,20552,1506c4e8a05859bf7d3da73ace496a5b035bca8685afcf30a279ce88816054a6,GENELARD (71) 06.01.2017 | GEIPAN Orange arrow icon Orange arrow icon Orange arrow icon Arrow,
https://www.geipan.fr/fr/cas/2017-01-50334,2017-01-50334,https://www.geipan.fr/fr/cas/2017-01-50334,DOWNLOADED,20767,b9936ae9021d8c9440ee760326af39dacf22e174dd90faeb823274c28153476b,SAINT-CHRISTOL (34) 04.01.2017 | GEIPAN Orange arrow icon Orange arrow icon Orange arrow icon Arrow,
https://www.geipan.fr/fr/cas/2017-02-09636,2017-02-09636,https://www.geipan.fr/fr/cas/2017-02-09636,DOWNLOADED,20223,56b8136f2c891e18b257cd4df2878e12ee36ae0ad79e0b63d3a06a605c5c75fa,MAGNY-LES-HAMEAUX (78) 06.02.2017 | GEIPAN Orange arrow icon Orange arrow icon Orange arrow icon Arrow,
https://www.geipan.fr/fr/cas/2017-02-09637,2017-02-09637,https://www.geipan.fr/fr/cas/2017-02-09637,DOWNLOADED,20009,6ccbdc8e1d9c74cca09a33a57b2ec53f5ea3e2a5fab5a110dc5f93969a6ad323,[D29] de FISMES (51) vers BEAURIEUX (02) 24.02.2017 | GEIPAN Orange arrow icon Orange arrow icon Orange arrow icon Arrow,
https://www.geipan.fr/fr/cas/2017-02-09713,2017-02-09713,https://www.geipan.fr/fr/cas/2017-02-09713,DOWNLOADED,20844,168f2e814deacfa214e158c532da38a5f96d56550a1a01a5dc884cb09cfcd85b,PARIS (75) 14.02.2017 | GEIPAN Orange arrow icon Orange arrow icon Orange arrow icon Arrow,
https://www.geipan.fr/fr/cas/2017-02-50346,2017-02-50346,https://www.geipan.fr/fr/cas/2017-02-50346,DOWNLOADED,20423,a6aa34a0e0f2d77c17678701dd42d0a8c4f5622fda812650e1772e9dffb48cdc,BEAUVOISIN (26) 06.02.2017 | GEIPAN Orange arrow icon Orange arrow icon Orange arrow icon Arrow,
https://www.geipan.fr/fr/cas/2017-02-50380,2017-02-50380,https://www.geipan.fr/fr/cas/2017-02-50380,DOWNLOADED,19554,832be31ab4107c9367169483bed4c1fad2705d54d1ce3889ab665594a9de6f52,SAINT-EUTROPE-DE-BORN (47) 15.03.2017 | GEIPAN Orange arrow icon Orange arrow icon Orange arrow icon Arrow,
https://www.geipan.fr/fr/cas/2017-03-09642,2017-03-09642,https://www.geipan.fr/fr/cas/2017-03-09642,DOWNLOADED,20275,96b4704e4930d3a68547222dfc624a777b8962eb2301756546bf78d557c75444,BRON (69) 01.03.2017 | GEIPAN Orange arrow icon Orange arrow icon Orange arrow icon Arrow,
https://www.geipan.fr/fr/cas/2017-03-09659,2017-03-09659,https://www.geipan.fr/fr/cas/2017-03-09659,DOWNLOADED,19925,401ae51d591c8931843879de311282157deae9e3a3cdcb9a49375b6777ca49c2,SAINT-LOUIS (974) 05.03.2017 | GEIPAN Orange arrow icon Orange arrow icon Orange arrow icon Arrow,
https://www.geipan.fr/fr/cas/2017-03-50361,2017-03-50361,https://www.geipan.fr/fr/cas/2017-03-50361,DOWNLOADED,20197,1ce9263845cbefc0c3f46ecb8d1d0d7376acd76a9e4156ed08f1e06ed385d352,HAVRE (LE) (76) 27.03.2017 | GEIPAN Orange arrow icon Orange arrow icon Orange arrow icon Arrow,
https://www.geipan.fr/fr/cas/2017-04-09670,2017-04-09670,https://www.geipan.fr/fr/cas/2017-04-09670,DOWNLOADED,19767,a6a6eb99673a11c5ec32f9e6cb25684faed69189ae361ad42ce2524669231893,SAINT-BRIEUC (22) 12.04.2017 | GEIPAN Orange arrow icon Orange arrow icon Orange arrow icon Arrow,
https://www.geipan.fr/fr/cas/2017-04-09675,2017-04-09675,https://www.geipan.fr/fr/cas/2017-04-09675,DOWNLOADED,20555,0544783ab801f1cc7916b0d79e266baf5509ee6dfcb0c07d6dc50b67b5d3efd2,AMBERIEU-EN-BUGEY (01) 22.04.2017 | GEIPAN Orange arrow icon Orange arrow icon Orange arrow icon Arrow,
https://www.geipan.fr/fr/cas/2017-04-50213,2017-04-50213,https://www.geipan.fr/fr/cas/2017-04-50213,DOWNLOADED,21614,c42e7a52f38887388f66714619dea877de17aa4b876601710bf967d28b9d8d04,BRESSEY-SUR-TILLE (21) 16.04.2017 | GEIPAN Orange arrow icon Orange arrow icon Orange arrow icon Arrow,
https://www.geipan.fr/fr/cas/2017-04-50363,2017-04-50363,https://www.geipan.fr/fr/cas/2017-04-50363,DOWNLOADED,19889,aaae588289c8c733c0c8adf583a0bf17bc1799717a08d176ae60df9978da0376,ROUEN (76) 01.04.2017 | GEIPAN Orange arrow icon Orange arrow icon Orange arrow icon Arrow,
https://www.geipan.fr/fr/cas/2017-04-50365,2017-04-50365,https://www.geipan.fr/fr/cas/2017-04-50365,DOWNLOADED,21005,7fb09ca69c8e7edbeb60fb7c80679342fe513f7d1f5b0568888e8973bf45375d,[AERO LOC] PUISELET-LE-MARAIS (91) 12.04.2017 | GEIPAN Orange arrow icon Orange arrow icon Orange arrow icon Arrow,
https://www.geipan.fr/fr/cas/2017-05-09674,2017-05-09674,https://www.geipan.fr/fr/cas/2017-05-09674,DOWNLOADED,21122,cf7905d383d66ac91cbb0cdf284c954039e6155e02aaf9dbd13bb25c9e333822,PARIS (75) 20.05.2017 | GEIPAN Orange arrow icon Orange arrow icon Orange arrow icon Arrow,
https://www.geipan.fr/fr/cas/2017-05-09681,2017-05-09681,https://www.geipan.fr/fr/cas/2017-05-09681,DOWNLOADED,21654,6aa77b7b622095e18f6b98977c5f03713efa2270f46d3d7d80b9adb32c850c93,ALBON (26) 25.05.2017 | GEIPAN Orange arrow icon Orange arrow icon Orange arrow icon Arrow,
https://www.geipan.fr/fr/cas/2017-05-09692,2017-05-09692,https://www.geipan.fr/fr/cas/2017-05-09692,DOWNLOADED,21769,74f34c36774ce3d13390940ba6cd45af60870a4acc03fde41862ebd88a46c662,GIEN-SUR-CURE (58) 24.05.2017 | GEIPAN Orange arrow icon Orange arrow icon Orange arrow icon Arrow,
https://www.geipan.fr/fr/cas/2017-05-50381,2017-05-50381,https://www.geipan.fr/fr/cas/2017-05-50381,DOWNLOADED,21351,c5395a1cd7681ddfafdb43111f69d123fafb10ab72e508fae6634c45f9d7730c,BAGNERES-DE-BIGORRE (65) 22.05.2017 | GEIPAN Orange arrow icon Orange arrow icon Orange arrow icon Arrow,
https://www.geipan.fr/fr/cas/2017-06-09678,2017-06-09678,https://www.geipan.fr/fr/cas/2017-06-09678,DOWNLOADED,21958,2ccec63b0bcdcc8d382336e95decdb010f35f944ba1af8019c85f0f021b3e366,EMERAINVILLE (77) 05.06.2017 | GEIPAN Orange arrow icon Orange arrow icon Orange arrow icon Arrow,
https://www.geipan.fr/fr/cas/2017-06-09735,2017-06-09735,https://www.geipan.fr/fr/cas/2017-06-09735,DOWNLOADED,21426,9418d42496f57cf50a08226f0d4bf49177b9562cd3abd87c2916b14338a541ce,SAINT-PAUL (974) 24.06.2017 | GEIPAN Orange arrow icon Orange arrow icon Orange arrow icon Arrow,
https://www.geipan.fr/fr/cas/2017-06-09774,2017-06-09774,https://www.geipan.fr/fr/cas/2017-06-09774,DOWNLOADED,19835,9a0aafb7315aff8f2a54777b6ec98754e25b5d5240f103b967b091e147649e36,PRADES-LE-LEZ (34) 14.06.2017 | GEIPAN Orange arrow icon Orange arrow icon Orange arrow icon Arrow,
https://www.geipan.fr/fr/cas/2017-06-50383,2017-06-50383,https://www.geipan.fr/fr/cas/2017-06-50383,DOWNLOADED,20503,6efef89a308819a800941d39cadcd6bed5c4d9557c633abc80dd92bd74046763,WERVICQ-SUD (59) 11.06.2017 | GEIPAN Orange arrow icon Orange arrow icon Orange arrow icon Arrow,
https://www.geipan.fr/fr/cas/2017-06-50384,2017-06-50384,https://www.geipan.fr/fr/cas/2017-06-50384,DOWNLOADED,21928,e8fcccb109a73a09c4f65e5796aad328c1a7eec2c1ba83b984fe213eef6ae000,POLIENAS (38) 10.06.2017 | GEIPAN Orange arrow icon Orange arrow icon Orange arrow icon Arrow,
https://www.geipan.fr/fr/cas/2017-06-50388,2017-06-50388,https://www.geipan.fr/fr/cas/2017-06-50388,DOWNLOADED,23381,79cddebf777ae5f5fa10d1be3c9362afee448118f69c51a694bc8a26cb2a4eec,AUXON (LES) (25) 19.06.2017 | GEIPAN Orange arrow icon Orange arrow icon Orange arrow icon Arrow,
https://www.geipan.fr/fr/cas/2017-06-50410,2017-06-50410,https://www.geipan.fr/fr/cas/2017-06-50410,DOWNLOADED,20320,7dc630f3f2104ba1acde3d12dc70b96689ba7217386249658effba7b9ada2940,SAINT-DENIS (974) 09.06.2017 | GEIPAN Orange arrow icon Orange arrow icon Orange arrow icon Arrow,
https://www.geipan.fr/fr/cas/2017-07-09694,2017-07-09694,https://www.geipan.fr/fr/cas/2017-07-09694,DOWNLOADED,19991,f5d5e86a9a6bee7e1f818255092fa5f0440a72e74b7437ceda3e4dfb72518443,BEAULIEU-SOUS-LA-ROCHE (85) 01.07.2017 | GEIPAN Orange arrow icon Orange arrow icon Orange arrow icon Arrow,
https://www.geipan.fr/fr/cas/2017-07-09698,2017-07-09698,https://www.geipan.fr/fr/cas/2017-07-09698,DOWNLOADED,19405,1847e1c91b3877a97c5722f2fb4b3c12e4ddeaa40b29834079d6d3dd5fdeaa11,LANNION (22) 23.07.2017 | GEIPAN Orange arrow icon Orange arrow icon Orange arrow icon Arrow,
https://www.geipan.fr/fr/cas/2017-07-09702,2017-07-09702,https://www.geipan.fr/fr/cas/2017-07-09702,DOWNLOADED,19702,3cf80957bef4444a54a76b1479320dfbee235ea14fbe94931942b64b04e8184c,WAHAGNIES (59) 08.07.2017 | GEIPAN Orange arrow icon Orange arrow icon Orange arrow icon Arrow,
https://www.geipan.fr/fr/cas/2017-07-09708,2017-07-09708,https://www.geipan.fr/fr/cas/2017-07-09708,DOWNLOADED,19976,8719af5544cc4797033244cd30f00e24a5b48174bfe34e8ac2371573780e3b24,PAU (64) 12.07.2017 | GEIPAN Orange arrow icon Orange arrow icon Orange arrow icon Arrow,
https://www.geipan.fr/fr/cas/2017-07-09734,2017-07-09734,https://www.geipan.fr/fr/cas/2017-07-09734,DOWNLOADED,19674,ea565962ba22dda0e1dd89b370221114ef300eb512dc85cd26f3df5b9802c168,ARRADON (56) 13.07.2017 | GEIPAN Orange arrow icon Orange arrow icon Orange arrow icon Arrow,
https://www.geipan.fr/fr/cas/2017-07-50402,2017-07-50402,https://www.geipan.fr/fr/cas/2017-07-50402,DOWNLOADED,21067,978694c4f24851b07fc9689c7104ed05e775656093f996b2f0ab67425cc78167,BELVOIR (25) 30.07.2017 | GEIPAN Orange arrow icon Orange arrow icon Orange arrow icon Arrow,
https://www.geipan.fr/fr/cas/2017-07-50405,2017-07-50405,https://www.geipan.fr/fr/cas/2017-07-50405,DOWNLOADED,20810,ded2d9b32aa0cf49acbb2a451db0a85e3693d98bb9abdb2222c4218ead0e9339,CANNET (LE) (06) 29.07.2017 | GEIPAN Orange arrow icon Orange arrow icon Orange arrow icon Arrow,
https://www.geipan.fr/fr/cas/2017-07-50406,2017-07-50406,https://www.geipan.fr/fr/cas/2017-07-50406,DOWNLOADED,21692,53ba31a04f14af7ce6ce603551f210f49e64cc214b5c1f7e2571e0771ccf2057,LOIRE-AUTHION (49) 23.07.2017 | GEIPAN Orange arrow icon Orange arrow icon Orange arrow icon Arrow,
https://www.geipan.fr/fr/cas/2017-07-50409,2017-07-50409,https://www.geipan.fr/fr/cas/2017-07-50409,DOWNLOADED,19459,c519e013a500d62836740166ba1419ee075e4b406e4ded0855272a8bd8f59f5f,GOUESNACH (29) 07.07.2017 | GEIPAN Orange arrow icon Orange arrow icon Orange arrow icon Arrow,
https://www.geipan.fr/fr/cas/2017-08-09706,2017-08-09706,https://www.geipan.fr/fr/cas/2017-08-09706,DOWNLOADED,21199,c43413096d9aef874d3563591d46e02056b929e30c62a8c7cd624bd0678bcb27,EMERAINVILLE (77) 04.08.2017 | GEIPAN Orange arrow icon Orange arrow icon Orange arrow icon Arrow,
https://www.geipan.fr/fr/cas/2017-08-09722,2017-08-09722,https://www.geipan.fr/fr/cas/2017-08-09722,DOWNLOADED,20552,e315630602df3ba328f45d772c2295b0487e8b39d43bec8932e834dc64fc1d86,CAUMONT-SUR-DURANCE (84) 19.08.2017 | GEIPAN Orange arrow icon Orange arrow icon Orange arrow icon Arrow,
https://www.geipan.fr/fr/cas/2017-08-09732,2017-08-09732,https://www.geipan.fr/fr/cas/2017-08-09732,DOWNLOADED,20909,f8c65fa90c601a8172033493614e56d712a32bba922365e06992c0152a59b0c9,PARIS (75) 21.08.2017 | GEIPAN Orange arrow icon Orange arrow icon Orange arrow icon Arrow,
https://www.geipan.fr/fr/cas/2017-08-09739,2017-08-09739,https://www.geipan.fr/fr/cas/2017-08-09739,DOWNLOADED,21407,1a8cad731061a5b788328f055705241feb55172251e91963f6ad16a6a4a517e9,PUYMOYEN (16) 27.08.2017 | GEIPAN Orange arrow icon Orange arrow icon Orange arrow icon Arrow,
https://www.geipan.fr/fr/cas/2017-08-50404,2017-08-50404,https://www.geipan.fr/fr/cas/2017-08-50404,DOWNLOADED,20171,ff92950f84870e074fad4c25f857c067e6fcd8a8f9ba1d615981064807f48c7b,BUSSANG (88) 05.08.2017 | GEIPAN Orange arrow icon Orange arrow icon Orange arrow icon Arrow,
https://www.geipan.fr/fr/cas/2017-08-50415,2017-08-50415,https://www.geipan.fr/fr/cas/2017-08-50415,DOWNLOADED,22208,20c53875e16ac3d1a1e3036e613a1a40804bc3a841a5654ae690d96b4f93cd5a,FREJUS (83) 25.08.2017 | GEIPAN Orange arrow icon Orange arrow icon Orange arrow icon Arrow,
https://www.geipan.fr/fr/cas/2017-08-50421,2017-08-50421,https://www.geipan.fr/fr/cas/2017-08-50421,DOWNLOADED,20589,e1852de20334e0022f321556fd6f500e4ed1972a5d99a53e766643d54c073ef0,VILLEJUST (91) 29.08.2017 | GEIPAN Orange arrow icon Orange arrow icon Orange arrow icon Arrow,
https://www.geipan.fr/fr/cas/2017-08-50453,2017-08-50453,https://www.geipan.fr/fr/cas/2017-08-50453,DOWNLOADED,23397,a132a7ffe467960b478a7dd9c91d5f348f22c6a10f65dca2122da5bddfe45f1a,SAN-MARTINO-DI-LOTA (20) 15.08.2017 | GEIPAN Orange arrow icon Orange arrow icon Orange arrow icon Arrow,
https://www.geipan.fr/fr/cas/2017-08-50460,2017-08-50460,https://www.geipan.fr/fr/cas/2017-08-50460,DOWNLOADED,20385,d0091940fdd6d1ef8613cd805e7a2c9ce676655d01e237a07e58b64fa4177c7b,ETUPES (25) 22.08.2017 | GEIPAN Orange arrow icon Orange arrow icon Orange arrow icon Arrow,
https://www.geipan.fr/fr/cas/2017-08-50463,2017-08-50463,https://www.geipan.fr/fr/cas/2017-08-50463,DOWNLOADED,20034,dd06c4a9b39a558ca7ac1d50495f147e7456b25c846fb00a08c7171d6e11a944,VERGEZE (30) 21.08.2017 | GEIPAN Orange arrow icon Orange arrow icon Orange arrow icon Arrow,
https://www.geipan.fr/fr/cas/2017-09-09744,2017-09-09744,https://www.geipan.fr/fr/cas/2017-09-09744,DOWNLOADED,20031,bf33d5aef29d95e399a4ec5507b643449de4992e42b0e762ce63a89cb66201af,BARCARES (LE) (66) 05.09.2017 | GEIPAN Orange arrow icon Orange arrow icon Orange arrow icon Arrow,
https://www.geipan.fr/fr/cas/2017-09-50422,2017-09-50422,https://www.geipan.fr/fr/cas/2017-09-50422,DOWNLOADED,20839,d5a2ea266182d4e3090d70118e26708eec3763b7f126cdd0770dd63bd38e9344,ALBI (81) 02.09.2017 | GEIPAN Orange arrow icon Orange arrow icon Orange arrow icon Arrow,
https://www.geipan.fr/fr/cas/2017-09-50429,2017-09-50429,https://www.geipan.fr/fr/cas/2017-09-50429,DOWNLOADED,22835,32a163984f4c08c685f67be41ee814cb974e8279ef02d9da7a83c2aa6c4fab6a,LOUVIERS (27) 17.09.2017 | GEIPAN Orange arrow icon Orange arrow icon Orange arrow icon Arrow,
https://www.geipan.fr/fr/cas/2017-09-50430,2017-09-50430,https://www.geipan.fr/fr/cas/2017-09-50430,DOWNLOADED,20867,bdc73115219df8fc50b5d2b26ad978ee01bc1e796d4cbd16cbd811000882d949,SALIGNAC-EYVIGUES (24) 10.09.2017 | GEIPAN Orange arrow icon Orange arrow icon Orange arrow icon Arrow,
https://www.geipan.fr/fr/cas/2017-09-50434,2017-09-50434,https://www.geipan.fr/fr/cas/2017-09-50434,DOWNLOADED,20982,060e544541170ef541dd17e70a1f7e64ec88963231ca07b241e4cd12c05b4734,MONTREVEL (38) 10.09.2017 | GEIPAN Orange arrow icon Orange arrow icon Orange arrow icon Arrow,
https://www.geipan.fr/fr/cas/2017-09-50529,2017-09-50529,https://www.geipan.fr/fr/cas/2017-09-50529,DOWNLOADED,21007,af2f7a954e85f4d43a640b7aa3f1053dbeae3dc6d62b476b2d3b0d37cc29701c,PLOEMEUR (56) 02.09.2017 | GEIPAN Orange arrow icon Orange arrow icon Orange arrow icon Arrow,
https://www.geipan.fr/fr/cas/2017-10-09772,2017-10-09772,https://www.geipan.fr/fr/cas/2017-10-09772,DOWNLOADED,25669,5ca3060a2169497427696e617e6a8ddee53f745a2e1ac2dd8dbf779ffb0b43d4,FONTRAILLES (65) 31.10.2017 | GEIPAN Orange arrow icon Orange arrow icon Orange arrow icon Arrow,
https://www.geipan.fr/fr/cas/2017-10-09773,2017-10-09773,https://www.geipan.fr/fr/cas/2017-10-09773,DOWNLOADED,21617,9270b609bc84ddb39d9ba6ffdfed4c7d77b0b30d8c8b3e284e02901f8fe36d3d,TOUTLEMONDE (49) 31.10.2017 | GEIPAN Orange arrow icon Orange arrow icon Orange arrow icon Arrow,
https://www.geipan.fr/fr/cas/2017-10-50431,2017-10-50431,https://www.geipan.fr/fr/cas/2017-10-50431,DOWNLOADED,19684,c85fa28fb85e09a2c7e21ee7db5d37195646c40a98df8c30bd50becd2a39b54e,CHATELARD (LE) (73) 05.10.2017 | GEIPAN Orange arrow icon Orange arrow icon Orange arrow icon Arrow,
https://www.geipan.fr/fr/cas/2017-10-50439,2017-10-50439,https://www.geipan.fr/fr/cas/2017-10-50439,DOWNLOADED,20991,f59ed5f0a39ce5160cbdc605c853339616c8bf19d8d12df4ca7c8bcd63cb4cc8,CHALLES-LES-EAUX (73) 11.10.2017 T1 | GEIPAN Orange arrow icon Orange arrow icon Orange arrow icon Arrow,
https://www.geipan.fr/fr/cas/2017-10-50440,2017-10-50440,https://www.geipan.fr/fr/cas/2017-10-50440,DOWNLOADED,20735,3c771330e99aed8afccfc0dac937b393d18174a118c03c9d85dc30505ccefa31,BACCARAT (54) 14.10.2017 | GEIPAN Orange arrow icon Orange arrow icon Orange arrow icon Arrow,
https://www.geipan.fr/fr/cas/2017-10-50442,2017-10-50442,https://www.geipan.fr/fr/cas/2017-10-50442,DOWNLOADED,20179,8cb8e42506d6282c261e55c31c88bcc2843b32ad330fce20e683a2fafd22f97e,CROISMARE (54) 03.10.2017 | GEIPAN Orange arrow icon Orange arrow icon Orange arrow icon Arrow,
https://www.geipan.fr/fr/cas/2017-10-50461,2017-10-50461,https://www.geipan.fr/fr/cas/2017-10-50461,DOWNLOADED,21403,36db03ef007b6c2d94abbaee70dbc833d268bcc094e3f9df20f414069baebbc9,VERDON-SUR-MER (LE) (33) 26.10.2017 | GEIPAN Orange arrow icon Orange arrow icon Orange arrow icon Arrow,
https://www.geipan.fr/fr/cas/2017-10-50483,2017-10-50483,https://www.geipan.fr/fr/cas/2017-10-50483,DOWNLOADED,20332,655634abeac9a4ee1fcd06f9e3a59ca7bd0e8a3965f209a12c78556fef4b1145,NOGENT-SUR-MARNE (94) 12.10.2017 | GEIPAN Orange arrow icon Orange arrow icon Orange arrow icon Arrow,
https://www.geipan.fr/fr/cas/2017-10-50767,2017-10-50767,https://www.geipan.fr/fr/cas/2017-10-50767,DOWNLOADED,20994,44fee0535a9fb60873d648c5a07ffd7003ceec43b5e248e3eb1eb72a4d71959a,CHALLES-LES-EAUX (73) 11.10.2017 T2 | GEIPAN Orange arrow icon Orange arrow icon Orange arrow icon Arrow,
https://www.geipan.fr/fr/cas/2017-11-09787,2017-11-09787,https://www.geipan.fr/fr/cas/2017-11-09787,DOWNLOADED,20950,9a7c34caf15d48bddec148a88768c98ab13c84730f121e407f5fffe19a95b0a7,[CD39] de FOUCHY (67) vers URBEIS (67) 19.11.2017 T1 | GEIPAN Orange arrow icon Orange arrow icon Orange arrow icon Arrow,
https://www.geipan.fr/fr/cas/2017-11-09793,2017-11-09793,https://www.geipan.fr/fr/cas/2017-11-09793,DOWNLOADED,20584,2898bb6902f5890568d5df80b063d303808971491bc738f0e0a1bd013da08c80,MERINDOL (84) 09.11.2017 | GEIPAN Orange arrow icon Orange arrow icon Orange arrow icon Arrow,
https://www.geipan.fr/fr/cas/2017-11-50233,2017-11-50233,https://www.geipan.fr/fr/cas/2017-11-50233,DOWNLOADED,20303,f3739fd57c7dd8d2b48d9720a0330c06d63270460ae469c845b6705f3c68a9c6,SCHOELCHER (972) 12.11.2017 | GEIPAN Orange arrow icon Orange arrow icon Orange arrow icon Arrow,
https://www.geipan.fr/fr/cas/2017-11-50456,2017-11-50456,https://www.geipan.fr/fr/cas/2017-11-50456,DOWNLOADED,20209,a6fe7ff6cc1e6da91af852b8c347e2153f722734988251ad0a03304ae197dff2,HAYANGE (57) 16.11.2017 | GEIPAN Orange arrow icon Orange arrow icon Orange arrow icon Arrow,
https://www.geipan.fr/fr/cas/2017-11-50565,2017-11-50565,https://www.geipan.fr/fr/cas/2017-11-50565,DOWNLOADED,21100,87d18ae74b2ce85f5cb6adb55954c68a2ef5f700daaeca6eee2b3310b60f1994,[CD39] de FOUCHY (67) vers URBEIS (67) 19.11.2017 T2 | GEIPAN Orange arrow icon Orange arrow icon Orange arrow icon Arrow,
https://www.geipan.fr/fr/cas/2017-12-50083,2017-12-50083,https://www.geipan.fr/fr/cas/2017-12-50083,DOWNLOADED,20411,4bcb1e0f9c36e9f3da229a5403d3e8b5eefc6aad2aa27708f2b264baeb130a77,SAINT-MEDARD-EN-JALLES (33) 15.12.2017 | GEIPAN Orange arrow icon Orange arrow icon Orange arrow icon Arrow,
https://www.geipan.fr/fr/cas/2017-12-50092,2017-12-50092,https://www.geipan.fr/fr/cas/2017-12-50092,DOWNLOADED,22652,5ab7bd734bb58711b02bfb716dd903f6dd0917fd00b3541a816aca8d40437512,PONT-SAINT-ESPRIT (30) 12.12.2017 | GEIPAN Orange arrow icon Orange arrow icon Orange arrow icon Arrow,
https://www.geipan.fr/fr/cas/2017-12-50096,2017-12-50096,https://www.geipan.fr/fr/cas/2017-12-50096,DOWNLOADED,21510,2e181082d027e631d5d81490ad57a78ce589b59222ec5fc62d611fcbf8d97369,[D2] de SAINT-ANDEOL-LE-CHATEAU (69) vers GIVORS (69) 07.12.2017 | GEIPAN Orange arrow icon Orange arrow icon Orange arrow icon Arrow,
https://www.geipan.fr/fr/cas/2017-12-50224,2017-12-50224,https://www.geipan.fr/fr/cas/2017-12-50224,DOWNLOADED,21537,5ba72e434d3eb357eb633776816c06578599ea9395af6cbb800d3151235181b7,LUDE (LE) (72) 03.12.2017 | GEIPAN Orange arrow icon Orange arrow icon Orange arrow icon Arrow,
https://www.geipan.fr/fr/cas/2017-12-50478,2017-12-50478,https://www.geipan.fr/fr/cas/2017-12-50478,DOWNLOADED,19973,39e75747f752205d24577a09aa4d8abaea619094e1e42d1faad146343779d195,BLOIS (41) 28.12.2017 | GEIPAN Orange arrow icon Orange arrow icon Orange arrow icon Arrow,
https://www.geipan.fr/fr/cas/2018-01-50470,2018-01-50470,https://www.geipan.fr/fr/cas/2018-01-50470,DOWNLOADED,21151,e22d0e6b071a56bacc98220861e1a9d404b3b4c0a9b8ef252a0b1e6c006cacde,LAMONZIE-SAINT-MARTIN (24) 18.01.2018 | GEIPAN Orange arrow icon Orange arrow icon Orange arrow icon Arrow,
https://www.geipan.fr/fr/cas/2018-01-50471,2018-01-50471,https://www.geipan.fr/fr/cas/2018-01-50471,DOWNLOADED,22442,e6d09917076f9e71269badb1a584cf15f6f7b2abd0982d7951986773c169ccf2,FONTENAY-LE-FLEURY (78) 28.01.2018 | GEIPAN Orange arrow icon Orange arrow icon Orange arrow icon Arrow,
https://www.geipan.fr/fr/cas/2018-01-50479,2018-01-50479,https://www.geipan.fr/fr/cas/2018-01-50479,DOWNLOADED,20630,a8a92279caf671e8922678c26bfa012bae2f0d9770d2f85a06c51ed02161c4df,CONTAY (80) 05.01.2018 | GEIPAN Orange arrow icon Orange arrow icon Orange arrow icon Arrow,
https://www.geipan.fr/fr/cas/2018-01-50480,2018-01-50480,https://www.geipan.fr/fr/cas/2018-01-50480,DOWNLOADED,19971,4a6c62911289c07c73eb5ff0f2db4a5adcf28046bd46afe833615c8ed8094f75,MONS (34) 21.01.2018 | GEIPAN Orange arrow icon Orange arrow icon Orange arrow icon Arrow,
https://www.geipan.fr/fr/cas/2018-02-50473,2018-02-50473,https://www.geipan.fr/fr/cas/2018-02-50473,DOWNLOADED,20405,2a2cbc35644e00f5b996cf2527a45fd50a00a302b6443d4d484b90f3c71b2215,[D73] de MARLY (59) vers MARESCHES (59) 25.02.2018 | GEIPAN Orange arrow icon Orange arrow icon Orange arrow icon Arrow,
https://www.geipan.fr/fr/cas/2018-02-50486,2018-02-50486,https://www.geipan.fr/fr/cas/2018-02-50486,DOWNLOADED,20559,d2a84d5c606f2d26e4e52c80f38dc7d229c4773ed6ff0e999e0be138ad7fb2ac,STAFFELFELDEN (68) 10.02.2018 | GEIPAN Orange arrow icon Orange arrow icon Orange arrow icon Arrow,
https://www.geipan.fr/fr/cas/2018-02-50488,2018-02-50488,https://www.geipan.fr/fr/cas/2018-02-50488,DOWNLOADED,22140,23df1f94e1371de8f75cb87f1b38fe2ad9fc37a16d6dec011d8b6e4cbb8e359c,MOUREUILLE (63) 12.02.2018 | GEIPAN Orange arrow icon Orange arrow icon Orange arrow icon Arrow,
https://www.geipan.fr/fr/cas/2018-02-50500,2018-02-50500,https://www.geipan.fr/fr/cas/2018-02-50500,DOWNLOADED,22668,f3b288284ea19beee2a1e63043f9f75034cbc4c001bf1abcec60e74d3b2a978b,[A19] de BEAUNE-LA-ROLANDE (45) vers CHILLEURS-AUX-BOIS (45) 15.02.2018 | GEIPAN Orange arrow icon Orange arrow icon Orange arrow icon Arrow,
https://www.geipan.fr/fr/cas/2018-03-50493,2018-03-50493,https://www.geipan.fr/fr/cas/2018-03-50493,DOWNLOADED,20456,4707c871d4c7633b2e0920ba7acf9899c912995e82dd565b4a4ac1a9cda78b1b,TOULOUSE (31) 11.03.2018 | GEIPAN Orange arrow icon Orange arrow icon Orange arrow icon Arrow,
https://www.geipan.fr/fr/cas/2018-03-50504,2018-03-50504,https://www.geipan.fr/fr/cas/2018-03-50504,DOWNLOADED,20300,9d07c04d2b5e1cf6c0fc86f1d8d16ea30b4b7d6de27a84a4ddc9372b50eee949,LONGEVILLE-LES-METZ (57) 31.03.2018 | GEIPAN Orange arrow icon Orange arrow icon Orange arrow icon Arrow,
https://www.geipan.fr/fr/cas/2018-03-50512,2018-03-50512,https://www.geipan.fr/fr/cas/2018-03-50512,DOWNLOADED,20289,8927fec967c0422da8c8f1d6a25203c081bcde853d148524636b897d3195b0d6,MARSEILLE (13) 31.03.2018 | GEIPAN Orange arrow icon Orange arrow icon Orange arrow icon Arrow,
https://www.geipan.fr/fr/cas/2018-03-50514,2018-03-50514,https://www.geipan.fr/fr/cas/2018-03-50514,DOWNLOADED,22220,b5ecab8685a2bb41ad9c841bcfccda861893e59f76c1cbabdf464e99bb2ac31f,[MER] MINORQUE (ES.PM) 02.03.2018 | GEIPAN Orange arrow icon Orange arrow icon Orange arrow icon Arrow,
https://www.geipan.fr/fr/cas/2018-03-50517,2018-03-50517,https://www.geipan.fr/fr/cas/2018-03-50517,DOWNLOADED,21131,42b82f28dbb053ca73cdb08a9ea90a986fcb49ceaa753ec61649577fdf6edb0d,GREZILLAC (33) 30.03.2018 | GEIPAN Orange arrow icon Orange arrow icon Orange arrow icon Arrow,
https://www.geipan.fr/fr/cas/2018-04-50508,2018-04-50508,https://www.geipan.fr/fr/cas/2018-04-50508,DOWNLOADED,19936,f883cd247d7d950cbb9dd717d116e6d9a1e0f34488edcaa4565f4c6d33c6dfc1,LYON (69) 04.04.2018 | GEIPAN Orange arrow icon Orange arrow icon Orange arrow icon Arrow,
https://www.geipan.fr/fr/cas/2018-04-50518,2018-04-50518,https://www.geipan.fr/fr/cas/2018-04-50518,DOWNLOADED,22964,6559c27283ca31b81cb8988c6b4240887706dee12da33677f20755d7294c365b,TOURDUN (32) 17.04.2018 | GEIPAN Orange arrow icon Orange arrow icon Orange arrow icon Arrow,
https://www.geipan.fr/fr/cas/2018-04-50583,2018-04-50583,https://www.geipan.fr/fr/cas/2018-04-50583,DOWNLOADED,20530,d0b75afceff99bdfe43f6d7083fb9a6f767325defc6a23926a066aaa4a4e843b,BOURGES (18) 28.04.2018 | GEIPAN Orange arrow icon Orange arrow icon Orange arrow icon Arrow,
https://www.geipan.fr/fr/cas/2018-05-50525,2018-05-50525,https://www.geipan.fr/fr/cas/2018-05-50525,DOWNLOADED,21994,099dc2d9b44582327ebc34dac60dce874b530119d2336835234d22d8246d60ca,HAGUENAU (67) 09.05.2018 | GEIPAN Orange arrow icon Orange arrow icon Orange arrow icon Arrow,
https://www.geipan.fr/fr/cas/2018-05-50527,2018-05-50527,https://www.geipan.fr/fr/cas/2018-05-50527,DOWNLOADED,20654,c39205a96362d40f6ea47e1ea76059ed9b59124c208cd63c9ba85b8facc8fbe3,MIOS (33) 03.05.2018 | GEIPAN Orange arrow icon Orange arrow icon Orange arrow icon Arrow,
https://www.geipan.fr/fr/cas/2018-05-50534,2018-05-50534,https://www.geipan.fr/fr/cas/2018-05-50534,DOWNLOADED,20173,d80fb9ef276ac195a150571f3336ce4c7cf1f96ec85a28c8b6dbda130186b57e,RUPT-SUR-MOSELLE (88) 25.05.2018 | GEIPAN Orange arrow icon Orange arrow icon Orange arrow icon Arrow,
https://www.geipan.fr/fr/cas/2018-05-50542,2018-05-50542,https://www.geipan.fr/fr/cas/2018-05-50542,DOWNLOADED,21360,bee2994f994faf3db87fb97a6cfc468ccdcf4122b49e45deb5b63bb2bcdec934,VAUGNERAY (69) 22.05.2018 | GEIPAN Orange arrow icon Orange arrow icon Orange arrow icon Arrow,
https://www.geipan.fr/fr/cas/2018-05-50594,2018-05-50594,https://www.geipan.fr/fr/cas/2018-05-50594,DOWNLOADED,22645,e4ee8a812cf8d8cb17f4f7c5ded0c20358700c08ae6a95f26a0cff78de926389,DREUX (28) 31.05.2018 TI1 | GEIPAN Orange arrow icon Orange arrow icon Orange arrow icon Arrow,
https://www.geipan.fr/fr/cas/2018-05-50945,2018-05-50945,https://www.geipan.fr/fr/cas/2018-05-50945,DOWNLOADED,20313,2dc72d55ac9725324d13bded87370b5f2ea8ed35a591b9c551c1ec960a46435f,TOULON (83) 29.5.2018 | GEIPAN Orange arrow icon Orange arrow icon Orange arrow icon Arrow,
https://www.geipan.fr/fr/cas/2018-06-50550,2018-06-50550,https://www.geipan.fr/fr/cas/2018-06-50550,DOWNLOADED,21142,176e31f3a537b4a9f9c278dad5e1ac5ee95ece856d7e3f08f7a0c1f7ae8d782e,ANDERNOS-LES-BAINS (33) 23.06.2018 | GEIPAN Orange arrow icon Orange arrow icon Orange arrow icon Arrow,
https://www.geipan.fr/fr/cas/2018-06-50560,2018-06-50560,https://www.geipan.fr/fr/cas/2018-06-50560,DOWNLOADED,21082,dbcd6f89b3dbe217d1b5c381d5b866176e6b27cfc5b71a01803618d9c9a4eabc,CHAMBERY (73) 03.06.2018 | GEIPAN Orange arrow icon Orange arrow icon Orange arrow icon Arrow,
https://www.geipan.fr/fr/cas/2018-06-50562,2018-06-50562,https://www.geipan.fr/fr/cas/2018-06-50562,DOWNLOADED,22193,e52c62c1bb8c83851dadcddcba9d597e51d560901f988451f6c942ad7efc48b8,MOTTE-SERVOLEX (LA) (73) 02.06.2018 | GEIPAN Orange arrow icon Orange arrow icon Orange arrow icon Arrow,
https://www.geipan.fr/fr/cas/2018-07-50563,2018-07-50563,https://www.geipan.fr/fr/cas/2018-07-50563,DOWNLOADED,21925,c123ae41bacda4aa5861b7924840c584e8ea5b2d6892f68e8ff15a0409df7f05,CHATOU (78) 07.07.2018 | GEIPAN Orange arrow icon Orange arrow icon Orange arrow icon Arrow,
https://www.geipan.fr/fr/cas/2018-07-50569,2018-07-50569,https://www.geipan.fr/fr/cas/2018-07-50569,DOWNLOADED,19657,8c63f003f3ccb2eeb849819aa8b8b6c8b1e36380246a56725ca112ae3c7b6b47,PONT-SAINT-ESPRIT (30) 12.07.2018 | GEIPAN Orange arrow icon Orange arrow icon Orange arrow icon Arrow,
https://www.geipan.fr/fr/cas/2018-07-50575,2018-07-50575,https://www.geipan.fr/fr/cas/2018-07-50575,DOWNLOADED,21152,51daff9361831d7d274de96ede197862c7621428c56fb3e12978fc22d1d30883,ANNECY (74) 26.07.2018 | GEIPAN Orange arrow icon Orange arrow icon Orange arrow icon Arrow,
https://www.geipan.fr/fr/cas/2018-07-50586,2018-07-50586,https://www.geipan.fr/fr/cas/2018-07-50586,DOWNLOADED,21053,1675dddb05fcfc9395aace1e5c850c8d8057b3d634a79fe043ec30415e1c74fe,MENAT (63) 31.07.2018 | GEIPAN Orange arrow icon Orange arrow icon Orange arrow icon Arrow,
https://www.geipan.fr/fr/cas/2018-07-50605,2018-07-50605,https://www.geipan.fr/fr/cas/2018-07-50605,DOWNLOADED,21809,6a3db5c009d7a9fe57406bfeecb007a06af719efd3082711392be3c623f88f77,PIGNAN (34) 07.07.2018 | GEIPAN Orange arrow icon Orange arrow icon Orange arrow icon Arrow,
https://www.geipan.fr/fr/cas/2018-07-50618,2018-07-50618,https://www.geipan.fr/fr/cas/2018-07-50618,DOWNLOADED,25976,96346833ca900a63a8b22f4f1c16d5a1dbc12d4bbf8e2f7c5ca6a9511614cb4a,SAINTE-FOY-DE-PEYROLIERES (31) 08.07.2018 | GEIPAN Orange arrow icon Orange arrow icon Orange arrow icon Arrow,
https://www.geipan.fr/fr/cas/2018-08-50596,2018-08-50596,https://www.geipan.fr/fr/cas/2018-08-50596,DOWNLOADED,20488,72eb2b3effd9351b65f3b8c5d05ecfb24d447925902f5c14e270183f21cb1a98,HOUILLES (78) 23.08.2018 | GEIPAN Orange arrow icon Orange arrow icon Orange arrow icon Arrow,
https://www.geipan.fr/fr/cas/2018-08-50598,2018-08-50598,https://www.geipan.fr/fr/cas/2018-08-50598,DOWNLOADED,20364,c132fd28d83c6ce561f535154b5cbf987b66b1784024e8ac415313af58b7f949,SAINT-THURIAU (56) 13.08.2018 | GEIPAN Orange arrow icon Orange arrow icon Orange arrow icon Arrow,
https://www.geipan.fr/fr/cas/2018-08-50601,2018-08-50601,https://www.geipan.fr/fr/cas/2018-08-50601,DOWNLOADED,23633,9556a518803cbaeaa2465f243475c78be65cc6e22c9cb75321b1ab84e57e2cb1,TRIPLET DE SATELLITES — NATIONAL (FR) 11.08.2018 | GEIPAN Orange arrow icon Orange arrow icon Orange arrow icon Arrow,
https://www.geipan.fr/fr/cas/2018-08-50609,2018-08-50609,https://www.geipan.fr/fr/cas/2018-08-50609,DOWNLOADED,21616,740bb8a26576b12cd988649b43709e96cbbb78590be4bd7eebab38c313cfadf8,ENTREMONT-LE-VIEUX (73) 12.08.2018 | GEIPAN Orange arrow icon Orange arrow icon Orange arrow icon Arrow,
https://www.geipan.fr/fr/cas/2018-08-50610,2018-08-50610,https://www.geipan.fr/fr/cas/2018-08-50610,DOWNLOADED,19936,bc0a3b53603300de362ac6820b727cb73f2c3006c6918de1f9707df6e2238441,GERARDMER (88) 18.08.2018 | GEIPAN Orange arrow icon Orange arrow icon Orange arrow icon Arrow,
https://www.geipan.fr/fr/cas/2018-08-50611,2018-08-50611,https://www.geipan.fr/fr/cas/2018-08-50611,DOWNLOADED,22609,a022115e8c75c36f6f6e2859f6ab71b3a3662f22ffaf06d43a4139db2bbc3277,RUEIL-MALMAISON (92) 23.08.2018 | GEIPAN Orange arrow icon Orange arrow icon Orange arrow icon Arrow,
https://www.geipan.fr/fr/cas/2018-08-50613,2018-08-50613,https://www.geipan.fr/fr/cas/2018-08-50613,DOWNLOADED,20601,45d0ea77330fc39d1dfb2053a6b9554c70c240315961e82150b535af5cbf9d60,MOUTIERS-EN-RETZ (LES) (44) 21.08.2018 | GEIPAN Orange arrow icon Orange arrow icon Orange arrow icon Arrow,
https://www.geipan.fr/fr/cas/2018-08-50616,2018-08-50616,https://www.geipan.fr/fr/cas/2018-08-50616,DOWNLOADED,21285,5fbe10a8d3d90fd60b94d65169f61203b085b335b8ba97b92dde36539a45de10,FONTCOUVERTE (17) 28.08.2018 | GEIPAN Orange arrow icon Orange arrow icon Orange arrow icon Arrow,
https://www.geipan.fr/fr/cas/2018-08-50619,2018-08-50619,https://www.geipan.fr/fr/cas/2018-08-50619,DOWNLOADED,20736,f67af322c4441de39ba74e48fb09c0344eec14f755c2d916229c02a38049eca8,MARSEILLE (13) 07.08.2018 | GEIPAN Orange arrow icon Orange arrow icon Orange arrow icon Arrow,
https://www.geipan.fr/fr/cas/2018-08-50620,2018-08-50620,https://www.geipan.fr/fr/cas/2018-08-50620,DOWNLOADED,20499,f37e1b762529a345161b2b221797a59f1ab953c76627f6f4619ae4fa216d64a2,LIMOUX (11) 11.08.2018 | GEIPAN Orange arrow icon Orange arrow icon Orange arrow icon Arrow,
https://www.geipan.fr/fr/cas/2018-08-50641,2018-08-50641,https://www.geipan.fr/fr/cas/2018-08-50641,DOWNLOADED,20190,704d366946563b3ac76ce54d3bd56d6427f6afacaa5e2c582137e54dcae3dce4,DOMESSIN (73) 11.08.2018 | GEIPAN Orange arrow icon Orange arrow icon Orange arrow icon Arrow,
https://www.geipan.fr/fr/cas/2018-08-50680,2018-08-50680,https://www.geipan.fr/fr/cas/2018-08-50680,DOWNLOADED,23841,243f812579342a2a277853d126e6ab10c5602c9e535f8ae86d0e37978734532f,SERMUR (23) 06.08.2018 | GEIPAN Orange arrow icon Orange arrow icon Orange arrow icon Arrow,
https://www.geipan.fr/fr/cas/2018-09-50633,2018-09-50633,https://www.geipan.fr/fr/cas/2018-09-50633,DOWNLOADED,21428,2a78a45211fec801f7157912cf318acd8ca3d3937834781898e60c8e4e1da99d,SCIEZ (74) 08.09.2018 | GEIPAN Orange arrow icon Orange arrow icon Orange arrow icon Arrow,
https://www.geipan.fr/fr/cas/2018-09-50637,2018-09-50637,https://www.geipan.fr/fr/cas/2018-09-50637,DOWNLOADED,20872,b6047f1bf2c9301bbeb5c23956067074862fedd315b9c560fb1d50d3b2c06c3c,[D58] de REIGNAC-SUR-INDRE (37) vers MANTHELAN (37) 30.09.2018 | GEIPAN Orange arrow icon Orange arrow icon Orange arrow icon Arrow,
https://www.geipan.fr/fr/cas/2018-09-50712,2018-09-50712,https://www.geipan.fr/fr/cas/2018-09-50712,DOWNLOADED,20351,1fd454c1c29635d9bb3cbee96549414393572cc3cc673560c163e59c0bf3df7a,ANGICOURT (60) 20.09.2018 | GEIPAN Orange arrow icon Orange arrow icon Orange arrow icon Arrow,
https://www.geipan.fr/fr/cas/2018-10-50630,2018-10-50630,https://www.geipan.fr/fr/cas/2018-10-50630,DOWNLOADED,20672,d50f937a6400e1d1b104c9beba07647dfdc99f6bb7942d82c8745900acd9cf94,[A11] de ANCENIS (44) vers NANTES (44) 09.10.2018 | GEIPAN Orange arrow icon Orange arrow icon Orange arrow icon Arrow,
https://www.geipan.fr/fr/cas/2018-10-50631,2018-10-50631,https://www.geipan.fr/fr/cas/2018-10-50631,DOWNLOADED,21533,ad764b12db4f675c949b49c1717c3b488042f276f13bb783cc8285c6f0178e56,BOUEXIERE (LA) (35) 08.10.2018 | GEIPAN Orange arrow icon Orange arrow icon Orange arrow icon Arrow,
https://www.geipan.fr/fr/cas/2018-10-50644,2018-10-50644,https://www.geipan.fr/fr/cas/2018-10-50644,DOWNLOADED,21154,c401b82f4905202ee4056ec8304b97b533124aa772e37e559cfc8b52e8758cdc,ANNECY (74) 13.10.2018 | GEIPAN Orange arrow icon Orange arrow icon Orange arrow icon Arrow,
https://www.geipan.fr/fr/cas/2018-10-50651,2018-10-50651,https://www.geipan.fr/fr/cas/2018-10-50651,DOWNLOADED,21778,2fd3becc96632cb4ee6fc64d8ec09f4317747573c756c13584b65377db34bc6e,LAMOTTE-BEUVRON (41) 03.10.2018 | GEIPAN Orange arrow icon Orange arrow icon Orange arrow icon Arrow,
https://www.geipan.fr/fr/cas/2018-11-50692,2018-11-50692,https://www.geipan.fr/fr/cas/2018-11-50692,DOWNLOADED,19892,880f54bcbd9a867aa91e830af9c2197ee2c83f0b9104f189d708b7d11b86e748,EVREUX (27) 21.11.2018 | GEIPAN Orange arrow icon Orange arrow icon Orange arrow icon Arrow,
https://www.geipan.fr/fr/cas/2018-11-50827,2018-11-50827,https://www.geipan.fr/fr/cas/2018-11-50827,DOWNLOADED,22192,252fee090a124946963efba36b3c0fa10e8d5cc5e106a0e1bff72940f5bb7f21,TARBES (65) 06.11.2018 | GEIPAN Orange arrow icon Orange arrow icon Orange arrow icon Arrow,
https://www.geipan.fr/fr/cas/2018-12-50667,2018-12-50667,https://www.geipan.fr/fr/cas/2018-12-50667,DOWNLOADED,21107,25ddce75d4f3b9bedbf6e677496d1db24834b693963427c69e6d9f4d32f0d182,MARTIGUES (13) 02.12.2018 | GEIPAN Orange arrow icon Orange arrow icon Orange arrow icon Arrow,
https://www.geipan.fr/fr/cas/2018-12-50673,2018-12-50673,https://www.geipan.fr/fr/cas/2018-12-50673,DOWNLOADED,19856,a7e5ef3adbc90ce40521b18c3754d478f6d4656719276d2e9a3bade80d02ea29,VANNES (56) 07.12.2018 | GEIPAN Orange arrow icon Orange arrow icon Orange arrow icon Arrow,
https://www.geipan.fr/fr/cas/2018-12-50674,2018-12-50674,https://www.geipan.fr/fr/cas/2018-12-50674,DOWNLOADED,20975,7831a929cf3ac67daca4b2ed5fcf29ab78562b472dc77f1eaa67bec6c205421d,AUGEA (39) 06.12.2018 | GEIPAN Orange arrow icon Orange arrow icon Orange arrow icon Arrow,
https://www.geipan.fr/fr/cas/2018-12-50681,2018-12-50681,https://www.geipan.fr/fr/cas/2018-12-50681,DOWNLOADED,23850,2e87f9bf019aabfd37518ec8a611ee3ccda86031cc1e8060ede8f899af2bc43a,LIMONEST (69) 08.12.2018 | GEIPAN Orange arrow icon Orange arrow icon Orange arrow icon Arrow,
https://www.geipan.fr/fr/cas/2018-12-50682,2018-12-50682,https://www.geipan.fr/fr/cas/2018-12-50682,DOWNLOADED,22633,ea640434c272c86ce656434a9eeac00e2c157416e1bf078a2937255d22308069,MOULEZAN (30) 26.12.2018 | GEIPAN Orange arrow icon Orange arrow icon Orange arrow icon Arrow,
https://www.geipan.fr/fr/cas/2018-12-50686,2018-12-50686,https://www.geipan.fr/fr/cas/2018-12-50686,DOWNLOADED,22517,13d027d1c403f1b2230b75ce4261ac56df394636102ae7538f411870ef387104,FORET-FOUESNANT (LA) (29) 10.12.2018 | GEIPAN Orange arrow icon Orange arrow icon Orange arrow icon Arrow,
https://www.geipan.fr/fr/cas/2018-12-50688,2018-12-50688,https://www.geipan.fr/fr/cas/2018-12-50688,DOWNLOADED,23562,6f95d05f13a62281e9f0837a57fafc1d25f477b0b3529a15cd7558d93f998737,DAX (40) 11.12.2018 | GEIPAN Orange arrow icon Orange arrow icon Orange arrow icon Arrow,
https://www.geipan.fr/fr/cas/2018-12-50695,2018-12-50695,https://www.geipan.fr/fr/cas/2018-12-50695,DOWNLOADED,19966,6083a33967a2a91b65c4218b7b51c3e3c74f841277e7816e0e98b952a78d8f9e,PARIS (75) 28.04.2019 | GEIPAN Orange arrow icon Orange arrow icon Orange arrow icon Arrow,
https://www.geipan.fr/fr/cas/2018-12-50719,2018-12-50719,https://www.geipan.fr/fr/cas/2018-12-50719,DOWNLOADED,20420,9a0fcfb87eefebdfadcd77e8a26b57d64c905689977033d4d37dbe0ea03d8bec,VILLENEUVE-SUR-LOT (47) 21.12.2018 | GEIPAN Orange arrow icon Orange arrow icon Orange arrow icon Arrow,
https://www.geipan.fr/fr/cas/2019-01-50683,2019-01-50683,https://www.geipan.fr/fr/cas/2019-01-50683,DOWNLOADED,20414,d90445c0e70947223c5ed446422eafc2a77b4d937495d816e72401c973671e0f,TELOCHE (72) 02.01.2019 | GEIPAN Orange arrow icon Orange arrow icon Orange arrow icon Arrow,
https://www.geipan.fr/fr/cas/2019-01-50883,2019-01-50883,https://www.geipan.fr/fr/cas/2019-01-50883,DOWNLOADED,20373,358ec334a5414a119cc1d47037d31d6ea5bbf387c9904cc5ed27f90940511c6f,ABYMES (LES) (971) 17.01.2019 | GEIPAN Orange arrow icon Orange arrow icon Orange arrow icon Arrow,
https://www.geipan.fr/fr/cas/2019-02-50697,2019-02-50697,https://www.geipan.fr/fr/cas/2019-02-50697,DOWNLOADED,21102,56a81bdd48c968693b4533ab00eb097ad7cf8fa44c91d66212fca76a4e030e82,FRANOIS (25) 06.02.2019 | GEIPAN Orange arrow icon Orange arrow icon Orange arrow icon Arrow,
https://www.geipan.fr/fr/cas/2019-02-50713,2019-02-50713,https://www.geipan.fr/fr/cas/2019-02-50713,DOWNLOADED,22311,b7f1aa559f10a6c9173f29a77ae2067eada433990856ae65809a1abe3d8bb5b4,"TORPES (25), THEY-SOUS-MONTFORT (88) 15.02.2019 | GEIPAN Orange arrow icon Orange arrow icon Orange arrow icon Arrow",
https://www.geipan.fr/fr/cas/2019-02-50714,2019-02-50714,https://www.geipan.fr/fr/cas/2019-02-50714,DOWNLOADED,20092,850e1325b4178021e0de3eb90a10c3d277132dacf9eb9dc90dca2de836834a95,CHAVANGES (10) 16.02.2019 | GEIPAN Orange arrow icon Orange arrow icon Orange arrow icon Arrow,
https://www.geipan.fr/fr/cas/2019-02-50716,2019-02-50716,https://www.geipan.fr/fr/cas/2019-02-50716,DOWNLOADED,20194,f41efeee2079b120094327b95d89dabf0026935d8f4f6f903ab0fc716299978d,BERTHEGON (86) 13.02.2019 | GEIPAN Orange arrow icon Orange arrow icon Orange arrow icon Arrow,
https://www.geipan.fr/fr/cas/2019-02-50727,2019-02-50727,https://www.geipan.fr/fr/cas/2019-02-50727,DOWNLOADED,20480,fec5ee5f553a88b271ccb710522137ba3fcf5922d2033fd4fd2a22f4b39ad165,SEMUY (08) 24.02.2019 | GEIPAN Orange arrow icon Orange arrow icon Orange arrow icon Arrow,
https://www.geipan.fr/fr/cas/2019-03-50722,2019-03-50722,https://www.geipan.fr/fr/cas/2019-03-50722,DOWNLOADED,20655,3bb8aed4d2413f642d027dd60916e7de33dffb19bf6991e02f6829cf0d20aa1c,BAROCHES (LES) (54) 03.02.2019 | GEIPAN Orange arrow icon Orange arrow icon Orange arrow icon Arrow,
https://www.geipan.fr/fr/cas/2019-03-50725,2019-03-50725,https://www.geipan.fr/fr/cas/2019-03-50725,DOWNLOADED,20633,1fdb6de7c331586df19ccdd205a7ad1f96d2ac34efc4bbfd782db1df2eae6654,ROCHE-BLANCHE (LA) (63) 09.03.2019 | GEIPAN Orange arrow icon Orange arrow icon Orange arrow icon Arrow,
https://www.geipan.fr/fr/cas/2019-03-50726,2019-03-50726,https://www.geipan.fr/fr/cas/2019-03-50726,DOWNLOADED,20441,28efd903f4bc37fc7653c6931545a8ead6f201a2d95f0fd02e4499bb1e3113d0,SAINT-YRIEIX-LA-PERCHE (87) 12.03.2019 | GEIPAN Orange arrow icon Orange arrow icon Orange arrow icon Arrow,
https://www.geipan.fr/fr/cas/2019-03-50729,2019-03-50729,https://www.geipan.fr/fr/cas/2019-03-50729,DOWNLOADED,21873,afd1aa02100a0164652995eb96a26a9646af1b39608dba700a44f3d771489ae2,BAYONNE (64) 16.03.2019 | GEIPAN Orange arrow icon Orange arrow icon Orange arrow icon Arrow,
https://www.geipan.fr/fr/cas/2019-03-50763,2019-03-50763,https://www.geipan.fr/fr/cas/2019-03-50763,DOWNLOADED,23085,3b5593214240970ce40822ae205ae09b807e6dc307788dd43e9e93510438b253,[AERO EZY] DROME (26) 29.03.2019 | GEIPAN Orange arrow icon Orange arrow icon Orange arrow icon Arrow,
https://www.geipan.fr/fr/cas/2019-04-50740,2019-04-50740,https://www.geipan.fr/fr/cas/2019-04-50740,DOWNLOADED,21216,e1df290c66627a96962f7d4347ae4978adb5d6821ff6ee44b84fb99d4a6a3881,[D217] DE GRESSWILLER (67) VERS MOLLKIRCH (67) 19.04.2019 | GEIPAN Orange arrow icon Orange arrow icon Orange arrow icon Arrow,
https://www.geipan.fr/fr/cas/2019-04-50742,2019-04-50742,https://www.geipan.fr/fr/cas/2019-04-50742,DOWNLOADED,20309,472fbf812404316d1781fea0ff38bdb829032c9e62e6225e2a1aae3feeacdfc3,ARON (53) 28.03.2019 | GEIPAN Orange arrow icon Orange arrow icon Orange arrow icon Arrow,
https://www.geipan.fr/fr/cas/2019-04-50743,2019-04-50743,https://www.geipan.fr/fr/cas/2019-04-50743,DOWNLOADED,21089,83c5546da9d5150daf6054f7175c86e213f8743f0d5f899c077c4a7d1139d8a0,VELLERON (84) 21.04.2019 | GEIPAN Orange arrow icon Orange arrow icon Orange arrow icon Arrow,
https://www.geipan.fr/fr/cas/2019-04-50744,2019-04-50744,https://www.geipan.fr/fr/cas/2019-04-50744,DOWNLOADED,22689,0fafde65c370a1e06670888fe2fa5a8e844f040a2c3990934a88cc41cbd4d2de,CLEDEN-CAP-SIZUN (29) 08.04.2019 | GEIPAN Orange arrow icon Orange arrow icon Orange arrow icon Arrow,
https://www.geipan.fr/fr/cas/2019-04-50749,2019-04-50749,https://www.geipan.fr/fr/cas/2019-04-50749,DOWNLOADED,19848,5ee25bdecffe11eb8bb583271cd81b81f86e533c5ff6cae5643a624bca371d14,ROMILLY-SUR-AIGRE (28) 24.04.2019 | GEIPAN Orange arrow icon Orange arrow icon Orange arrow icon Arrow,
https://www.geipan.fr/fr/cas/2019-04-50774,2019-04-50774,https://www.geipan.fr/fr/cas/2019-04-50774,DOWNLOADED,20693,354c86ed4aad06faf612e5462e935d05b03eadae593f415b87524d81a1a24582,ECARDENVILLE-LA-CAMPAGNE (27) 18.04.2019 | GEIPAN Orange arrow icon Orange arrow icon Orange arrow icon Arrow,
https://www.geipan.fr/fr/cas/2019-05-50764,2019-05-50764,https://www.geipan.fr/fr/cas/2019-05-50764,DOWNLOADED,23616,020b68eecd7876eceb33171931af964d5ced6d0066ecd50cb3f1e2bb542a431b,SAINT-MANDRIER-SUR-MER (83) 23.05.2019 | GEIPAN Orange arrow icon Orange arrow icon Orange arrow icon Arrow,
https://www.geipan.fr/fr/cas/2019-05-50771,2019-05-50771,https://www.geipan.fr/fr/cas/2019-05-50771,DOWNLOADED,21516,2c9ec77fbaee6e81c33111eaa761f9de9717f4d5c8e882b7844b33fc18aa3368,CLUX-VILLENEUVE (71) 18.05.2019 | GEIPAN Orange arrow icon Orange arrow icon Orange arrow icon Arrow,
https://www.geipan.fr/fr/cas/2019-05-50776,2019-05-50776,https://www.geipan.fr/fr/cas/2019-05-50776,DOWNLOADED,20517,a7cd35518f612654ea3cf20cd678a57675c6fc03093ceca435ea00c594ec5ebd,ARRONNES (03) 31.05.2019 | GEIPAN Orange arrow icon Orange arrow icon Orange arrow icon Arrow,
https://www.geipan.fr/fr/cas/2019-05-50885,2019-05-50885,https://www.geipan.fr/fr/cas/2019-05-50885,DOWNLOADED,20503,6959e62b4ebcc421164812edeccf05c1ec9ef52156b99a91250e508cc565028b,ARON (53) 31.05.2019 | GEIPAN Orange arrow icon Orange arrow icon Orange arrow icon Arrow,
https://www.geipan.fr/fr/cas/2019-06-50757,2019-06-50757,https://www.geipan.fr/fr/cas/2019-06-50757,DOWNLOADED,20389,4d798a1489794eb0743a3008ba40f8e1a7318d7e0f593fa6916ee9eba8b02770,CAMPSEGRET (24) 01.06.2019 | GEIPAN Orange arrow icon Orange arrow icon Orange arrow icon Arrow,
https://www.geipan.fr/fr/cas/2019-06-50768,2019-06-50768,https://www.geipan.fr/fr/cas/2019-06-50768,DOWNLOADED,20829,b8f2c7d95aa28dc36baa7c6ed5f4cfc6f37ad28a64a663609cc4bfb9982a5a97,BERVILLE-SUR-MER (27) 16.06.2019 | GEIPAN Orange arrow icon Orange arrow icon Orange arrow icon Arrow,
https://www.geipan.fr/fr/cas/2019-06-50769,2019-06-50769,https://www.geipan.fr/fr/cas/2019-06-50769,DOWNLOADED,21008,6da71552f274a4b728ee98363f2ea3664c3353c320371e0dec0ebcf115632346,LOYETTES (01) 18.06.2019 | GEIPAN Orange arrow icon Orange arrow icon Orange arrow icon Arrow,
https://www.geipan.fr/fr/cas/2019-06-50775,2019-06-50775,https://www.geipan.fr/fr/cas/2019-06-50775,DOWNLOADED,21312,c47c260ce02393b0bb00e5fb82dd8ffd7406d7cd53936625fe31097582b1512f,MONTPELLIER (34) 29.06.2019 | GEIPAN Orange arrow icon Orange arrow icon Orange arrow icon Arrow,
https://www.geipan.fr/fr/cas/2019-06-50780,2019-06-50780,https://www.geipan.fr/fr/cas/2019-06-50780,DOWNLOADED,21266,4b3ca898d7221e01c1762232b5a04756722292d1f00ac855d2b46be4ce65426f,ROCHE-CHALAIS (LA) (24) 25.06.2019 | GEIPAN Orange arrow icon Orange arrow icon Orange arrow icon Arrow,
https://www.geipan.fr/fr/cas/2019-06-50798,2019-06-50798,https://www.geipan.fr/fr/cas/2019-06-50798,DOWNLOADED,21590,32e925afe0607f5d07d55bf443473639e57ede9fee1140264883b2930a17511e,LYON (69) 21.06.2019 | GEIPAN Orange arrow icon Orange arrow icon Orange arrow icon Arrow,
https://www.geipan.fr/fr/cas/2019-06-50848,2019-06-50848,https://www.geipan.fr/fr/cas/2019-06-50848,DOWNLOADED,21898,7370a96becbed2eaac7b1b4200ac8d8ee482a584458faf749c2cd38dd68e49c6,PIAN-MEDOC (LE) (33) 18.06.2019 | GEIPAN Orange arrow icon Orange arrow icon Orange arrow icon Arrow,
https://www.geipan.fr/fr/cas/2019-06-50913,2019-06-50913,https://www.geipan.fr/fr/cas/2019-06-50913,DOWNLOADED,20704,56ba1036b58272a3e536ea710a5875b8e2b1c5e6ac5aff77af6f1aa0a5d19530,ANGERS (49) 30.06.2019 | GEIPAN Orange arrow icon Orange arrow icon Orange arrow icon Arrow,
https://www.geipan.fr/fr/cas/2019-07-50779,2019-07-50779,https://www.geipan.fr/fr/cas/2019-07-50779,DOWNLOADED,22996,b2190671ceaea517fd759cda69894a2c5d87f2544469769952128e7494b17fb9,CHATEAUNEUF (73) 02.07.2019 | GEIPAN Orange arrow icon Orange arrow icon Orange arrow icon Arrow,
https://www.geipan.fr/fr/cas/2019-07-50783,2019-07-50783,https://www.geipan.fr/fr/cas/2019-07-50783,DOWNLOADED,22170,9f342045a2b90e6311a0ee449f7f42e698cca5c6cebb9ee7aaf567be46c8be08,CARTELEGUE (33) 07.07.2019 | GEIPAN Orange arrow icon Orange arrow icon Orange arrow icon Arrow,
https://www.geipan.fr/fr/cas/2019-07-50787,2019-07-50787,https://www.geipan.fr/fr/cas/2019-07-50787,DOWNLOADED,25919,e0f07b0386a800a606c99ed0d5f22aba7750be2d097cea894d7cc003d505ffe7,CASTRES (81) 10.07.2019 | GEIPAN Orange arrow icon Orange arrow icon Orange arrow icon Arrow,
https://www.geipan.fr/fr/cas/2019-07-50871,2019-07-50871,https://www.geipan.fr/fr/cas/2019-07-50871,DOWNLOADED,20221,c05ed3f8812c8fec84d849155413eae7d04b3f6936b4de07847a7a72e9d09edf,BILLY-MONTIGNY (62) 14.07.2019 | GEIPAN Orange arrow icon Orange arrow icon Orange arrow icon Arrow,
https://www.geipan.fr/fr/cas/2019-07-51107,2019-07-51107,https://www.geipan.fr/fr/cas/2019-07-51107,DOWNLOADED,21043,64faea755c5771123755be61bcd62b9c6bdc75db15c32262978a16681a460ca8,FORT-MARDYCK (59) 23.07.2019 | GEIPAN Orange arrow icon Orange arrow icon Orange arrow icon Arrow,
https://www.geipan.fr/fr/cas/2019-08-50801,2019-08-50801,https://www.geipan.fr/fr/cas/2019-08-50801,DOWNLOADED,20428,741f18c0b7dd163f98706fa4ad1d2b4abfe1aaa2d33fb3c928c974f1d4b289b6,LANDOUZY-LA-VILLE (02) 08.08.2019 | GEIPAN Orange arrow icon Orange arrow icon Orange arrow icon Arrow,
https://www.geipan.fr/fr/cas/2019-08-50804,2019-08-50804,https://www.geipan.fr/fr/cas/2019-08-50804,DOWNLOADED,19240,0fac512dd9c5a94b3c6d5f0e47bd7de3589dc699ac2a1af3bbff735f5a069bfb,[AERO RAM] DE ROME (IT.RM) VERS CASABLANCA (MA.08) 16.08.2019 | GEIPAN Orange arrow icon Orange arrow icon Orange arrow icon Arrow,
https://www.geipan.fr/fr/cas/2019-08-50808,2019-08-50808,https://www.geipan.fr/fr/cas/2019-08-50808,DOWNLOADED,21376,1eedb6a820f26aba8da0bed9dee3e9624f2a3c09d8569a6a3609ad08fff403d1,LURCY-LEVIS (03) 25.08.2019 | GEIPAN Orange arrow icon Orange arrow icon Orange arrow icon Arrow,
https://www.geipan.fr/fr/cas/2019-08-50810,2019-08-50810,https://www.geipan.fr/fr/cas/2019-08-50810,DOWNLOADED,19883,01465ffef30574514de0f15d0069d99b02722efb89fb61e13dcb8610292a75ee,PLAISANCE-DU-TOUCH (31) 29.08.2019 | GEIPAN Orange arrow icon Orange arrow icon Orange arrow icon Arrow,
https://www.geipan.fr/fr/cas/2019-08-50813,2019-08-50813,https://www.geipan.fr/fr/cas/2019-08-50813,DOWNLOADED,20088,3ff5e7f0de5415bf6cff4d489675c24a6f6e208ccc24a1de386779cfb0ac7743,DURBANS (46) 30.08.2019 | GEIPAN Orange arrow icon Orange arrow icon Orange arrow icon Arrow,
https://www.geipan.fr/fr/cas/2019-08-50820,2019-08-50820,https://www.geipan.fr/fr/cas/2019-08-50820,DOWNLOADED,23095,792971366400018a3b72b4b4d6107b5f0b7430c9d0fd9c1a3fc9c152726d8d00,PORT-LA-NOUVELLE (11) 16.08.2019 | GEIPAN Orange arrow icon Orange arrow icon Orange arrow icon Arrow,
https://www.geipan.fr/fr/cas/2019-08-50821,2019-08-50821,https://www.geipan.fr/fr/cas/2019-08-50821,DOWNLOADED,20225,e83701104fa96bef4e2a88c37874edcf7597a404a49557d4c7d414b5cda0ce89,LOYETTES (01) 02.08.2019 | GEIPAN Orange arrow icon Orange arrow icon Orange arrow icon Arrow,
https://www.geipan.fr/fr/cas/2019-08-50889,2019-08-50889,https://www.geipan.fr/fr/cas/2019-08-50889,DOWNLOADED,22008,a31f40a2f304cc902594adf71c56b8aae49f103d954608d4628c0983ecab44a3,PARIS (75) 25.08.2019 | GEIPAN Orange arrow icon Orange arrow icon Orange arrow icon Arrow,
https://www.geipan.fr/fr/cas/2019-09-50818,2019-09-50818,https://www.geipan.fr/fr/cas/2019-09-50818,DOWNLOADED,22425,933536eacb609fd18400344482eae8fc563afbc470c75dc5a3a1390c480dea5c,FABREGUES (34) 02.09.2019 | GEIPAN Orange arrow icon Orange arrow icon Orange arrow icon Arrow,
https://www.geipan.fr/fr/cas/2019-09-50819,2019-09-50819,https://www.geipan.fr/fr/cas/2019-09-50819,DOWNLOADED,20477,2360a5e3eadf94655b25391ba323c3bb3e3daa2ccfa9378d85099f2cb97ef199,GIGNY (89) 14.09.2019 | GEIPAN Orange arrow icon Orange arrow icon Orange arrow icon Arrow,
https://www.geipan.fr/fr/cas/2019-09-50826,2019-09-50826,https://www.geipan.fr/fr/cas/2019-09-50826,DOWNLOADED,22694,f71ad303203363c7c4c6d9769630e7cdfefcde7cf6b4436f9495487e26fdf519,AUXERRE (89) 17.09.2019 | GEIPAN Orange arrow icon Orange arrow icon Orange arrow icon Arrow,
https://www.geipan.fr/fr/cas/2019-09-50828,2019-09-50828,https://www.geipan.fr/fr/cas/2019-09-50828,DOWNLOADED,20934,b814bf1ecbd69b32007a30f04b0475ffd2be0816aa9f7eae9cb2865a23f7120d,METZ (57) 18.09.2019 | GEIPAN Orange arrow icon Orange arrow icon Orange arrow icon Arrow,
https://www.geipan.fr/fr/cas/2019-09-50831,2019-09-50831,https://www.geipan.fr/fr/cas/2019-09-50831,DOWNLOADED,22493,a1c2d9f09a73cd0050168cc1b281d3b60957f396b436e526ad169a57de5548a7,FLORENSAC (34) 30.09.2019 | GEIPAN Orange arrow icon Orange arrow icon Orange arrow icon Arrow,
https://www.geipan.fr/fr/cas/2019-10-50833,2019-10-50833,https://www.geipan.fr/fr/cas/2019-10-50833,DOWNLOADED,19388,036060b734a4291445a1e0a1abfbea672853cb3ca8eaf2fd2d3cefe636a3a735,[D902] DE LAUNAGUET (31) VERS COLOMIERS (31) 08.10.2019 | GEIPAN Orange arrow icon Orange arrow icon Orange arrow icon Arrow,
https://www.geipan.fr/fr/cas/2019-10-50844,2019-10-50844,https://www.geipan.fr/fr/cas/2019-10-50844,DOWNLOADED,23265,7de18c9f56cd6de94e099b824be3423b3b5714a49e2eca99a36541994654cadc,BARAIGNE (11) 05.10.2019 | GEIPAN Orange arrow icon Orange arrow icon Orange arrow icon Arrow,
https://www.geipan.fr/fr/cas/2019-10-50856,2019-10-50856,https://www.geipan.fr/fr/cas/2019-10-50856,DOWNLOADED,20674,64ef4931185387bbfe4184ca005e77f9283cf554091b85872c3f3005ed8b836e,EPESSES (LES) (85) 05.10.2019 | GEIPAN Orange arrow icon Orange arrow icon Orange arrow icon Arrow,
https://www.geipan.fr/fr/cas/2019-10-50869,2019-10-50869,https://www.geipan.fr/fr/cas/2019-10-50869,DOWNLOADED,20758,b02b22c49471c44ee8fff731346aa2f1ad72fae9a7a32c572d9cddd4c01cfe1f,CASE-PILOTE (972) 25.10.2019 | GEIPAN Orange arrow icon Orange arrow icon Orange arrow icon Arrow,
https://www.geipan.fr/fr/cas/2019-11-50860,2019-11-50860,https://www.geipan.fr/fr/cas/2019-11-50860,DOWNLOADED,20445,bb2843928e68d540253ac5b1fcac8f1587b21f16fc90ee8e1de50845159ec078,RENAGE (38) 15.11.2019 | GEIPAN Orange arrow icon Orange arrow icon Orange arrow icon Arrow,
https://www.geipan.fr/fr/cas/2019-11-50862,2019-11-50862,https://www.geipan.fr/fr/cas/2019-11-50862,DOWNLOADED,19722,1dfadb55e4ef6286853b9204e7acdf1bdaf7da867edc6da3e58916dbe9f8303b,MOULE (LE) (971) 21.11.2019 | GEIPAN Orange arrow icon Orange arrow icon Orange arrow icon Arrow,
https://www.geipan.fr/fr/cas/2019-11-50866,2019-11-50866,https://www.geipan.fr/fr/cas/2019-11-50866,DOWNLOADED,21117,22d50abab5e8b515c6a254cec7b11d3d173b425b5e289de5f37f1c1605c7732d,FAVARS (19) 29.11.2019 | GEIPAN Orange arrow icon Orange arrow icon Orange arrow icon Arrow,
https://www.geipan.fr/fr/cas/2019-11-50872,2019-11-50872,https://www.geipan.fr/fr/cas/2019-11-50872,DOWNLOADED,23897,01091d93814b5b76f6b8d819765d5bfdcc4faadf139e6af5291bd00ea23f0850,VILLERS-LES-LUXEUIL (70) 26.11.2019 | GEIPAN Orange arrow icon Orange arrow icon Orange arrow icon Arrow,
https://www.geipan.fr/fr/cas/2019-11-50884,2019-11-50884,https://www.geipan.fr/fr/cas/2019-11-50884,DOWNLOADED,20315,3a958a131eea9d04d0802ccc868de4b19eda504ad0d322c67491d9db025aaa29,CESTAS (33) 15.11.2019 | GEIPAN Orange arrow icon Orange arrow icon Orange arrow icon Arrow,
https://www.geipan.fr/fr/cas/2019-12-50867,2019-12-50867,https://www.geipan.fr/fr/cas/2019-12-50867,DOWNLOADED,22464,53e89a0844f7514bf17c3b2493379fea64bf68379b298680c15ef7088082c5aa,EMBRUN (05) 07.12.2019 | GEIPAN Orange arrow icon Orange arrow icon Orange arrow icon Arrow,
https://www.geipan.fr/fr/cas/2019-12-50868,2019-12-50868,https://www.geipan.fr/fr/cas/2019-12-50868,DOWNLOADED,22225,77973d293a5a02d4ac8f6c0a61981de678c284ef387af504987b3be4f2f7e99c,SOUSTONS (40) 01.12.2019 | GEIPAN Orange arrow icon Orange arrow icon Orange arrow icon Arrow,
https://www.geipan.fr/fr/cas/2019-12-50876,2019-12-50876,https://www.geipan.fr/fr/cas/2019-12-50876,DOWNLOADED,22535,1da074625063bfdffb8c103caa182fa09c2f2627a681a9d8844a168af301f1eb,SAULCE (LA) (05) 08.12.2019 | GEIPAN Orange arrow icon Orange arrow icon Orange arrow icon Arrow,
https://www.geipan.fr/fr/cas/2019-12-50877,2019-12-50877,https://www.geipan.fr/fr/cas/2019-12-50877,DOWNLOADED,20276,fbddf5969cfd1198e73443d130754cfd2c7d572627a16cce18dce90172c34914,CHAURIAT (63) 06.12.2019 | GEIPAN Orange arrow icon Orange arrow icon Orange arrow icon Arrow,
https://www.geipan.fr/fr/cas/2019-12-50878,2019-12-50878,https://www.geipan.fr/fr/cas/2019-12-50878,DOWNLOADED,20474,a96c00db7a275dd6bfed4f96a98313277af8354cc79318c0501736b77bc200b9,LYON (69) 19.12.2019 | GEIPAN Orange arrow icon Orange arrow icon Orange arrow icon Arrow,
https://www.geipan.fr/fr/cas/2019-12-50892,2019-12-50892,https://www.geipan.fr/fr/cas/2019-12-50892,DOWNLOADED,21485,daaf70a1204e553363d51e6c0993f0ed8842759d50f61b2425d93146f7c502c4,PONTARLIER (25) 02.12.2019 | GEIPAN Orange arrow icon Orange arrow icon Orange arrow icon Arrow,
https://www.geipan.fr/fr/cas/2020-01-50894,2020-01-50894,https://www.geipan.fr/fr/cas/2020-01-50894,DOWNLOADED,19524,c8a8ddc2fa609f65ee940844940ff8e3e61a75da94405de1b26c57e357e7cfd6,BELFORT (90) 21.01.2020 | GEIPAN Orange arrow icon Orange arrow icon Orange arrow icon Arrow,
https://www.geipan.fr/fr/cas/2020-01-50899,2020-01-50899,https://www.geipan.fr/fr/cas/2020-01-50899,DOWNLOADED,22366,03c0d8e41fd895453b0684e88279c96df7fb07d4fdeaad9fec4d9a9da4d994db,MADELEINE (LA) (59) 11.01.2020 | GEIPAN Orange arrow icon Orange arrow icon Orange arrow icon Arrow,
https://www.geipan.fr/fr/cas/2020-01-50908,2020-01-50908,https://www.geipan.fr/fr/cas/2020-01-50908,DOWNLOADED,24182,8cf23fc89ca9e374f33711d76524222e20104c83b57ef90faf6c4a88bfe318e6,(DPT) LOIRET (45) 09.01.2020 | GEIPAN Orange arrow icon Orange arrow icon Orange arrow icon Arrow,
https://www.geipan.fr/fr/cas/2020-01-50909,2020-01-50909,https://www.geipan.fr/fr/cas/2020-01-50909,DOWNLOADED,19951,31e981f4c1d89d970c87b4ceb0572b8760b7fdf2d64b80f0edce94fac01699df,SAUVAGES (LES) (69) 25.01.2020 | GEIPAN Orange arrow icon Orange arrow icon Orange arrow icon Arrow,
https://www.geipan.fr/fr/cas/2020-01-50998,2020-01-50998,https://www.geipan.fr/fr/cas/2020-01-50998,DOWNLOADED,26116,1afb54c7ae6ab8c3a377f8797039c11fd088f4585ef45f46bdb020f04aa8bb0a,CROZON (29) 13.01.2020 | GEIPAN Orange arrow icon Orange arrow icon Orange arrow icon Arrow,
https://www.geipan.fr/fr/cas/2020-01-51399,2020-01-51399,https://www.geipan.fr/fr/cas/2020-01-51399,DOWNLOADED,22435,d6ed2302045b6ea1c4135e1d9be5776ec991aed0c2d726733d2e26e781a80477,[D96] DE THEIZE (69) VERS LYON (69) 27.01.2020 | GEIPAN Orange arrow icon Orange arrow icon Orange arrow icon Arrow,
https://www.geipan.fr/fr/cas/2020-02-50920,2020-02-50920,https://www.geipan.fr/fr/cas/2020-02-50920,DOWNLOADED,20429,45d2fb2b02660018696d63514c11b03af6be087b568c06f8c19ec8d07b8924c8,SAINT-CHRISTOLY-MEDOC (33) 22.02.2020 | GEIPAN Orange arrow icon Orange arrow icon Orange arrow icon Arrow,
https://www.geipan.fr/fr/cas/2020-02-50924,2020-02-50924,https://www.geipan.fr/fr/cas/2020-02-50924,DOWNLOADED,21986,c0b4b202653f99461f6d744a86deb2dfc363bfdae6e34d444602d7830adff888,SAINT-MANDRIER-SUR-MER (83) 28.02.2020 | GEIPAN Orange arrow icon Orange arrow icon Orange arrow icon Arrow,
https://www.geipan.fr/fr/cas/2020-03-50928,2020-03-50928,https://www.geipan.fr/fr/cas/2020-03-50928,DOWNLOADED,21032,67513709147c4be295469e723619111661e039981ed933e77533577e94d8f0f4,SAINT-MICHEL-DE-MONTAIGNE (24) 08.03.2020 | GEIPAN Orange arrow icon Orange arrow icon Orange arrow icon Arrow,
https://www.geipan.fr/fr/cas/2020-03-50929,2020-03-50929,https://www.geipan.fr/fr/cas/2020-03-50929,DOWNLOADED,20548,2ec63defbe5d7acff7b8b3a556f48908a09d81012490f8f3e9e0c5be1543b72a,RUSTREL (84) 14.03.2020 | GEIPAN Orange arrow icon Orange arrow icon Orange arrow icon Arrow,
https://www.geipan.fr/fr/cas/2020-03-51066,2020-03-51066,https://www.geipan.fr/fr/cas/2020-03-51066,DOWNLOADED,20568,cfaac164c902182624b2b6dea516a5d329e45f40049e90fbc9e89207fd50363a,TOURNON-SAINT-PIERRE (37) 23.03.2020 | GEIPAN Orange arrow icon Orange arrow icon Orange arrow icon Arrow,
https://www.geipan.fr/fr/cas/2020-04-50946,2020-04-50946,https://www.geipan.fr/fr/cas/2020-04-50946,DOWNLOADED,20786,dd7f34cc5a46127b7a8bcf9ecb194533e028d8d1560dc04427d8846af0b1fe7f,HASNON (59) 05.04.2020 | GEIPAN Orange arrow icon Orange arrow icon Orange arrow icon Arrow,
https://www.geipan.fr/fr/cas/2020-04-50962,2020-04-50962,https://www.geipan.fr/fr/cas/2020-04-50962,DOWNLOADED,22433,f988ef8197c4fb3f5606bf49c0b0106ac9edcb172104a2bb744fdfec13407f7e,BALLON SONDE — (REG) ILE-DE-FRANCE (IDF) 23.04.2020 | GEIPAN Orange arrow icon Orange arrow icon Orange arrow icon Arrow,
https://www.geipan.fr/fr/cas/2020-04-50978,2020-04-50978,https://www.geipan.fr/fr/cas/2020-04-50978,DOWNLOADED,20273,d4f3c8f86c0f425874c6f79523590c03efe38f6849c369a366239744903d3af8,BRUAY-LA-BUISSIERE (62) 13.04.2020 | GEIPAN Orange arrow icon Orange arrow icon Orange arrow icon Arrow,
https://www.geipan.fr/fr/cas/2020-04-50980,2020-04-50980,https://www.geipan.fr/fr/cas/2020-04-50980,DOWNLOADED,19252,b07757676f77a0965483b5d15727e1a7e398ad462e588aa24e385912d31597c1,NICE (06) 17.04.2020 | GEIPAN Orange arrow icon Orange arrow icon Orange arrow icon Arrow,
https://www.geipan.fr/fr/cas/2020-05-50950,2020-05-50950,https://www.geipan.fr/fr/cas/2020-05-50950,DOWNLOADED,20757,7c1eea9cc10e81a48fa3498a2567476dd77cb1afbadf6327134b7a461bff3436,SAINT-SAVIN (33) 04.05.2020 | GEIPAN Orange arrow icon Orange arrow icon Orange arrow icon Arrow,
https://www.geipan.fr/fr/cas/2020-05-50960,2020-05-50960,https://www.geipan.fr/fr/cas/2020-05-50960,DOWNLOADED,23575,b7c1b9bd675829533532b38a5d2c073eb02ab5f325b64ac897925b441a727406,SARTROUVILLE (78) 08.05.2020 | GEIPAN Orange arrow icon Orange arrow icon Orange arrow icon Arrow,
https://www.geipan.fr/fr/cas/2020-05-50963,2020-05-50963,https://www.geipan.fr/fr/cas/2020-05-50963,DOWNLOADED,21010,589cb992b3ff60d9bb04d0abb5cb5d7c760ce2cda7fbf84f4d494880a483200a,OLONNE-SUR-MER (85) 17.05.2020 | GEIPAN Orange arrow icon Orange arrow icon Orange arrow icon Arrow,
https://www.geipan.fr/fr/cas/2020-05-50965,2020-05-50965,https://www.geipan.fr/fr/cas/2020-05-50965,DOWNLOADED,20862,3b7bc019afb808f0e52d4066cee2b75ae544348c66b92077b9fbb0293f8382dc,CHARTEVES (02) 20.05.2020 | GEIPAN Orange arrow icon Orange arrow icon Orange arrow icon Arrow,
https://www.geipan.fr/fr/cas/2020-05-50974,2020-05-50974,https://www.geipan.fr/fr/cas/2020-05-50974,DOWNLOADED,22977,e4d36588f9916ee045e24c187f26f50fa2d7d7268bd7b2511af7b27570e6ec64,SAINT-GERMAIN-EN-LAYE (78) 30.05.2020 | GEIPAN Orange arrow icon Orange arrow icon Orange arrow icon Arrow,
https://www.geipan.fr/fr/cas/2020-05-50975,2020-05-50975,https://www.geipan.fr/fr/cas/2020-05-50975,DOWNLOADED,21797,5055f786ad6fa26cb98c384f19d4e29ceae3aca6bceabd709a8993bafda9ae3c,SUNDHOFFEN (68) 19.05.2020 | GEIPAN Orange arrow icon Orange arrow icon Orange arrow icon Arrow,
https://www.geipan.fr/fr/cas/2020-06-50989,2020-06-50989,https://www.geipan.fr/fr/cas/2020-06-50989,DOWNLOADED,21163,8708038cbe1ebb2532bf1aaadac790460be2b7eed4b7056ad219cc987c98823b,MIOS (33) 13.06.2020 | GEIPAN Orange arrow icon Orange arrow icon Orange arrow icon Arrow,
https://www.geipan.fr/fr/cas/2020-06-51034,2020-06-51034,https://www.geipan.fr/fr/cas/2020-06-51034,DOWNLOADED,24570,bc673a550d4e61fd280ab41b3f4463a024eebccdbe2a727766309838907777dd,AUNAY-LES-BOIS (61) 03.06.2020 | GEIPAN Orange arrow icon Orange arrow icon Orange arrow icon Arrow,
https://www.geipan.fr/fr/cas/2020-06-51115,2020-06-51115,https://www.geipan.fr/fr/cas/2020-06-51115,DOWNLOADED,22686,68f32c79546b5901fcee217e0ac5b5399baa23a1380aab9974f75759f663d129,SOLLIES-PONT (83) 11.06.2020 | GEIPAN Orange arrow icon Orange arrow icon Orange arrow icon Arrow,
https://www.geipan.fr/fr/cas/2020-06-51129,2020-06-51129,https://www.geipan.fr/fr/cas/2020-06-51129,DOWNLOADED,22335,1a913d1ef5f33219789f0a0ae001c70fc1d07e1c8491e7aeeeb43ce1711c8a8e,GRADIGNAN (33) 20.06.2020 | GEIPAN Orange arrow icon Orange arrow icon Orange arrow icon Arrow,
https://www.geipan.fr/fr/cas/2020-07-50905,2020-07-50905,https://www.geipan.fr/fr/cas/2020-07-50905,DOWNLOADED,21164,a22e831379b5d478e35b111b969353567e1407ba32b1cd6512917425b5cb40b9,VILLENAVE-D'ORNON (33) 02.01.2020 | GEIPAN Orange arrow icon Orange arrow icon Orange arrow icon Arrow,
https://www.geipan.fr/fr/cas/2020-07-51001,2020-07-51001,https://www.geipan.fr/fr/cas/2020-07-51001,DOWNLOADED,20481,6c35864a11ae2d3af23df6e27b0e77142920eb1da2b913f67b5198d10897224e,MAISONS-ALFORT (94) 05.07.2020 | GEIPAN Orange arrow icon Orange arrow icon Orange arrow icon Arrow,
https://www.geipan.fr/fr/cas/2020-07-51016,2020-07-51016,https://www.geipan.fr/fr/cas/2020-07-51016,DOWNLOADED,19995,230ae8513cf11b898655e20b30d938918397784060f5d7c219fa94d9d6e20693,BERNAC-DEBAT (65) 19.07.2020 | GEIPAN Orange arrow icon Orange arrow icon Orange arrow icon Arrow,
https://www.geipan.fr/fr/cas/2020-07-51018,2020-07-51018,https://www.geipan.fr/fr/cas/2020-07-51018,DOWNLOADED,20521,20b97939771cf2c96eb36953b27d8dce736db8377becd4176c23e037b9dab913,MONTPELLIER (34) 18.07.2020 | GEIPAN Orange arrow icon Orange arrow icon Orange arrow icon Arrow,
https://www.geipan.fr/fr/cas/2020-07-51021,2020-07-51021,https://www.geipan.fr/fr/cas/2020-07-51021,DOWNLOADED,20585,f91bef676378c9941086527eaff60753ec0638c078760acfcb4cbff06ac1df54,KANFEN (57) 12.07.2020 | GEIPAN Orange arrow icon Orange arrow icon Orange arrow icon Arrow,
https://www.geipan.fr/fr/cas/2020-07-51031,2020-07-51031,https://www.geipan.fr/fr/cas/2020-07-51031,DOWNLOADED,21118,046da0d69f346bbc4c782792d4230fb5d26724c89ea15abdb86cf12b8011c775,SAINT-OUEN-LES-VIGNES (37) 29.07.2020 | GEIPAN Orange arrow icon Orange arrow icon Orange arrow icon Arrow,
https://www.geipan.fr/fr/cas/2020-07-51033,2020-07-51033,https://www.geipan.fr/fr/cas/2020-07-51033,DOWNLOADED,20434,34ee1de1e1bfdff07fa829ba3983961dd67a0b7653bbd98852aa57942063d08e,CHATTE (38) 14.07.2020 | GEIPAN Orange arrow icon Orange arrow icon Orange arrow icon Arrow,
https://www.geipan.fr/fr/cas/2020-07-51054,2020-07-51054,https://www.geipan.fr/fr/cas/2020-07-51054,DOWNLOADED,21580,d12d65abc22ceb76f0bdde9c6c96a121e389af41adc0d50cba4df748804f7e22,SAINT-SATUR (18) 30.07.2020 | GEIPAN Orange arrow icon Orange arrow icon Orange arrow icon Arrow,
https://www.geipan.fr/fr/cas/2020-07-51068,2020-07-51068,https://www.geipan.fr/fr/cas/2020-07-51068,DOWNLOADED,24585,56c60548e0884fadb092c0b46baeaa44b14056a2014240e178341e93536aa504,METZ (57) 20.07.2020 | GEIPAN Orange arrow icon Orange arrow icon Orange arrow icon Arrow,
https://www.geipan.fr/fr/cas/2020-07-51075,2020-07-51075,https://www.geipan.fr/fr/cas/2020-07-51075,DOWNLOADED,21265,0d8425aae34e4b92851148a835c7bac4dbee2b5b67bef49c60d1c8438e5d3099,SAINT-GERMAIN-DES-PRES (45) 19.07.2020 | GEIPAN Orange arrow icon Orange arrow icon Orange arrow icon Arrow,
https://www.geipan.fr/fr/cas/2020-07-51079,2020-07-51079,https://www.geipan.fr/fr/cas/2020-07-51079,DOWNLOADED,22643,4150e0feffb180a54c901270aa9cd6dd8b4cacd125078e5dfd12d8dad6eb7e4c,PERPIGNAN (66) 30.07.2020 | GEIPAN Orange arrow icon Orange arrow icon Orange arrow icon Arrow,
https://www.geipan.fr/fr/cas/2020-07-51116,2020-07-51116,https://www.geipan.fr/fr/cas/2020-07-51116,DOWNLOADED,20120,8da1bbfb4c2dfdb26cf3a4a5977ef086d6cd0a157e7767feca7e040637a912a4,SAINT-JEAN-DE-LIVERSAY (17) 08.07.2020 | GEIPAN Orange arrow icon Orange arrow icon Orange arrow icon Arrow,
https://www.geipan.fr/fr/cas/2020-08-51050,2020-08-51050,https://www.geipan.fr/fr/cas/2020-08-51050,DOWNLOADED,22036,39c38b66ca03033be1a5c6dd59023637ee92037162db34f9493b089454f566bc,MAS-GRENIER (82) 08.08.2020 | GEIPAN Orange arrow icon Orange arrow icon Orange arrow icon Arrow,
https://www.geipan.fr/fr/cas/2020-08-51053,2020-08-51053,https://www.geipan.fr/fr/cas/2020-08-51053,DOWNLOADED,21734,77863f4839491bfb3af287ac9823814fd9d4c8d76dc3f547eef2f1b19ed7f412,UZES (30) 08.08.2020 | GEIPAN Orange arrow icon Orange arrow icon Orange arrow icon Arrow,
https://www.geipan.fr/fr/cas/2020-08-51055,2020-08-51055,https://www.geipan.fr/fr/cas/2020-08-51055,DOWNLOADED,20761,3826176551e62bab5ebdfd82c93fa60b6946735da047e400210280d0282d8329,PANZOULT (37) 12.08.2020 | GEIPAN Orange arrow icon Orange arrow icon Orange arrow icon Arrow,
https://www.geipan.fr/fr/cas/2020-08-51060,2020-08-51060,https://www.geipan.fr/fr/cas/2020-08-51060,DOWNLOADED,20460,afc617af15f4ce5484238c9d030a11480b47fa2c95101c0edf6adad19b9a818d,LOUVIERS (27) 10.08.2020 | GEIPAN Orange arrow icon Orange arrow icon Orange arrow icon Arrow,
https://www.geipan.fr/fr/cas/2020-08-51065,2020-08-51065,https://www.geipan.fr/fr/cas/2020-08-51065,DOWNLOADED,23195,df387ddb1656ace47e956556da3cdca75baed1d561226057ac029375f9e1476c,DOLE (39) 05.08.2020 | GEIPAN Orange arrow icon Orange arrow icon Orange arrow icon Arrow,
https://www.geipan.fr/fr/cas/2020-08-51071,2020-08-51071,https://www.geipan.fr/fr/cas/2020-08-51071,DOWNLOADED,20342,9c09b8108a435bef138d89c677cf1e5d29ba03623e2c5a958471d2a3587a4d53,MALEMORT-SUR-CORREZE (19) 26.08.2020 | GEIPAN Orange arrow icon Orange arrow icon Orange arrow icon Arrow,
https://www.geipan.fr/fr/cas/2020-08-51086,2020-08-51086,https://www.geipan.fr/fr/cas/2020-08-51086,DOWNLOADED,21320,5440b87bf834f12c816de49eb3d44cce398becfaa556d0980d5b0f8294e54ba8,BOREE (07) 05.08.2020 | GEIPAN Orange arrow icon Orange arrow icon Orange arrow icon Arrow,
https://www.geipan.fr/fr/cas/2020-08-51146,2020-08-51146,https://www.geipan.fr/fr/cas/2020-08-51146,DOWNLOADED,24134,65b9f853218b4b4d898d989897b15b8856cf471d38812c21103ec0f4ee3c2a24,SAINTES-MARIES-DE-LA-MER (13) 28.08.2020 | GEIPAN Orange arrow icon Orange arrow icon Orange arrow icon Arrow,
https://www.geipan.fr/fr/cas/2020-10-51083,2020-10-51083,https://www.geipan.fr/fr/cas/2020-10-51083,DOWNLOADED,23331,eea7470bd18f6138b4161c1d3dc741d3863b20c0e9d6f0a47ae4fdd7179f86cc,CHARENTON-LE-PONT (94) 10.10.2020 | GEIPAN Orange arrow icon Orange arrow icon Orange arrow icon Arrow,
https://www.geipan.fr/fr/cas/2020-10-51106,2020-10-51106,https://www.geipan.fr/fr/cas/2020-10-51106,DOWNLOADED,20511,676d78f63f9076b6692ecd7a4035887750f00938f0f58cd7ed53be2206db160e,BONO (56) 22.10.2020 | GEIPAN Orange arrow icon Orange arrow icon Orange arrow icon Arrow,
https://www.geipan.fr/fr/cas/2020-10-51121,2020-10-51121,https://www.geipan.fr/fr/cas/2020-10-51121,DOWNLOADED,21531,ca7beaa48801c4e5b8a81118cdbeaa9a4abfa4096185152a96c8f1e7a80c0871,SAUVAGES (LES) (69) 28.10.2020 | GEIPAN Orange arrow icon Orange arrow icon Orange arrow icon Arrow,
https://www.geipan.fr/fr/cas/2020-11-51112,2020-11-51112,https://www.geipan.fr/fr/cas/2020-11-51112,DOWNLOADED,20749,bd546eecb6f1c5c4e62d24cbac560925190f719bc7d3e93c3fb4467742bbf404,RICHECOURT (55) 06.11.2020 | GEIPAN Orange arrow icon Orange arrow icon Orange arrow icon Arrow,
https://www.geipan.fr/fr/cas/2020-11-51124,2020-11-51124,https://www.geipan.fr/fr/cas/2020-11-51124,DOWNLOADED,22250,e807484970c4fde5b57602d451613b2224fb3a53f7deff798aac5a7bfdbd0f4d,SOURCIEUX-LES-MINES (69) 11.11.2020 | GEIPAN Orange arrow icon Orange arrow icon Orange arrow icon Arrow,
https://www.geipan.fr/fr/cas/2020-11-51125,2020-11-51125,https://www.geipan.fr/fr/cas/2020-11-51125,DOWNLOADED,21654,82059c83fb8a81cb59257ff9a0ea83ca0084bfcf2ad5bb2a4586a18870676468,CARLUX (24) 11.11.2020 | GEIPAN Orange arrow icon Orange arrow icon Orange arrow icon Arrow,
https://www.geipan.fr/fr/cas/2020-11-51127,2020-11-51127,https://www.geipan.fr/fr/cas/2020-11-51127,DOWNLOADED,21846,72a9b16f5a4d4098fd74138e7d0793e7a34e2b02dcdb5eda59f14a4743356ca4,HONTANX (40) 25.11.2020 | GEIPAN Orange arrow icon Orange arrow icon Orange arrow icon Arrow,
https://www.geipan.fr/fr/cas/2020-11-51130,2020-11-51130,https://www.geipan.fr/fr/cas/2020-11-51130,DOWNLOADED,20445,36128c665f84644cfc166db583dd9ddbc08342e9ff70811af29c3f855054ac30,MARSSAC-SUR-TARN (81) 25.11.2020 | GEIPAN Orange arrow icon Orange arrow icon Orange arrow icon Arrow,
https://www.geipan.fr/fr/cas/2020-11-51134,2020-11-51134,https://www.geipan.fr/fr/cas/2020-11-51134,DOWNLOADED,23045,090da89b716fdab9b1b1978542f64408092d0e76c0fcd744b0364ad26bf49c95,NANTES (44) 22.11.2020 | GEIPAN Orange arrow icon Orange arrow icon Orange arrow icon Arrow,
https://www.geipan.fr/fr/cas/2020-11-51136,2020-11-51136,https://www.geipan.fr/fr/cas/2020-11-51136,DOWNLOADED,20512,f66f31e755142f5683e7a64934376c3c2caa0e1d8852c59ddd17a5254bd8f650,CERGY (95) 26.11.2020 | GEIPAN Orange arrow icon Orange arrow icon Orange arrow icon Arrow,
https://www.geipan.fr/fr/cas/2020-11-51137,2020-11-51137,https://www.geipan.fr/fr/cas/2020-11-51137,DOWNLOADED,20340,f7621c64eb4ee3d1bb29a112e33bf0f3caef851ab833574e0780e62d5fc6fbbe,LEGE-CAP-FERRET (33) 26.11.2020 | GEIPAN Orange arrow icon Orange arrow icon Orange arrow icon Arrow,
https://www.geipan.fr/fr/cas/2020-12-51143,2020-12-51143,https://www.geipan.fr/fr/cas/2020-12-51143,DOWNLOADED,22881,f9261a3d024c54513b0bf085086d004a777646238b7e76f718d87c5e6b9f3df8,PLOUHINEC (56) 12.12.2020 | GEIPAN Orange arrow icon Orange arrow icon Orange arrow icon Arrow,
https://www.geipan.fr/fr/cas/2020-12-51152,2020-12-51152,https://www.geipan.fr/fr/cas/2020-12-51152,DOWNLOADED,20299,54c801bd6390af4cc8ec95a9584f8fd06f1a24d66e3e4e5bbec4ff8b55b89055,[AERO AF422] DE PARIS (75) VERS BOGOTA (COG.) 09.12.2020 | GEIPAN Orange arrow icon Orange arrow icon Orange arrow icon Arrow,
https://www.geipan.fr/fr/cas/2020-12-51153,2020-12-51153,https://www.geipan.fr/fr/cas/2020-12-51153,DOWNLOADED,20587,97e41337d1a23ee88d8695956d8a1177ca312e83d847f952ad09cf0f4cc3d569,BATILLY (54) 19.12.2020 | GEIPAN Orange arrow icon Orange arrow icon Orange arrow icon Arrow,
https://www.geipan.fr/fr/cas/2020-12-51163,2020-12-51163,https://www.geipan.fr/fr/cas/2020-12-51163,DOWNLOADED,20795,1dd2b78cc4d6a72ca10364420722305d4ae91b8ae4bc903461a9e64bbd70a4c6,THUIR (66) 01.01.2021 | GEIPAN Orange arrow icon Orange arrow icon Orange arrow icon Arrow,
https://www.geipan.fr/fr/cas/2020-12-51294,2020-12-51294,https://www.geipan.fr/fr/cas/2020-12-51294,DOWNLOADED,20799,29af9986e63f0e5da7ce8e38b09a28023f148112d321fecd69e0a4587f06e618,MONTMORENCY (95) 18.12.2020 | GEIPAN Orange arrow icon Orange arrow icon Orange arrow icon Arrow,
https://www.geipan.fr/fr/cas/2021-02-51171,2021-02-51171,https://www.geipan.fr/fr/cas/2021-02-51171,DOWNLOADED,20986,cd31fd321b06d60cb2eea2e7beaf71bf41c4b702ea2997fc29335272eb910f37,MOON-SUR-ELLE (50) 20.02.2021 | GEIPAN Orange arrow icon Orange arrow icon Orange arrow icon Arrow,
https://www.geipan.fr/fr/cas/2021-02-51229,2021-02-51229,https://www.geipan.fr/fr/cas/2021-02-51229,DOWNLOADED,20626,4e4291a0db7a35ca3ccf44706d1c43a77687a3a1ff0e6f4d7e37f56c80b1cce9,STRASBOURG (67) 21.02.2021 | GEIPAN Orange arrow icon Orange arrow icon Orange arrow icon Arrow,
https://www.geipan.fr/fr/cas/2021-03-51168,2021-03-51168,https://www.geipan.fr/fr/cas/2021-03-51168,DOWNLOADED,19952,aeffeb0f9b26f710426a7394a5a1837b0f6aff4e9b4f5a04771e669218c96c36,MEUNG-SUR-LOIRE (45) 25.03.2021 | GEIPAN Orange arrow icon Orange arrow icon Orange arrow icon Arrow,
https://www.geipan.fr/fr/cas/2021-03-51169,2021-03-51169,https://www.geipan.fr/fr/cas/2021-03-51169,DOWNLOADED,22294,2cb7bbc721d824fb7b15aafffdd953d908f2036bd520b360b39100472dea787c,[RN4] DE BRUGNY-VAUDANCOURT (51) VERS NANCY (54) 27.03.2021 | GEIPAN Orange arrow icon Orange arrow icon Orange arrow icon Arrow,
https://www.geipan.fr/fr/cas/2021-03-51182,2021-03-51182,https://www.geipan.fr/fr/cas/2021-03-51182,DOWNLOADED,21319,40abc1de5ed3da7d5e1b6a4a7bdafa9af1c8e67ee829e3bff66a2752aad1853b,THAON-LES-VOSGES (88) 24.03.2021 | GEIPAN Orange arrow icon Orange arrow icon Orange arrow icon Arrow,
https://www.geipan.fr/fr/cas/2021-04-51174,2021-04-51174,https://www.geipan.fr/fr/cas/2021-04-51174,DOWNLOADED,21077,cac1a000275fdac183bf83c0daf68426a1a4c5c8a64465bdae5df2f9ebe4d183,CUTTOLI-CORTICCHIATO (20) 07.04.2021 | GEIPAN Orange arrow icon Orange arrow icon Orange arrow icon Arrow,
https://www.geipan.fr/fr/cas/2021-04-51177,2021-04-51177,https://www.geipan.fr/fr/cas/2021-04-51177,DOWNLOADED,20346,64f296a6b6547210cc732e9633f59bd86fa60efada0f071f3b8d7732dbdd7625,[A20] DE GRACAY (18) VERS CHATEAUROUX (36) 25.04.2021 | GEIPAN Orange arrow icon Orange arrow icon Orange arrow icon Arrow,
https://www.geipan.fr/fr/cas/2021-05-51178,2021-05-51178,https://www.geipan.fr/fr/cas/2021-05-51178,DOWNLOADED,22448,391d00a97894f6028c08e2c69b3cf4bda4c073c6f6686baa6f7ed1cfe679b63e,FALCON 9 — NATIONAL (FR) 04.05.2021 | GEIPAN Orange arrow icon Orange arrow icon Orange arrow icon Arrow,
https://www.geipan.fr/fr/cas/2021-05-51191,2021-05-51191,https://www.geipan.fr/fr/cas/2021-05-51191,DOWNLOADED,21007,448b69bfe9f75a953b020a9769ec2ad17fa5113b10d47edfe4651a2afea80199,NOE (31) 26.05.2021 | GEIPAN Orange arrow icon Orange arrow icon Orange arrow icon Arrow,
https://www.geipan.fr/fr/cas/2021-05-51196,2021-05-51196,https://www.geipan.fr/fr/cas/2021-05-51196,DOWNLOADED,20494,7e2939dc3f0891e67db79769a78cbe55dab6ed2af624ce09b7161db04f0ef496,LAON (02) 20.05.2021 | GEIPAN Orange arrow icon Orange arrow icon Orange arrow icon Arrow,
https://www.geipan.fr/fr/cas/2021-05-51304,2021-05-51304,https://www.geipan.fr/fr/cas/2021-05-51304,DOWNLOADED,21869,ad8f7b2dd728713577f5cf160207381a1e886e5e3e0e66d83f45bd13e968c95f,MALREVERS (43) 26.05.2021 | GEIPAN Orange arrow icon Orange arrow icon Orange arrow icon Arrow,
https://www.geipan.fr/fr/cas/2021-06-51188,2021-06-51188,https://www.geipan.fr/fr/cas/2021-06-51188,DOWNLOADED,21965,da84d77b847f2221bfc79065b67ad190ab3695f7ac116ff3eac3350aabf69e70,SAINT-MEDARS-D'EYRANS (33) 14.06.2021 | GEIPAN Orange arrow icon Orange arrow icon Orange arrow icon Arrow,
https://www.geipan.fr/fr/cas/2021-06-51189,2021-06-51189,https://www.geipan.fr/fr/cas/2021-06-51189,DOWNLOADED,21461,e6942e75e40ca96e1a380b8f81c7c40cfd9f010fc09def8774e364a83bbf60c8,CREIL (60) 05.06.2021 | GEIPAN Orange arrow icon Orange arrow icon Orange arrow icon Arrow,
https://www.geipan.fr/fr/cas/2021-06-51193,2021-06-51193,https://www.geipan.fr/fr/cas/2021-06-51193,DOWNLOADED,20749,2be3810dd5b4c74f5a4e63aabeabaa6e5f3b854b8dc9ad7510286772a464c47c,CARCASSONNE (11) 13.06.2021 | GEIPAN Orange arrow icon Orange arrow icon Orange arrow icon Arrow,
https://www.geipan.fr/fr/cas/2021-06-51209,2021-06-51209,https://www.geipan.fr/fr/cas/2021-06-51209,DOWNLOADED,20301,47f5654fe42847c848d7deb10151dad79e1e0c9c677b0fc9e11dc2aba23d5ba8,PONTARLIER (25) 22.06.2021 | GEIPAN Orange arrow icon Orange arrow icon Orange arrow icon Arrow,
https://www.geipan.fr/fr/cas/2021-06-51236,2021-06-51236,https://www.geipan.fr/fr/cas/2021-06-51236,DOWNLOADED,20704,32ddd95b5680b252bfb48808fb3126e172f4fee56bd7b7d3742af2c891c19cde,GONDECOURT (59) 06.06.2021 | GEIPAN Orange arrow icon Orange arrow icon Orange arrow icon Arrow,
https://www.geipan.fr/fr/cas/2021-07-51205,2021-07-51205,https://www.geipan.fr/fr/cas/2021-07-51205,DOWNLOADED,23947,511d5016d23ee54a71c46d56ccf134e364a0a8648cbd3e5909fd48906b304155,MANOSQUE (04) 01.07.2021 | GEIPAN Orange arrow icon Orange arrow icon Orange arrow icon Arrow,
https://www.geipan.fr/fr/cas/2021-07-51207,2021-07-51207,https://www.geipan.fr/fr/cas/2021-07-51207,DOWNLOADED,21980,787bc4c4233f404d89f4ae03d6afc02b0b152ff104f3d9b4a2faca10309d6c32,AVIGNON (84) 03.07.2021 | GEIPAN Orange arrow icon Orange arrow icon Orange arrow icon Arrow,
https://www.geipan.fr/fr/cas/2021-07-51208,2021-07-51208,https://www.geipan.fr/fr/cas/2021-07-51208,DOWNLOADED,21571,c429711b66bc880edcef96d8a6a63b4319b3aa273bf51b88d29658caf7c08adc,AIGUES-MORTES (30) 07.07.2021 | GEIPAN Orange arrow icon Orange arrow icon Orange arrow icon Arrow,
https://www.geipan.fr/fr/cas/2021-07-51214,2021-07-51214,https://www.geipan.fr/fr/cas/2021-07-51214,DOWNLOADED,20223,0e215f3911a29373e16d31f8b6bfc5340e22803ab914c62149e3ea8c7de3c511,SEYNE-SUR-MER (LA) (83) 17.07.2021 | GEIPAN Orange arrow icon Orange arrow icon Orange arrow icon Arrow,
https://www.geipan.fr/fr/cas/2021-07-51215,2021-07-51215,https://www.geipan.fr/fr/cas/2021-07-51215,DOWNLOADED,20624,f8ba800cdd4e0e55e4e2f6310ff51709a1b01ac3f55fb89a2fc65e8e510c3680,VILLEFRANCHE-SUR-MER (06) 23.07.2021 | GEIPAN Orange arrow icon Orange arrow icon Orange arrow icon Arrow,
https://www.geipan.fr/fr/cas/2021-07-51218,2021-07-51218,https://www.geipan.fr/fr/cas/2021-07-51218,DOWNLOADED,20064,93f9214783ae0003effb7efaffc2f1c6baa41b5b82721a7101fd70ffb5f95182,DOLE (39) 29.07.2021 | GEIPAN Orange arrow icon Orange arrow icon Orange arrow icon Arrow,
https://www.geipan.fr/fr/cas/2021-07-51219,2021-07-51219,https://www.geipan.fr/fr/cas/2021-07-51219,DOWNLOADED,20352,9a424e4f68dc423be72207f601938a6d014d2224712cb4656f3876f819d133ea,LAMBESC (13) 22.07.2021 | GEIPAN Orange arrow icon Orange arrow icon Orange arrow icon Arrow,
https://www.geipan.fr/fr/cas/2021-07-51644,2021-07-51644,https://www.geipan.fr/fr/cas/2021-07-51644,DOWNLOADED,22519,871a91cdd15b8fe16d97677dc495f8475c0e7b40992ad3f558614952424a459b,LOURMARIN (84) 23.07.2021 | GEIPAN Orange arrow icon Orange arrow icon Orange arrow icon Arrow,
https://www.geipan.fr/fr/cas/2021-08-51221,2021-08-51221,https://www.geipan.fr/fr/cas/2021-08-51221,DOWNLOADED,22101,96aab7ec8e2b7a83d57948da33d144c56739f5f511900ff3c46904c3b9e107b7,BISCARROSSE (40) 07.08.2021 | GEIPAN Orange arrow icon Orange arrow icon Orange arrow icon Arrow,
https://www.geipan.fr/fr/cas/2021-08-51222,2021-08-51222,https://www.geipan.fr/fr/cas/2021-08-51222,DOWNLOADED,20120,75d93168096f3717824f46e6b8a91ef8b2c6bf65c1f2aacca4d77cea95c4b7f0,NAVENNE (70) 14.08.2021 | GEIPAN Orange arrow icon Orange arrow icon Orange arrow icon Arrow,
https://www.geipan.fr/fr/cas/2021-08-51227,2021-08-51227,https://www.geipan.fr/fr/cas/2021-08-51227,DOWNLOADED,21471,a7e43064da3904ef64cebe72a5fe4b231105c6df68760c81a386c2499ccd1625,MARTIGUES (13) 13.08.2021 | GEIPAN Orange arrow icon Orange arrow icon Orange arrow icon Arrow,
https://www.geipan.fr/fr/cas/2021-08-51228,2021-08-51228,https://www.geipan.fr/fr/cas/2021-08-51228,DOWNLOADED,21246,3c1a0a6b5b533f17f560148da87afc58e98042349e71ce09c94e9cafac397760,[D83] DE WINTZENHEIM (68) VERS COLMAR (68) 21.08.2021 | GEIPAN Orange arrow icon Orange arrow icon Orange arrow icon Arrow,
https://www.geipan.fr/fr/cas/2021-08-51231,2021-08-51231,https://www.geipan.fr/fr/cas/2021-08-51231,DOWNLOADED,23767,50fdfa699fc24c4a1d088ee8cc5ad27cf4755203c5329404f077ab3fee492db8,CARCASSONNE (11) 09.08.2021 | GEIPAN Orange arrow icon Orange arrow icon Orange arrow icon Arrow,
https://www.geipan.fr/fr/cas/2021-08-51234,2021-08-51234,https://www.geipan.fr/fr/cas/2021-08-51234,DOWNLOADED,21426,f4865cd00e6b1e7636e33b7fd53fb173aecabfcc814bcf5d072b4904b59fd6ab,[D137] DE SAINTE-GEMME-LA-PLAINE (85) VERS MOREILLES (85) 26.08.2021 | GEIPAN Orange arrow icon Orange arrow icon Orange arrow icon Arrow,
https://www.geipan.fr/fr/cas/2021-08-51237,2021-08-51237,https://www.geipan.fr/fr/cas/2021-08-51237,DOWNLOADED,20701,e40303ccf2f0b2e21d0e8c728aed449893a663f1508575920e78c88059d0c905,COGNAC (16) 20.08.2021 | GEIPAN Orange arrow icon Orange arrow icon Orange arrow icon Arrow,
https://www.geipan.fr/fr/cas/2021-08-51279,2021-08-51279,https://www.geipan.fr/fr/cas/2021-08-51279,DOWNLOADED,21273,68b5cb48325fb8b7117a5b50841e079895a40034941208aba700984b13aab11c,VICQ-SUR-GARTEMPE (86) 13.08.2021 | GEIPAN Orange arrow icon Orange arrow icon Orange arrow icon Arrow,
https://www.geipan.fr/fr/cas/2021-08-51461,2021-08-51461,https://www.geipan.fr/fr/cas/2021-08-51461,DOWNLOADED,20619,783e0807099b4a26a8cab55e9296e7daa2a6c69a4577e980e8c1430da1430bd9,GARDE (LA) (83) 20.08.2021 | GEIPAN Orange arrow icon Orange arrow icon Orange arrow icon Arrow,
https://www.geipan.fr/fr/cas/2021-09-51239,2021-09-51239,https://www.geipan.fr/fr/cas/2021-09-51239,DOWNLOADED,19710,1c0314a19d74b15b333ba79a0afe09693b857ad220e2fb69aac0b9cf2778269a,NANCY (54) 01.09.2021 | GEIPAN Orange arrow icon Orange arrow icon Orange arrow icon Arrow,
https://www.geipan.fr/fr/cas/2021-09-51244,2021-09-51244,https://www.geipan.fr/fr/cas/2021-09-51244,DOWNLOADED,20249,e35f463c53a3ab4cb006d441976a9dc82bc62401bb71db7a79e730e7f9204b73,SAINT-JEAN-DE-BOISEAU (44) 12.09.2021 | GEIPAN Orange arrow icon Orange arrow icon Orange arrow icon Arrow,
https://www.geipan.fr/fr/cas/2021-09-51247,2021-09-51247,https://www.geipan.fr/fr/cas/2021-09-51247,DOWNLOADED,20567,f5a0bc4431385d8589e68c6b3292fdada9ad68fc043a5b69fcd504e8ee55a0c2,SEILHAC (19) 04.09.2021 | GEIPAN Orange arrow icon Orange arrow icon Orange arrow icon Arrow,
https://www.geipan.fr/fr/cas/2021-09-51248,2021-09-51248,https://www.geipan.fr/fr/cas/2021-09-51248,DOWNLOADED,20410,1395a6fa3b69405e75525cb44fe30c7d8d0be57c1d1c87bb7aaf8f2fa3ea64c8,SAINT-PIERRE-D'AURILLAC (33) 06.09.2021 | GEIPAN Orange arrow icon Orange arrow icon Orange arrow icon Arrow,
https://www.geipan.fr/fr/cas/2021-09-51250,2021-09-51250,https://www.geipan.fr/fr/cas/2021-09-51250,DOWNLOADED,20267,cb94d6f2ebfaa012eedffa02f009c6a9cffe8bc9bb87a8685366c628b79b9efa,ORGON (13) 04.09.2021 | GEIPAN Orange arrow icon Orange arrow icon Orange arrow icon Arrow,
https://www.geipan.fr/fr/cas/2021-09-51252,2021-09-51252,https://www.geipan.fr/fr/cas/2021-09-51252,DOWNLOADED,21271,e014306ad89086058b743a0f7169271297aab4ff577a5df1318f5cbe62be7b48,NICE (06) 11.09.2021 | GEIPAN Orange arrow icon Orange arrow icon Orange arrow icon Arrow,
https://www.geipan.fr/fr/cas/2021-09-51253,2021-09-51253,https://www.geipan.fr/fr/cas/2021-09-51253,DOWNLOADED,20756,56bcedc80dff9b9e5e89f9e22a6ef478192d496a29ff90d59bb6273fecfaaa92,[D986L] DE REMOULINS (30) VERS MONTFRIN (30) 19.09.2021 | GEIPAN Orange arrow icon Orange arrow icon Orange arrow icon Arrow,
https://www.geipan.fr/fr/cas/2021-09-51254,2021-09-51254,https://www.geipan.fr/fr/cas/2021-09-51254,DOWNLOADED,19717,465ba07ca0902fa6a6de9669c34bd62260e2c1b1c47ed1405d7f7b99720f39d8,BOU (45) 17.09.2021 | GEIPAN Orange arrow icon Orange arrow icon Orange arrow icon Arrow,
https://www.geipan.fr/fr/cas/2021-09-51255,2021-09-51255,https://www.geipan.fr/fr/cas/2021-09-51255,DOWNLOADED,20764,f5afbd78ff4fc42910f0e2983318aad0065dee457c9395b96d404eb274b6844c,GROSLAY (95) 03.09.2021 | GEIPAN Orange arrow icon Orange arrow icon Orange arrow icon Arrow,
https://www.geipan.fr/fr/cas/2021-09-51256,2021-09-51256,https://www.geipan.fr/fr/cas/2021-09-51256,DOWNLOADED,19932,8b1fe527a4b8f266d8cf88755f80400fb0a1c8c987af67643e54f92dc992792e,ANTHON (38) 22.09.2021 | GEIPAN Orange arrow icon Orange arrow icon Orange arrow icon Arrow,
https://www.geipan.fr/fr/cas/2021-09-51265,2021-09-51265,https://www.geipan.fr/fr/cas/2021-09-51265,DOWNLOADED,22189,38852fee1ab9a861fa2eb3d0820dbe0ba0b4bb74fa480212b03d353244d512e2,PARADOU (13) 04.09.2021 | GEIPAN Orange arrow icon Orange arrow icon Orange arrow icon Arrow,
https://www.geipan.fr/fr/cas/2021-10-51258,2021-10-51258,https://www.geipan.fr/fr/cas/2021-10-51258,DOWNLOADED,21162,14f349a1336f44499b26e60e067766a90ef4feb63a56a5f601dabf7a7a655fbc,CAEN (14) 19.10.2021 | GEIPAN Orange arrow icon Orange arrow icon Orange arrow icon Arrow,
https://www.geipan.fr/fr/cas/2021-10-51259,2021-10-51259,https://www.geipan.fr/fr/cas/2021-10-51259,DOWNLOADED,22168,3d5ecf69996d2443c07b450f810835d8edbbf804a5c899b344649dbbe090bec0,[D6] DE CHEVILLY (45) VERS SOUGY (45) 21.10.2021 | GEIPAN Orange arrow icon Orange arrow icon Orange arrow icon Arrow,
https://www.geipan.fr/fr/cas/2021-10-51261,2021-10-51261,https://www.geipan.fr/fr/cas/2021-10-51261,DOWNLOADED,20438,ee136d0ecf1d946ee81aadd89478b3c93698a855d5a8b1f367e79b930ead1184,[D59] DE WARLUS (62) VERS DAINVILLE (62) 17.10.2021 | GEIPAN Orange arrow icon Orange arrow icon Orange arrow icon Arrow,
https://www.geipan.fr/fr/cas/2021-10-51262,2021-10-51262,https://www.geipan.fr/fr/cas/2021-10-51262,DOWNLOADED,20143,8d5c6357d0997d30aa82b06ee9d98b932c6834d59e917d3133b2f1b55c40114c,MARSEILLE (13) 16.10.2021 | GEIPAN Orange arrow icon Orange arrow icon Orange arrow icon Arrow,
https://www.geipan.fr/fr/cas/2021-10-51269,2021-10-51269,https://www.geipan.fr/fr/cas/2021-10-51269,DOWNLOADED,20044,7503d79641eb651a9c2b155055dfc328f07d874f210cd1a887782e70fa0ac0f7,SAVIGNY-LE-TEMPLE (77) 05.10.2021 | GEIPAN Orange arrow icon Orange arrow icon Orange arrow icon Arrow,
https://www.geipan.fr/fr/cas/2021-10-51270,2021-10-51270,https://www.geipan.fr/fr/cas/2021-10-51270,DOWNLOADED,20655,934d87ee077529ee82e971d40f5f5ce86b81ae1bacc688127ad08d849863de07,GARCHES (92) 14.10.2021 | GEIPAN Orange arrow icon Orange arrow icon Orange arrow icon Arrow,
https://www.geipan.fr/fr/cas/2021-10-51274,2021-10-51274,https://www.geipan.fr/fr/cas/2021-10-51274,DOWNLOADED,19174,c2415456ff7245d18a9cba273e407d4ba18c661013c8badfe85b4cf5fdabaf3f,AVIGNONET-LAURAGAIS (31) 12.10.2021 | GEIPAN Orange arrow icon Orange arrow icon Orange arrow icon Arrow,
https://www.geipan.fr/fr/cas/2021-10-51282,2021-10-51282,https://www.geipan.fr/fr/cas/2021-10-51282,DOWNLOADED,23553,eb066f92485240790e91c52c16a2eb5aaea9d00357e0b23635595426ab2f36e6,VILLAUTOU (11) 24.10.2021 | GEIPAN Orange arrow icon Orange arrow icon Orange arrow icon Arrow,
https://www.geipan.fr/fr/cas/2021-10-51289,2021-10-51289,https://www.geipan.fr/fr/cas/2021-10-51289,DOWNLOADED,20791,9693eccf8b0eafca5c82011cdfc69b7737a834989595210870f68c7a1031c2af,MERIGNAC (33) 24.10.2021 | GEIPAN Orange arrow icon Orange arrow icon Orange arrow icon Arrow,
https://www.geipan.fr/fr/cas/2021-10-51330,2021-10-51330,https://www.geipan.fr/fr/cas/2021-10-51330,DOWNLOADED,20560,6f1fb9858da89959b369328d34331434444a02870fee7980a745ccec91eb0617,VEYTAUX (SU.VD) 15.10.2021 | GEIPAN Orange arrow icon Orange arrow icon Orange arrow icon Arrow,
https://www.geipan.fr/fr/cas/2021-10-51455,2021-10-51455,https://www.geipan.fr/fr/cas/2021-10-51455,DOWNLOADED,21730,dff1da49c6e484f686a483dfcd9c4da1a2fe7b44899c96562535c9cc21f2bc7a,[D5E4] DE PORGE (LE) (33) VERS SAUMOS (33) 07.10.2021 | GEIPAN Orange arrow icon Orange arrow icon Orange arrow icon Arrow,
https://www.geipan.fr/fr/cas/2021-11-51263,2021-11-51263,https://www.geipan.fr/fr/cas/2021-11-51263,DOWNLOADED,22050,2529d75b58d77bbdf59da80e180abce860b91fb51f46e9677c86f52e7517354d,[A86] DE SCEAUX (92) VERS PARIS (75) 01.11.2021 | GEIPAN Orange arrow icon Orange arrow icon Orange arrow icon Arrow,
https://www.geipan.fr/fr/cas/2021-11-51271,2021-11-51271,https://www.geipan.fr/fr/cas/2021-11-51271,DOWNLOADED,21910,f92a1d049bdc4578c43e5d2f257ef0c8a6ce29530ee020f1bbca4cae14ab8144,VULAINES-SUR-SEINE (77) 12.11.2021 | GEIPAN Orange arrow icon Orange arrow icon Orange arrow icon Arrow,
https://www.geipan.fr/fr/cas/2021-11-51280,2021-11-51280,https://www.geipan.fr/fr/cas/2021-11-51280,DOWNLOADED,20708,fda8df42daa6b066ee088c2be5bbd7f93205cbe7d0d29882212c322a032c9c0d,VILLENEUVE-D'ASCQ (59) 26.11.2021 | GEIPAN Orange arrow icon Orange arrow icon Orange arrow icon Arrow,
https://www.geipan.fr/fr/cas/2021-11-51286,2021-11-51286,https://www.geipan.fr/fr/cas/2021-11-51286,DOWNLOADED,20438,e0f8f170b06dfa0c0b5e8bccbb082da2c23a20c17d6f1bde89b784e0c809acf7,TOULON (83) 27.11.2021 | GEIPAN Orange arrow icon Orange arrow icon Orange arrow icon Arrow,
https://www.geipan.fr/fr/cas/2021-11-51287,2021-11-51287,https://www.geipan.fr/fr/cas/2021-11-51287,DOWNLOADED,20983,60990dc8f97e4f438b7bb2918465546fd55081a043e8d22fc1b2aa421414b06b,AITON (73) 20.11.2021 | GEIPAN Orange arrow icon Orange arrow icon Orange arrow icon Arrow,
https://www.geipan.fr/fr/cas/2021-11-51288,2021-11-51288,https://www.geipan.fr/fr/cas/2021-11-51288,DOWNLOADED,20306,6bbecd9aa0ce9b4ea0d8a5ab3df02f92ed3d673d80e9d90b6ffb6122be87ed0b,CREGY-LES-MEAUX (77) 25.11.2021 | GEIPAN Orange arrow icon Orange arrow icon Orange arrow icon Arrow,
https://www.geipan.fr/fr/cas/2021-11-51291,2021-11-51291,https://www.geipan.fr/fr/cas/2021-11-51291,DOWNLOADED,21882,75c6bbfd8c0c66d54157e65315b9282805b6a13cb8f1f17e9b75d03e09a6a5fd,[D201] DE SIERENTZ (68) VERS HABSHEIM (68) 09.11.2021 | GEIPAN Orange arrow icon Orange arrow icon Orange arrow icon Arrow,
https://www.geipan.fr/fr/cas/2021-11-51325,2021-11-51325,https://www.geipan.fr/fr/cas/2021-11-51325,DOWNLOADED,21488,e373c0d521e68c26ed0c4d8fa198af6b80b411554da4633a4ea2487eea16fd09,MORLAAS (64) 29.11.2021 | GEIPAN Orange arrow icon Orange arrow icon Orange arrow icon Arrow,
https://www.geipan.fr/fr/cas/2021-12-51283,2021-12-51283,https://www.geipan.fr/fr/cas/2021-12-51283,DOWNLOADED,19710,4cce112b44dc06bca4be73e6b8b23304a65c185b307408c89824bfcc5c81ca11,[AERO-RYR2BB] BOUGUENAIS (44) 04.12.2021 | GEIPAN Orange arrow icon Orange arrow icon Orange arrow icon Arrow,
https://www.geipan.fr/fr/cas/2021-12-51284,2021-12-51284,https://www.geipan.fr/fr/cas/2021-12-51284,DOWNLOADED,22454,b831d0c214579ea00d7875d0c41e6f7690ab8e58c4a48eee79ffdeb8bd6aa26a,[A750] DE AUMELAS (34) VERS GIGNAC (34) 04.12.2021 | GEIPAN Orange arrow icon Orange arrow icon Orange arrow icon Arrow,
https://www.geipan.fr/fr/cas/2021-12-51302,2021-12-51302,https://www.geipan.fr/fr/cas/2021-12-51302,DOWNLOADED,21426,2493344ca6f82395b6abec6e7baf007342df34f65b1a174349752ecde4b532a0,MARMANDE (47) 17.12.2021 | GEIPAN Orange arrow icon Orange arrow icon Orange arrow icon Arrow,
https://www.geipan.fr/fr/cas/2022-01-51293,2022-01-51293,https://www.geipan.fr/fr/cas/2022-01-51293,DOWNLOADED,19618,86c7f5eb22782ba03c1caa6a7f16b50b9cc9287684429d2b9a2b81220a381acd,SAINTE-HELENE (33) 11.01.2022 | GEIPAN Orange arrow icon Orange arrow icon Orange arrow icon Arrow,
https://www.geipan.fr/fr/cas/2022-01-51297,2022-01-51297,https://www.geipan.fr/fr/cas/2022-01-51297,DOWNLOADED,22629,2f0a9cb645c3d2011279eae7e4ade656bfb4e8bc7857c310e4957cd9616371d6,LEZENNES (59) 01.01.2022 | GEIPAN Orange arrow icon Orange arrow icon Orange arrow icon Arrow,
https://www.geipan.fr/fr/cas/2022-01-51299,2022-01-51299,https://www.geipan.fr/fr/cas/2022-01-51299,DOWNLOADED,20135,51b7562a8f324ea3caa6c157a06fa18cf2e64c85eccee3857306f7b90847f28d,CAP-D'AIL (06) 20.01.2022 | GEIPAN Orange arrow icon Orange arrow icon Orange arrow icon Arrow,
https://www.geipan.fr/fr/cas/2022-01-51301,2022-01-51301,https://www.geipan.fr/fr/cas/2022-01-51301,DOWNLOADED,21042,494071a457c27aa94197a9536b929a35dfa66c06a0e2e1a7be52668e4c73e7d0,ANNEMASSE (74) 22.01.2022 | GEIPAN Orange arrow icon Orange arrow icon Orange arrow icon Arrow,
https://www.geipan.fr/fr/cas/2022-01-51303,2022-01-51303,https://www.geipan.fr/fr/cas/2022-01-51303,DOWNLOADED,20975,62d7be67bed31ff422d4d4cdf8bdbce92622e3a34ef4f448b0c59cf5e3ce6941,MARMANDE (47) 31.01.2022 | GEIPAN Orange arrow icon Orange arrow icon Orange arrow icon Arrow,
https://www.geipan.fr/fr/cas/2022-01-51316,2022-01-51316,https://www.geipan.fr/fr/cas/2022-01-51316,DOWNLOADED,20598,9fa61717ebdb982cc2caf6724573feaa9530aa5f9da26523453ed6c9d7326246,YUTZ (57) 09.01.2022 | GEIPAN Orange arrow icon Orange arrow icon Orange arrow icon Arrow,
https://www.geipan.fr/fr/cas/2022-01-51376,2022-01-51376,https://www.geipan.fr/fr/cas/2022-01-51376,DOWNLOADED,20269,186984494a08f7b49e81e270c2b16063b67b77fb8c690e9436d6011ab9d283e0,PONT-A-MOUSSON (54) 12.01.2022 | GEIPAN Orange arrow icon Orange arrow icon Orange arrow icon Arrow,
https://www.geipan.fr/fr/cas/2022-02-51307,2022-02-51307,https://www.geipan.fr/fr/cas/2022-02-51307,DOWNLOADED,21795,b9ab32a593ca71756a5c8eaf27c69526f39ddfefb7a4ffd6b85358352707112b,EYBENS (38) 14.02.2022 | GEIPAN Orange arrow icon Orange arrow icon Orange arrow icon Arrow,
https://www.geipan.fr/fr/cas/2022-02-51310,2022-02-51310,https://www.geipan.fr/fr/cas/2022-02-51310,DOWNLOADED,21771,607aa5fa053f0d37c5caed588d7ab3ad848e72352c522ca8ace3f7a3ee150b4b,PALAISEAU (91) 17.02.2022 | GEIPAN Orange arrow icon Orange arrow icon Orange arrow icon Arrow,
https://www.geipan.fr/fr/cas/2022-02-51311,2022-02-51311,https://www.geipan.fr/fr/cas/2022-02-51311,DOWNLOADED,21144,8045d18a3a99d4be624c784de1a5ff39b1b61975c34913b0c4e2f07b0cda7b22,[TRAIN] DE PARIS (75) VERS POITIERS (86) 15.02.2022 | GEIPAN Orange arrow icon Orange arrow icon Orange arrow icon Arrow,
https://www.geipan.fr/fr/cas/2022-02-51313,2022-02-51313,https://www.geipan.fr/fr/cas/2022-02-51313,DOWNLOADED,20508,9a7e7387996515a1087174c7719925d4b73260ca57f5cf80cd4873c9ef92cae3,MARCIAC (32) 09.02.2022 | GEIPAN Orange arrow icon Orange arrow icon Orange arrow icon Arrow,
https://www.geipan.fr/fr/cas/2022-02-51324,2022-02-51324,https://www.geipan.fr/fr/cas/2022-02-51324,DOWNLOADED,24016,210a95c1171af338c8304f39972dce445fba3466cd68e3433eebfcf6441e5c2c,MOYE (74) 28.02.2022 | GEIPAN Orange arrow icon Orange arrow icon Orange arrow icon Arrow,
https://www.geipan.fr/fr/cas/2022-02-51332,2022-02-51332,https://www.geipan.fr/fr/cas/2022-02-51332,DOWNLOADED,20252,918e770d76dc3fa21604d404bbd8befa9c58f60577e5e8ab7872443b6065c62b,SAINT-JUNIEN (87) 19.02.2022 | GEIPAN Orange arrow icon Orange arrow icon Orange arrow icon Arrow,
https://www.geipan.fr/fr/cas/2022-02-51334,2022-02-51334,https://www.geipan.fr/fr/cas/2022-02-51334,DOWNLOADED,21100,aa3230defbaed394de4720d8c8c233a6c776855241669f7436eebc35d4697774,[D16] DE MAGESCQ (40) VERS DAX (40) 22.02.2022 | GEIPAN Orange arrow icon Orange arrow icon Orange arrow icon Arrow,
https://www.geipan.fr/fr/cas/2022-03-51314,2022-03-51314,https://www.geipan.fr/fr/cas/2022-03-51314,DOWNLOADED,21045,929ca04b60a6c1d88ec244d28d6b104b8eb717ead09f5e5db1c38af4ccea1fe8,SAUSSINES (34) 03.03.2022 | GEIPAN Orange arrow icon Orange arrow icon Orange arrow icon Arrow,
https://www.geipan.fr/fr/cas/2022-03-51315,2022-03-51315,https://www.geipan.fr/fr/cas/2022-03-51315,DOWNLOADED,19997,ea2a1765921a2568af2aa378542c0305383a17dd7a2a1f4c85b72f40c4bd7bd3,SAULTAIN (59) 04.03.2022 | GEIPAN Orange arrow icon Orange arrow icon Orange arrow icon Arrow,
https://www.geipan.fr/fr/cas/2022-03-51317,2022-03-51317,https://www.geipan.fr/fr/cas/2022-03-51317,DOWNLOADED,21814,7021cdd262da265e8c984491d784ae4d2e83a6728725f93abe33b95cc77820e8,MARZAN (56) 19.03.2022 | GEIPAN Orange arrow icon Orange arrow icon Orange arrow icon Arrow,
https://www.geipan.fr/fr/cas/2022-03-51323,2022-03-51323,https://www.geipan.fr/fr/cas/2022-03-51323,DOWNLOADED,20049,6605ab1c7a9f8bfa09c315f4d216909698f6ad72e8b1ccb0b05f38bece9ab47d,THOUROTTE (60) 19.03.2022 | GEIPAN Orange arrow icon Orange arrow icon Orange arrow icon Arrow,
https://www.geipan.fr/fr/cas/2022-03-51326,2022-03-51326,https://www.geipan.fr/fr/cas/2022-03-51326,DOWNLOADED,20667,3e0839476822543a3ae3b0923ab53add688230e057b2bfad7726bb702d0c4769,[D934] DE GAN (64) VERS SEVIGNACQ-MEYRACQ (64) 02.03.2022 | GEIPAN Orange arrow icon Orange arrow icon Orange arrow icon Arrow,
https://www.geipan.fr/fr/cas/2022-03-51327,2022-03-51327,https://www.geipan.fr/fr/cas/2022-03-51327,DOWNLOADED,20305,660dadf5140cc8bb6837fb9cbe321fd0150ac1c69960b1a2a93e538155f9e93e,VIEILLE-TOULOUSE (31) 09.03.2022 | GEIPAN Orange arrow icon Orange arrow icon Orange arrow icon Arrow,
https://www.geipan.fr/fr/cas/2022-03-51328,2022-03-51328,https://www.geipan.fr/fr/cas/2022-03-51328,DOWNLOADED,19856,db5c084f8d49c676d566df5c6e3b49428f5a1eae43c5f7392919df141d00f300,SARTROUVILLE (78) 07.03.2022 | GEIPAN Orange arrow icon Orange arrow icon Orange arrow icon Arrow,
https://www.geipan.fr/fr/cas/2022-03-51333,2022-03-51333,https://www.geipan.fr/fr/cas/2022-03-51333,DOWNLOADED,21086,e12298f865c486e9e574b27d119bd8539d0a50cbc231d08f1e680e563da04e91,THIEULIN (LE) (28) 21.03.2022 | GEIPAN Orange arrow icon Orange arrow icon Orange arrow icon Arrow,
https://www.geipan.fr/fr/cas/2022-03-51335,2022-03-51335,https://www.geipan.fr/fr/cas/2022-03-51335,DOWNLOADED,19504,5e65478034062ed03e83b038fede864c9642481f4a166e43da6da1e08747d7c9,LACOUR-D'ARCENAY (21) 23.03.2022 | GEIPAN Orange arrow icon Orange arrow icon Orange arrow icon Arrow,
https://www.geipan.fr/fr/cas/2022-03-51336,2022-03-51336,https://www.geipan.fr/fr/cas/2022-03-51336,DOWNLOADED,24884,9b72e1b3f7f2ec5f6feccb6170bc6fd09919dbb151050c9da7031f919c234806,DOUAI (59) 27.03.2022 | GEIPAN Orange arrow icon Orange arrow icon Orange arrow icon Arrow,
https://www.geipan.fr/fr/cas/2022-04-51331,2022-04-51331,https://www.geipan.fr/fr/cas/2022-04-51331,DOWNLOADED,20229,c0b27e4a99c52993f0523c72a05b1b8d016cecc32514306677e7e84ef42c35d3,MONTBRISON (42) 10.04.2022 | GEIPAN Orange arrow icon Orange arrow icon Orange arrow icon Arrow,
https://www.geipan.fr/fr/cas/2022-04-51338,2022-04-51338,https://www.geipan.fr/fr/cas/2022-04-51338,DOWNLOADED,20056,a2e3eb4815181300048cb3c976a213ee25d3877c0940aba3b72f37943f028e92,LANEUVEVILLE-DEVANT-NANCY (54) 10.04.2022 | GEIPAN Orange arrow icon Orange arrow icon Orange arrow icon Arrow,
https://www.geipan.fr/fr/cas/2022-05-51339,2022-05-51339,https://www.geipan.fr/fr/cas/2022-05-51339,DOWNLOADED,19938,c65dce6b48d740efdb0f527f03c1744e116b460776872a937a86518486dca201,BALAN (01) 01.05.2022 | GEIPAN Orange arrow icon Orange arrow icon Orange arrow icon Arrow,
https://www.geipan.fr/fr/cas/2022-05-51340,2022-05-51340,https://www.geipan.fr/fr/cas/2022-05-51340,DOWNLOADED,20684,6c9acb1457ccb83dbe41eec94e93fafc3524c1f1aecab3f43f4428701e51591a,PAIMPONT (35) 31.05.2022 | GEIPAN Orange arrow icon Orange arrow icon Orange arrow icon Arrow,
https://www.geipan.fr/fr/cas/2022-05-51341,2022-05-51341,https://www.geipan.fr/fr/cas/2022-05-51341,DOWNLOADED,19455,950106ee17afed88bd239a9490bc738ca98e45f5f72d67d44e0a699fd4839559,VERNAJOUL (09) 11.05.2022 | GEIPAN Orange arrow icon Orange arrow icon Orange arrow icon Arrow,
https://www.geipan.fr/fr/cas/2022-05-51343,2022-05-51343,https://www.geipan.fr/fr/cas/2022-05-51343,DOWNLOADED,21862,bbb452436634bab06e568d2a23130852f6f5ff24396b01b39fc626ab089628a5,ROQUEFORT-SUR-GARONNE (31) 27.05.2022 | GEIPAN Orange arrow icon Orange arrow icon Orange arrow icon Arrow,
https://www.geipan.fr/fr/cas/2022-05-51344,2022-05-51344,https://www.geipan.fr/fr/cas/2022-05-51344,DOWNLOADED,20330,a1ff4e52acd24126427b701d16132e3757db9edfc500d86b678c484cd83251f7,VIEILLEY (25) 19.05.2022 | GEIPAN Orange arrow icon Orange arrow icon Orange arrow icon Arrow,
https://www.geipan.fr/fr/cas/2022-05-51347,2022-05-51347,https://www.geipan.fr/fr/cas/2022-05-51347,DOWNLOADED,20825,ab4e239523a11fc446b33d10908ef79ba97752a940e73bf2c12f8b7a7de54ad1,ARBUS (64) 16.05.2022 | GEIPAN Orange arrow icon Orange arrow icon Orange arrow icon Arrow,
https://www.geipan.fr/fr/cas/2022-05-51350,2022-05-51350,https://www.geipan.fr/fr/cas/2022-05-51350,DOWNLOADED,25215,fde5584077274297fa6b17124d990c7da91f375e4729637241948bf51bb405d0,MONTLUEL (01) 14.05.2022 | GEIPAN Orange arrow icon Orange arrow icon Orange arrow icon Arrow,
https://www.geipan.fr/fr/cas/2022-05-51353,2022-05-51353,https://www.geipan.fr/fr/cas/2022-05-51353,DOWNLOADED,22023,8537f9d182b3692357b34fae467ea12df77b72c6c35e0767c47d263ce92cdef7,[D34] DE OYE (71) VERS VARENNE-L'ARCONCE (71) 08.05.2022 | GEIPAN Orange arrow icon Orange arrow icon Orange arrow icon Arrow,
https://www.geipan.fr/fr/cas/2022-05-51392,2022-05-51392,https://www.geipan.fr/fr/cas/2022-05-51392,DOWNLOADED,21429,e3ffc5151e947e816cadceb8ab8dced2f27873481aa300cecfeb375eb36a9466,SAINT-CLAIR-DU-RHONE (38) 14.05.2022 | GEIPAN Orange arrow icon Orange arrow icon Orange arrow icon Arrow,
https://www.geipan.fr/fr/cas/2022-06-51366,2022-06-51366,https://www.geipan.fr/fr/cas/2022-06-51366,DOWNLOADED,20049,8e432347324b7ebb42834f4d000634ddc5cc644fea1ad65cee671e29f990f446,BAILLEUL (59) 15.06.2022 | GEIPAN Orange arrow icon Orange arrow icon Orange arrow icon Arrow,
https://www.geipan.fr/fr/cas/2022-06-51405,2022-06-51405,https://www.geipan.fr/fr/cas/2022-06-51405,DOWNLOADED,21088,d4436b0fc64f6446ac00899456d91a8ab00edd79367a06a77a5a7cdd4653f02f,CHANTELOUP-EN-BRIE (77) 12.06.2022 | GEIPAN Orange arrow icon Orange arrow icon Orange arrow icon Arrow,
https://www.geipan.fr/fr/cas/2022-07-51360,2022-07-51360,https://www.geipan.fr/fr/cas/2022-07-51360,DOWNLOADED,20644,d863d38c31c46d8f4ad07cf8d61f283e37c65f0a1f2dfeb5da9ee875e30b144c,BEZENET (03) 05.07.2022 | GEIPAN Orange arrow icon Orange arrow icon Orange arrow icon Arrow,
https://www.geipan.fr/fr/cas/2022-07-51365,2022-07-51365,https://www.geipan.fr/fr/cas/2022-07-51365,DOWNLOADED,20352,ef593c72cb0445769fa00ba9ddd4637bd3c1cb2c2938b89294e8f1941e478f57,WALSCHEID (57) 16.07.2022 | GEIPAN Orange arrow icon Orange arrow icon Orange arrow icon Arrow,
https://www.geipan.fr/fr/cas/2022-07-51367,2022-07-51367,https://www.geipan.fr/fr/cas/2022-07-51367,DOWNLOADED,21621,6adbdbd3016b260d26b18625b677decb685bc324a649237fbb3633126e717e26,AVRIEUX (73) 14.07.2022 | GEIPAN Orange arrow icon Orange arrow icon Orange arrow icon Arrow,
https://www.geipan.fr/fr/cas/2022-07-51369,2022-07-51369,https://www.geipan.fr/fr/cas/2022-07-51369,DOWNLOADED,20156,84584d9eb966d9d8aaf0e71fdceea9b9d701ad4d746571e3d0bc8fec0821fd6d,COLPO (56) 19.07.2022 | GEIPAN Orange arrow icon Orange arrow icon Orange arrow icon Arrow,
https://www.geipan.fr/fr/cas/2022-07-51370,2022-07-51370,https://www.geipan.fr/fr/cas/2022-07-51370,DOWNLOADED,21080,c40387b8c9b909ed25059cef359c567e160b266a577973f4a02e33fae9ac5850,CHATILLON (92) 17.07.2022 | GEIPAN Orange arrow icon Orange arrow icon Orange arrow icon Arrow,
https://www.geipan.fr/fr/cas/2022-07-51373,2022-07-51373,https://www.geipan.fr/fr/cas/2022-07-51373,DOWNLOADED,19662,b4a098a4e755c16caf0aa99237605f46b9c40ac6611e81d5cb0ac93f4b20eba8,CORNEBARRIEU (31) 22.07.2022 | GEIPAN Orange arrow icon Orange arrow icon Orange arrow icon Arrow,
https://www.geipan.fr/fr/cas/2022-07-51375,2022-07-51375,https://www.geipan.fr/fr/cas/2022-07-51375,DOWNLOADED,21095,236819cd7b22d4abf3a14c5f23a2cc5da4dbff8dd82e7491d0be34a3456b83f5,FRAMBOUHANS (25) 17.07.2022 | GEIPAN Orange arrow icon Orange arrow icon Orange arrow icon Arrow,
https://www.geipan.fr/fr/cas/2022-07-51378,2022-07-51378,https://www.geipan.fr/fr/cas/2022-07-51378,DOWNLOADED,21512,1410084fd00b08c912dd1a97bdadb8f26123781fdd37908c228eb0ca86a3fb41,SENAS (13) 28.07.2022 | GEIPAN Orange arrow icon Orange arrow icon Orange arrow icon Arrow,
https://www.geipan.fr/fr/cas/2022-07-51451,2022-07-51451,https://www.geipan.fr/fr/cas/2022-07-51451,DOWNLOADED,20988,7a5bdbcee002f30c67b581c414608144d6d4b78ed442900830aab84b7130c104,MONTAGNE (LA) (44) 14.07.2022 | GEIPAN Orange arrow icon Orange arrow icon Orange arrow icon Arrow,
https://www.geipan.fr/fr/cas/2022-08-51379,2022-08-51379,https://www.geipan.fr/fr/cas/2022-08-51379,DOWNLOADED,21390,a27d691e9162829be46cd721fa5241287b1714e5a138192dfbbc474d02831b2f,WOLFGANTZEN (68) 12.08.2022 | GEIPAN Orange arrow icon Orange arrow icon Orange arrow icon Arrow,
https://www.geipan.fr/fr/cas/2022-08-51380,2022-08-51380,https://www.geipan.fr/fr/cas/2022-08-51380,DOWNLOADED,21599,c33b8ee261b9d2f80027d2ad9acf1c63a4f8bba3eb40e764c2de40392edeaa54,SAINTE-MAURE-DE-TOURAINE (37) 08.08.2022 | GEIPAN Orange arrow icon Orange arrow icon Orange arrow icon Arrow,
https://www.geipan.fr/fr/cas/2022-08-51381,2022-08-51381,https://www.geipan.fr/fr/cas/2022-08-51381,DOWNLOADED,19851,d85d2f509e45507f762927f414d8fc450445d87708ce693a652a77683a6d5792,POUILLON (40) 14.08.2022 | GEIPAN Orange arrow icon Orange arrow icon Orange arrow icon Arrow,
https://www.geipan.fr/fr/cas/2022-08-51383,2022-08-51383,https://www.geipan.fr/fr/cas/2022-08-51383,DOWNLOADED,20035,e9bdb41f26eddaea5354f46dd6dd39294ad19882aabaa633cbebbab2eac396b6,VILLEURBANNE (69) 16.08.2022 | GEIPAN Orange arrow icon Orange arrow icon Orange arrow icon Arrow,
https://www.geipan.fr/fr/cas/2022-08-51386,2022-08-51386,https://www.geipan.fr/fr/cas/2022-08-51386,DOWNLOADED,19184,a286c4e1e4788118875be25725306e53474ec491240f46487f02967c7e4ea67c,SAINT-TRIVIER-SUR-MOIGNANS (01) 20.08.2022 | GEIPAN Orange arrow icon Orange arrow icon Orange arrow icon Arrow,
https://www.geipan.fr/fr/cas/2022-08-51388,2022-08-51388,https://www.geipan.fr/fr/cas/2022-08-51388,DOWNLOADED,21704,35f12e220fae6955d22a5e2eb2004c31425364d09d949daba44c1cf1285276f1,SOLOMIAC (32) 16.08.2022 | GEIPAN Orange arrow icon Orange arrow icon Orange arrow icon Arrow,
https://www.geipan.fr/fr/cas/2022-08-51396,2022-08-51396,https://www.geipan.fr/fr/cas/2022-08-51396,DOWNLOADED,19727,80db35a7b7e43d3b634966f5b704f991fdb65ec70ea232f2fcb93a56ab2ffdb6,BAGNERES-DE-BIGORRE (65) 23.09.2022 | GEIPAN Orange arrow icon Orange arrow icon Orange arrow icon Arrow,
https://www.geipan.fr/fr/cas/2022-08-51411,2022-08-51411,https://www.geipan.fr/fr/cas/2022-08-51411,DOWNLOADED,20089,584188fe568b70109386bd388a9dcd5c67122851ab3b006c7c45102c42f3ef10,CARRY-LE-ROUET (13) 21.08.2022 | GEIPAN Orange arrow icon Orange arrow icon Orange arrow icon Arrow,
https://www.geipan.fr/fr/cas/2022-08-51419,2022-08-51419,https://www.geipan.fr/fr/cas/2022-08-51419,DOWNLOADED,21550,3c8a7c18a2fe62d39029711c0325224789ec0e86d6226afadd17e45df3aa6b0d,PIERREFORT (15) 21.08.2022 | GEIPAN Orange arrow icon Orange arrow icon Orange arrow icon Arrow,
https://www.geipan.fr/fr/cas/2022-09-51391,2022-09-51391,https://www.geipan.fr/fr/cas/2022-09-51391,DOWNLOADED,21438,a3ba0a8ed956783a7ae35c2b3824729e9e05334c474a8bd75109a67a80b11162,MONTEGUT (32) 05.09.2022 | GEIPAN Orange arrow icon Orange arrow icon Orange arrow icon Arrow,
https://www.geipan.fr/fr/cas/2022-09-51393,2022-09-51393,https://www.geipan.fr/fr/cas/2022-09-51393,DOWNLOADED,20471,5b199b6ce120880df2904725a83e0404d354d5ae28ce3d6c9d84313b201557ee,FRONTIGNAN (34) 02.09.2022 | GEIPAN Orange arrow icon Orange arrow icon Orange arrow icon Arrow,
https://www.geipan.fr/fr/cas/2022-09-51395,2022-09-51395,https://www.geipan.fr/fr/cas/2022-09-51395,DOWNLOADED,22284,1b62b8b105e5e8f0f13ad659ed16a79e6c458c1d74a2b6011a62a814889b0387,RUFFEC (16) 13.09.2022 | GEIPAN Orange arrow icon Orange arrow icon Orange arrow icon Arrow,
https://www.geipan.fr/fr/cas/2022-09-51495,2022-09-51495,https://www.geipan.fr/fr/cas/2022-09-51495,DOWNLOADED,20529,34387c0cfd0f2c82caad7adb805f4149e194fd1d37845f5ab72e566f49b0faea,HENDAYE (64) 10.09.2022 | GEIPAN Orange arrow icon Orange arrow icon Orange arrow icon Arrow,
https://www.geipan.fr/fr/cas/2022-10-51389,2022-10-51389,https://www.geipan.fr/fr/cas/2022-10-51389,DOWNLOADED,22243,5412a409f76722a98eab6c5403f865a2281d14bd0149f7e710e0a86de6751374,VIVIERS-LES-OFFROICOURT (88) 19.10.2022 | GEIPAN Orange arrow icon Orange arrow icon Orange arrow icon Arrow,
https://www.geipan.fr/fr/cas/2022-10-51398,2022-10-51398,https://www.geipan.fr/fr/cas/2022-10-51398,DOWNLOADED,22118,fe6a40355ddd8a385fd09e389d62b9889a281424bddf20e5cb0dc5085588437e,METHAMIS (84) 01.10.2022 | GEIPAN Orange arrow icon Orange arrow icon Orange arrow icon Arrow,
https://www.geipan.fr/fr/cas/2022-10-51426,2022-10-51426,https://www.geipan.fr/fr/cas/2022-10-51426,DOWNLOADED,20846,ed393c6aced729820024493158250c26ac8bbe4dc60478e29f40f2d4053a79df,PARTHENAY (79) 20.10.2022 | GEIPAN Orange arrow icon Orange arrow icon Orange arrow icon Arrow,
https://www.geipan.fr/fr/cas/2022-11-51400,2022-11-51400,https://www.geipan.fr/fr/cas/2022-11-51400,DOWNLOADED,20639,4e4c87a1972a0caafc17f03596b96c255028ba7499c7427c2ff44464546828f1,PETITES-LOGES (LES) (51) 08.11.2022 | GEIPAN Orange arrow icon Orange arrow icon Orange arrow icon Arrow,
https://www.geipan.fr/fr/cas/2022-11-51403,2022-11-51403,https://www.geipan.fr/fr/cas/2022-11-51403,DOWNLOADED,21051,5a1b150a20b4d6f764d9d91aadffbaeda6f62a432724b93760da26a0695826b5,BRUGUIERES (31) 12.11.2022 | GEIPAN Orange arrow icon Orange arrow icon Orange arrow icon Arrow,
https://www.geipan.fr/fr/cas/2022-11-51409,2022-11-51409,https://www.geipan.fr/fr/cas/2022-11-51409,DOWNLOADED,21379,d25645b1d0defcc6e3a19dfcd57212000547865a4f51298695ab7fe1e348c912,CLAMART (92) 05.11.2022 | GEIPAN Orange arrow icon Orange arrow icon Orange arrow icon Arrow,
https://www.geipan.fr/fr/cas/2022-11-51410,2022-11-51410,https://www.geipan.fr/fr/cas/2022-11-51410,DOWNLOADED,20531,9479956776a2410bff4ee71d2b43c845faa44b279b46a9bf45517ed78107d4ef,ORPHIN (78) 15.11.2022 | GEIPAN Orange arrow icon Orange arrow icon Orange arrow icon Arrow,
https://www.geipan.fr/fr/cas/2022-11-51618,2022-11-51618,https://www.geipan.fr/fr/cas/2022-11-51618,DOWNLOADED,21248,14fd365702ca36152a2d4cb7dac27671578c785ec1a19ec9445d3eea0aa02e77,PARIS (75) 07.11.2022 | GEIPAN Orange arrow icon Orange arrow icon Orange arrow icon Arrow,
https://www.geipan.fr/fr/cas/2022-12-51412,2022-12-51412,https://www.geipan.fr/fr/cas/2022-12-51412,DOWNLOADED,20886,4b02f2e024ddc0742aac69b437f5e6b1df0996c1ba93c42ef20a5f5b57e7bfb7,[A20] DE BRIVES (19) VERS LIMOGES (87) 25.12.2022 | GEIPAN Orange arrow icon Orange arrow icon Orange arrow icon Arrow,
https://www.geipan.fr/fr/cas/2022-12-51413,2022-12-51413,https://www.geipan.fr/fr/cas/2022-12-51413,DOWNLOADED,21471,d7070e6f29bd1eb86fc9161803bde8a575678699be38a8dda0346803fcad53e5,MARSEILLE (13) 14.12.2022 | GEIPAN Orange arrow icon Orange arrow icon Orange arrow icon Arrow,
https://www.geipan.fr/fr/cas/2022-12-51414,2022-12-51414,https://www.geipan.fr/fr/cas/2022-12-51414,DOWNLOADED,26627,0c57f5466a2e8ba7992b9a0f347970ab88b59505335c869aa56ab85a86192085,[AERO] DE BEDOUS (64) VERS PAU (64) 14.12.2022 | GEIPAN Orange arrow icon Orange arrow icon Orange arrow icon Arrow,
https://www.geipan.fr/fr/cas/2022-12-51417,2022-12-51417,https://www.geipan.fr/fr/cas/2022-12-51417,DOWNLOADED,23006,084fd1439561f22e6ab0a1f0705289dd072374bd86cdba5b5a6be56ae2423eb7,[AERO CTRL] UZEIN (64) 13.12.2022 | GEIPAN Orange arrow icon Orange arrow icon Orange arrow icon Arrow,
https://www.geipan.fr/fr/cas/2023-01-51415,2023-01-51415,https://www.geipan.fr/fr/cas/2023-01-51415,DOWNLOADED,21617,3311f8003b257bf6adc3b4b3740ef99e56225a4e2f15b78a7df1ac2d960320b4,EYBENS (38) 08.01.2023 | GEIPAN Orange arrow icon Orange arrow icon Orange arrow icon Arrow,
https://www.geipan.fr/fr/cas/2023-01-51416,2023-01-51416,https://www.geipan.fr/fr/cas/2023-01-51416,DOWNLOADED,22109,da5cfb2dbe2280aa43e40b9a42758a25b5d48b8792044fe4f5b35e01a810a725,[AERO TVF] de AMMAN (JO.AM) vers ORLY (94) 31.01.2023 | GEIPAN Orange arrow icon Orange arrow icon Orange arrow icon Arrow,
https://www.geipan.fr/fr/cas/2023-01-51422,2023-01-51422,https://www.geipan.fr/fr/cas/2023-01-51422,DOWNLOADED,24223,06d7343bc633108d5c343fc04976c2ca44aaf68c224d2b27632d74bfab054aa0,PLOUHINEC (56) 19.01.2023 | GEIPAN Orange arrow icon Orange arrow icon Orange arrow icon Arrow,
https://www.geipan.fr/fr/cas/2023-01-51423,2023-01-51423,https://www.geipan.fr/fr/cas/2023-01-51423,DOWNLOADED,21571,28a2341ed9b11281be27a00fc4ba87aca71ef61cdddf7906d5f92a7a4a283bc7,KERVIGNAC (56) 26.01.2023 | GEIPAN Orange arrow icon Orange arrow icon Orange arrow icon Arrow,
https://www.geipan.fr/fr/cas/2023-02-51418,2023-02-51418,https://www.geipan.fr/fr/cas/2023-02-51418,DOWNLOADED,20930,b2225df3630790f1bcda7fe97e7aa796137a4a1418b37462cfd97e3994d8403a,PLEYBER-CHRIST (29) 10.02.2023 | GEIPAN Orange arrow icon Orange arrow icon Orange arrow icon Arrow,
https://www.geipan.fr/fr/cas/2023-02-51420,2023-02-51420,https://www.geipan.fr/fr/cas/2023-02-51420,DOWNLOADED,21239,bd563d11497cd9df41fdb99d06f3b969a58ded08e0f29abd6a01568a16f9a3c9,TOURS (37) 14.02.2023 | GEIPAN Orange arrow icon Orange arrow icon Orange arrow icon Arrow,
https://www.geipan.fr/fr/cas/2023-02-51421,2023-02-51421,https://www.geipan.fr/fr/cas/2023-02-51421,DOWNLOADED,22047,7c7a60830832001e84a17f18466b60af6bfee6c41f5b90e1b0f661e94ea358f3,[D95B] DE REBIGUE (31) VERS PECHABOU (31) 26.02.2023 | GEIPAN Orange arrow icon Orange arrow icon Orange arrow icon Arrow,
https://www.geipan.fr/fr/cas/2023-02-51424,2023-02-51424,https://www.geipan.fr/fr/cas/2023-02-51424,DOWNLOADED,21653,6d367f33c1c4139df8e51b56091333405ebfeca42b3ddbbc3778fe0637da43e7,MEYREUIL (13) 16.02.2023 | GEIPAN Orange arrow icon Orange arrow icon Orange arrow icon Arrow,
https://www.geipan.fr/fr/cas/2023-02-51446,2023-02-51446,https://www.geipan.fr/fr/cas/2023-02-51446,DOWNLOADED,19914,d14f771bef762176859d720ddf63166b72917dcc7697cd89f593ac19565a91c2,PLESSIS-BELLEVILLE (LE) (60) 26.02.2023 | GEIPAN Orange arrow icon Orange arrow icon Orange arrow icon Arrow,
https://www.geipan.fr/fr/cas/2023-02-51517,2023-02-51517,https://www.geipan.fr/fr/cas/2023-02-51517,DOWNLOADED,21377,26e9850b7ec0df81368f305546c038317d644643ce1aafd9997c1cc989a11124,[D438] DE GRAND BOURGTHEROULDE (27) VERS ROUEN (76) 13.02.2023 | GEIPAN Orange arrow icon Orange arrow icon Orange arrow icon Arrow,
https://www.geipan.fr/fr/cas/2023-03-51425,2023-03-51425,https://www.geipan.fr/fr/cas/2023-03-51425,DOWNLOADED,20615,33691bb91194aa6a90d17e965a244ec95ee6a4da9e8fd8e34682eb54d89e6548,VERNEUIL D'AVRE ET D'ITON (27) 16.03.2023 | GEIPAN Orange arrow icon Orange arrow icon Orange arrow icon Arrow,
https://www.geipan.fr/fr/cas/2023-03-51427,2023-03-51427,https://www.geipan.fr/fr/cas/2023-03-51427,DOWNLOADED,22345,847569275b4601be79bb6b41dd78f16de3085326e0efa0ecbf2dfadc8211758f,ROSHEIM (67) 18.03.2023 | GEIPAN Orange arrow icon Orange arrow icon Orange arrow icon Arrow,
https://www.geipan.fr/fr/cas/2023-03-51429,2023-03-51429,https://www.geipan.fr/fr/cas/2023-03-51429,DOWNLOADED,18979,84cd567a5db1dd2af4afbfe4c4c2d1e9bbcd27d9df1c61256124a1477ddd7b28,MONT-SAINT-JEAN (72) 27.03.2023 | GEIPAN Orange arrow icon Orange arrow icon Orange arrow icon Arrow,
https://www.geipan.fr/fr/cas/2023-04-51428,2023-04-51428,https://www.geipan.fr/fr/cas/2023-04-51428,DOWNLOADED,23142,b16aa7990c3a3b84531e441fcb386955f7ec7ce4652e9159bff9f9bcf29f663b,[AERO AFR] de ABIDJAN (CI.AB) vers PARIS (95) 08.04.2023 | GEIPAN Orange arrow icon Orange arrow icon Orange arrow icon Arrow,
https://www.geipan.fr/fr/cas/2023-04-51430,2023-04-51430,https://www.geipan.fr/fr/cas/2023-04-51430,DOWNLOADED,22793,4d7f1e5a16972222c984b141c33a9b21db7fd0b633516c94fe7d71a4003097d9,[AERO AFR] DE KINSHASA (CD.KN) VERS PARIS (75) 10.04.2023 | GEIPAN Orange arrow icon Orange arrow icon Orange arrow icon Arrow,
https://www.geipan.fr/fr/cas/2023-04-51431,2023-04-51431,https://www.geipan.fr/fr/cas/2023-04-51431,DOWNLOADED,20833,8626306bac2bbc656b75f3e4982abefa07fe044b7f742df04d14b30a43b972a6,OFFRANVILLE (76) 23.04.2023 | GEIPAN Orange arrow icon Orange arrow icon Orange arrow icon Arrow,
https://www.geipan.fr/fr/cas/2023-04-51432,2023-04-51432,https://www.geipan.fr/fr/cas/2023-04-51432,DOWNLOADED,21296,87785fa79fe894dc061bcd1b9c5115f7586eecee8fd73d647379da0a66fb5149,[A16] DE MONTMORENCY (95) VERS BEAUVAIS (60) 13.04.2023 | GEIPAN Orange arrow icon Orange arrow icon Orange arrow icon Arrow,
https://www.geipan.fr/fr/cas/2023-04-51433,2023-04-51433,https://www.geipan.fr/fr/cas/2023-04-51433,DOWNLOADED,20985,1de8bbd36f466edd22cb2da58c9b2d37b32ea094f6173db7aa6f3ba0a80951e4,VALENCE D'AGEN (82) 09.04.2023 | GEIPAN Orange arrow icon Orange arrow icon Orange arrow icon Arrow,
https://www.geipan.fr/fr/cas/2023-04-51435,2023-04-51435,https://www.geipan.fr/fr/cas/2023-04-51435,DOWNLOADED,20891,92e0bcdbd15b7353e87ae3db278006d328ee55103a05315bfc2a7c8c23a63578,MORIERES-LES-AVIGNON (84) 09.04.2023 | GEIPAN Orange arrow icon Orange arrow icon Orange arrow icon Arrow,
https://www.geipan.fr/fr/cas/2023-04-51437,2023-04-51437,https://www.geipan.fr/fr/cas/2023-04-51437,DOWNLOADED,20771,a841fb3e2158bb2c38153b5f45fac2750418d785ebcfe20e87eb16e1aa4c78d6,LAVERCANTIERE (46) 19.04.2023 | GEIPAN Orange arrow icon Orange arrow icon Orange arrow icon Arrow,
https://www.geipan.fr/fr/cas/2023-04-51441,2023-04-51441,https://www.geipan.fr/fr/cas/2023-04-51441,DOWNLOADED,20846,f44a8b0ebf68f95f77224434b5b112c80c4641db66d96c98c581c0172163101b,TALAUDIERE (LA) (42) 01.04.2023 | GEIPAN Orange arrow icon Orange arrow icon Orange arrow icon Arrow,
https://www.geipan.fr/fr/cas/2023-05-51438,2023-05-51438,https://www.geipan.fr/fr/cas/2023-05-51438,DOWNLOADED,20606,69c5d4a288e6fd614851a7d5331983aba6a11ca85c8287622c05e5574098f4ff,[N77] DE NEUVY-SAUTOUR (89) VERS SAINT-FLORENTIN (89) 11.05.2023 | GEIPAN Orange arrow icon Orange arrow icon Orange arrow icon Arrow,
https://www.geipan.fr/fr/cas/2023-05-51440,2023-05-51440,https://www.geipan.fr/fr/cas/2023-05-51440,DOWNLOADED,19998,ba06f2da9cba857a6b166c7f772d09ce3a410f434296d8e0ad8ba3a17150ea48,TAMPON (LE) (974) 16.05.2023 | GEIPAN Orange arrow icon Orange arrow icon Orange arrow icon Arrow,
https://www.geipan.fr/fr/cas/2023-05-51442,2023-05-51442,https://www.geipan.fr/fr/cas/2023-05-51442,DOWNLOADED,20563,5efb80e9d94491e5c16718a3be906be865b4ecf0d9f2a3a740a3d96dbed3acde,ROUEN (76) 24.05.2023 | GEIPAN Orange arrow icon Orange arrow icon Orange arrow icon Arrow,
https://www.geipan.fr/fr/cas/2023-05-51443,2023-05-51443,https://www.geipan.fr/fr/cas/2023-05-51443,DOWNLOADED,22139,939a30bacf18ae2b858fa6019c6516ddb52bc223eff6cf660a04091616b6d4d7,MARON (36) 28.05.2023 | GEIPAN Orange arrow icon Orange arrow icon Orange arrow icon Arrow,
https://www.geipan.fr/fr/cas/2023-05-51529,2023-05-51529,https://www.geipan.fr/fr/cas/2023-05-51529,DOWNLOADED,22226,18bc8af3495cac351d1b48de94c783742a168beb4f20845fbba6586da1860e96,ANOR (59) 31.05.2023 | GEIPAN Orange arrow icon Orange arrow icon Orange arrow icon Arrow,
https://www.geipan.fr/fr/cas/2023-06-51444,2023-06-51444,https://www.geipan.fr/fr/cas/2023-06-51444,DOWNLOADED,20444,8ef94099a06e1ddc1c4ae6022a5bd2eb5316cbfec26040c50ec16d3aeeecfa63,SCEAUX (92) 04.06.2023 | GEIPAN Orange arrow icon Orange arrow icon Orange arrow icon Arrow,
https://www.geipan.fr/fr/cas/2023-06-51445,2023-06-51445,https://www.geipan.fr/fr/cas/2023-06-51445,DOWNLOADED,21989,e52cebf75722105a163ca29eeb42ec3c0f13778ecd750e4bd5311bff9aa71d04,CANNES (06) 02.06.2023 | GEIPAN Orange arrow icon Orange arrow icon Orange arrow icon Arrow,
https://www.geipan.fr/fr/cas/2023-06-51449,2023-06-51449,https://www.geipan.fr/fr/cas/2023-06-51449,DOWNLOADED,20340,be19c10b4a085e10b0b27a254edde941c4fd0c64d40a43ff36966c134b1623f4,ESSAIS DGA — NATIONAL (FR) 26.06.2023 | GEIPAN Orange arrow icon Orange arrow icon Orange arrow icon Arrow,
https://www.geipan.fr/fr/cas/2023-06-51452,2023-06-51452,https://www.geipan.fr/fr/cas/2023-06-51452,DOWNLOADED,20550,bbfc9a0450d49ac571d35ff64c42dfcdf807bc24426d6b7979e8610d32d01377,PIERRELATTE (26) 22.06.2023 | GEIPAN Orange arrow icon Orange arrow icon Orange arrow icon Arrow,
https://www.geipan.fr/fr/cas/2023-06-51518,2023-06-51518,https://www.geipan.fr/fr/cas/2023-06-51518,DOWNLOADED,23677,58907fed63786092ad8c576ee4df58b3ca6e38c37f762eaac16c9bb83b31e391,EVRY-COURCOURONNES (91) 28.06.2023 | GEIPAN Orange arrow icon Orange arrow icon Orange arrow icon Arrow,
https://www.geipan.fr/fr/cas/2023-06-51525,2023-06-51525,https://www.geipan.fr/fr/cas/2023-06-51525,DOWNLOADED,21914,982df38e42dbb24016f2070441795ec1263df5add527ee00191395b65e86264d,DIGNE-LES-BAINS (04) 13.06.2023 | GEIPAN Orange arrow icon Orange arrow icon Orange arrow icon Arrow,
https://www.geipan.fr/fr/cas/2023-06-51668,2023-06-51668,https://www.geipan.fr/fr/cas/2023-06-51668,DOWNLOADED,25681,be22eb3bda7d48fcd5d8f03aadf37eaf1f5d663d7818e87231cc1a3a88555119,[R] DE BOURG-SAINT-MAURICE (73) VERS PEISEY-NANCROIX (73) 19.06.2023 | GEIPAN Orange arrow icon Orange arrow icon Orange arrow icon Arrow,
https://www.geipan.fr/fr/cas/2023-07-51450,2023-07-51450,https://www.geipan.fr/fr/cas/2023-07-51450,DOWNLOADED,20777,6939bc992ca993c4e813bdee7b5b69b47ab7d8d702711bafd107cf13e61afc38,CHAMPIGNY-SUR-MARNE (94) 04.07.2023 | GEIPAN Orange arrow icon Orange arrow icon Orange arrow icon Arrow,
https://www.geipan.fr/fr/cas/2023-07-51454,2023-07-51454,https://www.geipan.fr/fr/cas/2023-07-51454,DOWNLOADED,22857,3dd842188d812d57ac11d71620cfdbd71b95e10fe415d345c8d93122ec483a80,CESSIEU (38) 16.07.2023 | GEIPAN Orange arrow icon Orange arrow icon Orange arrow icon Arrow,
https://www.geipan.fr/fr/cas/2023-07-51457,2023-07-51457,https://www.geipan.fr/fr/cas/2023-07-51457,DOWNLOADED,21767,17012e65b0d71fa47a381badfc5acf9910a3a6df1371f74bcdb77cbdedf59b34,UNION (L') (31) 22.07.2023 | GEIPAN Orange arrow icon Orange arrow icon Orange arrow icon Arrow,
https://www.geipan.fr/fr/cas/2023-07-51458,2023-07-51458,https://www.geipan.fr/fr/cas/2023-07-51458,DOWNLOADED,20223,ee5c82f7c26bd66613d534e62160eb0784989b9409eb5a45f26d26ed87f82cab,PANAZOL (87) 14.07.2023 | GEIPAN Orange arrow icon Orange arrow icon Orange arrow icon Arrow,
https://www.geipan.fr/fr/cas/2023-07-51459,2023-07-51459,https://www.geipan.fr/fr/cas/2023-07-51459,DOWNLOADED,21397,68ce5834e762bcc437cbf8732e3f96a4231660124953b938f7a6eb01b501eda0,PRALONG (42) 29.07.2023 | GEIPAN Orange arrow icon Orange arrow icon Orange arrow icon Arrow,
https://www.geipan.fr/fr/cas/2023-07-51467,2023-07-51467,https://www.geipan.fr/fr/cas/2023-07-51467,DOWNLOADED,21469,bb0167fb4d8f4f9e9ceb96f486b50ac2a16c789b7fda00edebef4fdf949f3908,TOULOUSE (31) 13.07.2023 | GEIPAN Orange arrow icon Orange arrow icon Orange arrow icon Arrow,
https://www.geipan.fr/fr/cas/2023-07-51479,2023-07-51479,https://www.geipan.fr/fr/cas/2023-07-51479,DOWNLOADED,20626,d30d830988bf79747a2132abd52e9b901eb470b92ae48548f1ca3c0fd5b4674b,CHAVILLE (92) 13.07.2023 | GEIPAN Orange arrow icon Orange arrow icon Orange arrow icon Arrow,
https://www.geipan.fr/fr/cas/2023-07-51488,2023-07-51488,https://www.geipan.fr/fr/cas/2023-07-51488,DOWNLOADED,20197,df5a015be4719f18a71fa9733c7e3be559772e079493d66009bedc0bf96f2512,CAVALAIRE-SUR-MER (83) 04.07.2023 | GEIPAN Orange arrow icon Orange arrow icon Orange arrow icon Arrow,
https://www.geipan.fr/fr/cas/2023-08-51447,2023-08-51447,https://www.geipan.fr/fr/cas/2023-08-51447,DOWNLOADED,21442,68a8bcf5c105c68ef51acaa185218baa639ce3b001fa540a8a8b5e6181b5523c,BREZOLLES (28) 27.05.2023 | GEIPAN Orange arrow icon Orange arrow icon Orange arrow icon Arrow,
https://www.geipan.fr/fr/cas/2023-08-51464,2023-08-51464,https://www.geipan.fr/fr/cas/2023-08-51464,DOWNLOADED,21390,2c9a6304bcdd1b9f7f2394cdd845819d04aed3655815c2321098daa4a1241752,SACY-LE-PETIT (60) 10.08.2023 | GEIPAN Orange arrow icon Orange arrow icon Orange arrow icon Arrow,
https://www.geipan.fr/fr/cas/2023-08-51465,2023-08-51465,https://www.geipan.fr/fr/cas/2023-08-51465,DOWNLOADED,21122,b7159a6265d74cb2cefed9149ee72681307fe7effa704431ab1c7517be0249af,CUXAC-D'AUDE (11) 12.08.2023 | GEIPAN Orange arrow icon Orange arrow icon Orange arrow icon Arrow,
https://www.geipan.fr/fr/cas/2023-08-51466,2023-08-51466,https://www.geipan.fr/fr/cas/2023-08-51466,DOWNLOADED,20257,912ce5ad6a7a335f830a2d0a010a7d52f88a3fa303c5ae1f45811c430983e6a3,BEYNAC (87) 15.08.2023 | GEIPAN Orange arrow icon Orange arrow icon Orange arrow icon Arrow,
https://www.geipan.fr/fr/cas/2023-08-51469,2023-08-51469,https://www.geipan.fr/fr/cas/2023-08-51469,DOWNLOADED,23579,e7a81d554be0a556ca2822cc2ffca232eee5c7913229c5f99578118331975ebc,[MER] DE TOULON (83) VERS SEYNE-SUR-MER (LA) (83) 07.08.2023 | GEIPAN Orange arrow icon Orange arrow icon Orange arrow icon Arrow,
https://www.geipan.fr/fr/cas/2023-08-51483,2023-08-51483,https://www.geipan.fr/fr/cas/2023-08-51483,DOWNLOADED,22608,fb166ff969ca7750ef06b84c4238b5676d86c2928e8b4cfb6287b1ad22cd5ced,LIAS (32) 19.08.2023 | GEIPAN Orange arrow icon Orange arrow icon Orange arrow icon Arrow,
https://www.geipan.fr/fr/cas/2023-08-51654,2023-08-51654,https://www.geipan.fr/fr/cas/2023-08-51654,DOWNLOADED,21080,caa6e32106ab513bc6d1f23940a3c14d9c0e47d1f247bfd315da9e562748d196,BATZ-SUR-MER (44) 24.08.2023 | GEIPAN Orange arrow icon Orange arrow icon Orange arrow icon Arrow,
https://www.geipan.fr/fr/cas/2023-09-51471,2023-09-51471,https://www.geipan.fr/fr/cas/2023-09-51471,DOWNLOADED,21017,dc366ca56c5d9f16c76a6874088e749de908dcb70343c1107845be9d86eab144,MONES (31) 02.10.2023 | GEIPAN Orange arrow icon Orange arrow icon Orange arrow icon Arrow,
https://www.geipan.fr/fr/cas/2023-09-51474,2023-09-51474,https://www.geipan.fr/fr/cas/2023-09-51474,DOWNLOADED,21634,3fbd95d16c9dfe74b086b8543db13ed14511dd1b90343db2c2c870febcef7302,QUESNOY-LE-MONTANT (80) 16.09.2023 | GEIPAN Orange arrow icon Orange arrow icon Orange arrow icon Arrow,
https://www.geipan.fr/fr/cas/2023-09-51480,2023-09-51480,https://www.geipan.fr/fr/cas/2023-09-51480,DOWNLOADED,20975,29fd6c150253b36e35db6548974e07357972d286bdcc44ec979689940f2dac51,[AERO] de LIMA (PE.LIM) vers ROISSY-EN-FRANCE (95) 01.09.2023 | GEIPAN Orange arrow icon Orange arrow icon Orange arrow icon Arrow,
https://www.geipan.fr/fr/cas/2023-09-51482,2023-09-51482,https://www.geipan.fr/fr/cas/2023-09-51482,DOWNLOADED,20677,9e954e8379ffa820ec023293c43d6c5fa84740623cc8458a1b7c6188125d2ad0,PUILBOREAU (17) 24.09.2023 | GEIPAN Orange arrow icon Orange arrow icon Orange arrow icon Arrow,
https://www.geipan.fr/fr/cas/2023-09-51491,2023-09-51491,https://www.geipan.fr/fr/cas/2023-09-51491,DOWNLOADED,20415,7ea2147437f985a27f52ffc1997e8cffb6d4d4cfa96370d84f2d5973564c29f7,VIGNEUX-SUR-SEINE (91) 30.09.2023 | GEIPAN Orange arrow icon Orange arrow icon Orange arrow icon Arrow,
https://www.geipan.fr/fr/cas/2023-09-51496,2023-09-51496,https://www.geipan.fr/fr/cas/2023-09-51496,DOWNLOADED,22796,402e1fd663c4235a1deb5121070ed070368f3cf7b862e6c6584db1b2573d44d7,CHATEAUGIRON (35) 06.09.2023 | GEIPAN Orange arrow icon Orange arrow icon Orange arrow icon Arrow,
https://www.geipan.fr/fr/cas/2023-10-51476,2023-10-51476,https://www.geipan.fr/fr/cas/2023-10-51476,DOWNLOADED,21714,50ce242abc629dddffcfa72c1a6a8c03d8e0951dbd67dd905cac190eb8f69063,SARRANCOLIN (65) 09.10.2023 | GEIPAN Orange arrow icon Orange arrow icon Orange arrow icon Arrow,
https://www.geipan.fr/fr/cas/2023-10-51477,2023-10-51477,https://www.geipan.fr/fr/cas/2023-10-51477,DOWNLOADED,19985,97ec09b32db2e825d2af237119269266c60c2492844d6526e0dc9e8221a7aa81,NOGENT-SUR-MARNE (94) 09.10.2023 | GEIPAN Orange arrow icon Orange arrow icon Orange arrow icon Arrow,
https://www.geipan.fr/fr/cas/2023-10-51478,2023-10-51478,https://www.geipan.fr/fr/cas/2023-10-51478,DOWNLOADED,23151,63a320b112c552f79b6b28f8813b444422a4eded7a2016f401d9a9284e26653e,ESPINASSE (63) 12.10.2023 | GEIPAN Orange arrow icon Orange arrow icon Orange arrow icon Arrow,
https://www.geipan.fr/fr/cas/2023-10-51486,2023-10-51486,https://www.geipan.fr/fr/cas/2023-10-51486,DOWNLOADED,21135,d1c782159bd24d9c9cad03fa6d5800a8c536821d6cf31b20a3139743e5bea7c6,[AERO] DE ST-JACQUES-DE-COMPOSTELLE (ES.SCQ) VERS EDIMBOURG (UK.EDI) 24.10.2023 | GEIPAN Orange arrow icon Orange arrow icon Orange arrow icon Arrow,
https://www.geipan.fr/fr/cas/2023-10-51489,2023-10-51489,https://www.geipan.fr/fr/cas/2023-10-51489,DOWNLOADED,21254,ee21bf642bf52a9537bd720baea0d6696f29a02a32dbd570ce910c4840d1b229,FONTAINEBLEAU (77) 29.10.2023 | GEIPAN Orange arrow icon Orange arrow icon Orange arrow icon Arrow,
https://www.geipan.fr/fr/cas/2023-10-51490,2023-10-51490,https://www.geipan.fr/fr/cas/2023-10-51490,DOWNLOADED,22307,52bd7c96450d7b946d7f21168cd2bfde703edffdf3e8cd5dd8c556f3a13388a1,BAYEUX (14) 22.10.2023 | GEIPAN Orange arrow icon Orange arrow icon Orange arrow icon Arrow,
https://www.geipan.fr/fr/cas/2023-10-51493,2023-10-51493,https://www.geipan.fr/fr/cas/2023-10-51493,DOWNLOADED,22200,0458048bb70a76e21dcb071d688d1c12f28d5ec1b8665f9c771ff6de5f4c97f2,MAGNIEN (21) 19.10.2023 | GEIPAN Orange arrow icon Orange arrow icon Orange arrow icon Arrow,
https://www.geipan.fr/fr/cas/2023-10-51523,2023-10-51523,https://www.geipan.fr/fr/cas/2023-10-51523,DOWNLOADED,24092,72c561689302636a7163076ddb71896cbed71eb18127fb9651bbfdc514057f63,QUIMPER (29) 16.10.2023 | GEIPAN Orange arrow icon Orange arrow icon Orange arrow icon Arrow,
https://www.geipan.fr/fr/cas/2023-11-51497,2023-11-51497,https://www.geipan.fr/fr/cas/2023-11-51497,DOWNLOADED,20496,9294c6a6db606084ba95e7033af0712be8bb7db08fab138ff821ff93e183bb9e,[AERO] de MEXICO (MX.156) vers ROISSY-EN-FRANCE (95) 12.11.2023 | GEIPAN Orange arrow icon Orange arrow icon Orange arrow icon Arrow,
https://www.geipan.fr/fr/cas/2023-11-51499,2023-11-51499,https://www.geipan.fr/fr/cas/2023-11-51499,DOWNLOADED,20955,7ad9939519abff366009718149e1b3c7d0ae40852b5a8b9ebd5b9c852d27523b,ONNAING (59) 19.11.2023 | GEIPAN Orange arrow icon Orange arrow icon Orange arrow icon Arrow,
https://www.geipan.fr/fr/cas/2023-11-51501,2023-11-51501,https://www.geipan.fr/fr/cas/2023-11-51501,DOWNLOADED,20558,51f384fe21a6388151c9c2f20d6bad834aad63ec97b208b079be51d67405fea2,[AERO] de MONASTIR (TN.99351) vers ORLY (94) 06.11.2023 | GEIPAN Orange arrow icon Orange arrow icon Orange arrow icon Arrow,
https://www.geipan.fr/fr/cas/2023-11-51520,2023-11-51520,https://www.geipan.fr/fr/cas/2023-11-51520,DOWNLOADED,22062,c45a0670d71bfb0f958d220cd7ddd3d6b9a0d74983df37c9e748cf4791bdd5e0,[D654] DE TERRAUBE (32) VERS COLOGNE (32) 23.11.2023 | GEIPAN Orange arrow icon Orange arrow icon Orange arrow icon Arrow,
https://www.geipan.fr/fr/cas/2023-12-51502,2023-12-51502,https://www.geipan.fr/fr/cas/2023-12-51502,DOWNLOADED,20663,2bfacc8445fe3a2a0a342824add8ad04b00e02b462e09febb98f453b8c684888,BOULOGNE-BILLANCOURT (92) 11.12.2023 | GEIPAN Orange arrow icon Orange arrow icon Orange arrow icon Arrow,
https://www.geipan.fr/fr/cas/2023-12-51503,2023-12-51503,https://www.geipan.fr/fr/cas/2023-12-51503,DOWNLOADED,21163,12798ccf989fc94c8467f1f6269dabb9f9ee71bc72adebe07c3cb15896a66107,CALMETTE (LA) (30) 15.12.2023 | GEIPAN Orange arrow icon Orange arrow icon Orange arrow icon Arrow,
https://www.geipan.fr/fr/cas/2023-12-51504,2023-12-51504,https://www.geipan.fr/fr/cas/2023-12-51504,DOWNLOADED,22598,6ea3336e8b74b29c17914f58a2752569763cbd0aa6df247a5b35d3b5783b1014,HEM (59) 16.12.2022 | GEIPAN Orange arrow icon Orange arrow icon Orange arrow icon Arrow,
https://www.geipan.fr/fr/cas/2023-12-51505,2023-12-51505,https://www.geipan.fr/fr/cas/2023-12-51505,DOWNLOADED,23667,28dd10b20e60351711b22fa8b5989b57677f9c18f77d07d239aa554cbdd3b915,[AERO TVF] de EREVAN (AM.ER) vers ORLY (94) 13.12.2023 | GEIPAN Orange arrow icon Orange arrow icon Orange arrow icon Arrow,
https://www.geipan.fr/fr/cas/2023-12-51509,2023-12-51509,https://www.geipan.fr/fr/cas/2023-12-51509,DOWNLOADED,21412,43ff9eab1e2d08a02fc73aef6bae8b63442d0b60604d46358e7a8891ff558e5c,ELNE (66) 25.12.2023 | GEIPAN Orange arrow icon Orange arrow icon Orange arrow icon Arrow,
https://www.geipan.fr/fr/cas/2023-12-51510,2023-12-51510,https://www.geipan.fr/fr/cas/2023-12-51510,DOWNLOADED,20372,9cad7d8f5ef4fe1ed4ee65d53675cd2cbc8c5643716740f917b4fc1d69845210,CHARITE-SUR-LOIRE (LA) (58) 02.12.2023 | GEIPAN Orange arrow icon Orange arrow icon Orange arrow icon Arrow,
https://www.geipan.fr/fr/cas/2023-12-51521,2023-12-51521,https://www.geipan.fr/fr/cas/2023-12-51521,DOWNLOADED,22890,fcd0f37508eb548e77dd08578ec6acc67543e69d3ce50bffa00a1a42afebba92,LACHAUX (63) 09.12.2023 | GEIPAN Orange arrow icon Orange arrow icon Orange arrow icon Arrow,
https://www.geipan.fr/fr/cas/2023-12-51538,2023-12-51538,https://www.geipan.fr/fr/cas/2023-12-51538,DOWNLOADED,20391,6979311270828e09c28b07f1e30d39d3aaa6f4c416badcf1dba8bfbce7dec90e,MAUBEC (38) 03.12.2023 | GEIPAN Orange arrow icon Orange arrow icon Orange arrow icon Arrow,
https://www.geipan.fr/fr/cas/2024-00-51590,2024-00-51590,https://www.geipan.fr/fr/cas/2024-00-51590,DOWNLOADED,22572,8a50b1749cd590e8019538ef5035e4ef5f7684d010c9ede33ad75230b643a8c5,[D13] DE PUY-SAINTE-REPARADE (LE) (13) VERS AIX-EN-PROVENCE (13) 09.11.2024 | GEIPAN Orange arrow icon Orange arrow icon Orange arrow icon Arrow,
https://www.geipan.fr/fr/cas/2024-01-51511,2024-01-51511,https://www.geipan.fr/fr/cas/2024-01-51511,DOWNLOADED,23494,8a41fd8bf9b8db272819151ecffdb6f2393a06cabeb92957873f708614df523e,GISORS (27) 27.01.2024 | GEIPAN Orange arrow icon Orange arrow icon Orange arrow icon Arrow,
https://www.geipan.fr/fr/cas/2024-02-51516,2024-02-51516,https://www.geipan.fr/fr/cas/2024-02-51516,DOWNLOADED,20988,806c35dcbe72d4c09108e227d04f0a9ec0330785beb40bc74fb8702f81285bc2,PARIS (75) 06.02.2024 | GEIPAN Orange arrow icon Orange arrow icon Orange arrow icon Arrow,
https://www.geipan.fr/fr/cas/2024-03-51522,2024-03-51522,https://www.geipan.fr/fr/cas/2024-03-51522,DOWNLOADED,19830,8aeb9ec87da61821bfe551917155cc462d840825bd96bcafc2560ec060bf6bd7,PLABENNEC (29) 03.03.2024 | GEIPAN Orange arrow icon Orange arrow icon Orange arrow icon Arrow,
https://www.geipan.fr/fr/cas/2024-03-51527,2024-03-51527,https://www.geipan.fr/fr/cas/2024-03-51527,DOWNLOADED,20797,9ef7556a284dcda0db38cd4884ea2837fe8617bdf106ad0c25f6ee14f5bcbc5c,VILLENEUVE-LOUBET (06) 12.03.2024 | GEIPAN Orange arrow icon Orange arrow icon Orange arrow icon Arrow,
https://www.geipan.fr/fr/cas/2024-03-51533,2024-03-51533,https://www.geipan.fr/fr/cas/2024-03-51533,DOWNLOADED,22755,00c6791f3ed1cb4a4583047c45b2778b30c3bc15f9e4ef9b639f87f4b5469c10,MANS (LE) (72) 24.03.2024 | GEIPAN Orange arrow icon Orange arrow icon Orange arrow icon Arrow,
https://www.geipan.fr/fr/cas/2024-04-51530,2024-04-51530,https://www.geipan.fr/fr/cas/2024-04-51530,DOWNLOADED,20958,52cd72debb4f18056ed38c3580be92712ebe51ed18ae49b164189c9d5a287a1e,TROUVILLE-SUR-MER (14) 16.04.2024 | GEIPAN Orange arrow icon Orange arrow icon Orange arrow icon Arrow,
https://www.geipan.fr/fr/cas/2024-04-51531,2024-04-51531,https://www.geipan.fr/fr/cas/2024-04-51531,DOWNLOADED,20684,e6afd8e0ff2d8014a1c49ff9c1ca58c4b05309d53ea8a8ba78e97fd210708722,VALENCIENNES (59) 06.04.2024 | GEIPAN Orange arrow icon Orange arrow icon Orange arrow icon Arrow,
https://www.geipan.fr/fr/cas/2024-04-51536,2024-04-51536,https://www.geipan.fr/fr/cas/2024-04-51536,DOWNLOADED,21312,ba51b53a43b742fa44092b1526e8f84334bd9f2cce3e5853989648ec3588b48d,TROIS-ILETS (LES) (972) 29.04.2024 | GEIPAN Orange arrow icon Orange arrow icon Orange arrow icon Arrow,
https://www.geipan.fr/fr/cas/2024-04-51542,2024-04-51542,https://www.geipan.fr/fr/cas/2024-04-51542,DOWNLOADED,21019,0e631f5860fe564858e8dbd5adc0a34b6fec66bf452916147d713f2e5a4cd6e6,[A432] DE L'ISLE D'ABEAU (38) VERS PARCIEUX (01) 25.04.2024 | GEIPAN Orange arrow icon Orange arrow icon Orange arrow icon Arrow,
https://www.geipan.fr/fr/cas/2024-04-51547,2024-04-51547,https://www.geipan.fr/fr/cas/2024-04-51547,DOWNLOADED,21029,fa09b99b0be571265fe7c4003db7d289ae14ffecc6f9027d4d56dda514592e2b,SAINT-MICHEL-EN-GREVE (22) 04.08.2024 | GEIPAN Orange arrow icon Orange arrow icon Orange arrow icon Arrow,
https://www.geipan.fr/fr/cas/2024-05-51537,2024-05-51537,https://www.geipan.fr/fr/cas/2024-05-51537,DOWNLOADED,22330,aca48064b3cac792f8ce2313d0a8713090a31da3af1f01d79900421c79b1bebb,SAINT-RAPHAEL (83) 14.05.2024 | GEIPAN Orange arrow icon Orange arrow icon Orange arrow icon Arrow,
https://www.geipan.fr/fr/cas/2024-05-51540,2024-05-51540,https://www.geipan.fr/fr/cas/2024-05-51540,DOWNLOADED,22170,64a155f7d796cdb37eedcb5160d3ed2ce554cfda9fe3f75bf7b1b8295b993740,ELSENHEIM (67) 30.05.2024 | GEIPAN Orange arrow icon Orange arrow icon Orange arrow icon Arrow,
https://www.geipan.fr/fr/cas/2024-06-51541,2024-06-51541,https://www.geipan.fr/fr/cas/2024-06-51541,DOWNLOADED,20744,a4133368a63dfeea99e395d66e2970d8a4c2438d260265cac138389510a7a26d,RENNES (35) 18.06.2024 | GEIPAN Orange arrow icon Orange arrow icon Orange arrow icon Arrow,
https://www.geipan.fr/fr/cas/2024-07-51544,2024-07-51544,https://www.geipan.fr/fr/cas/2024-07-51544,DOWNLOADED,21878,2a6dd88fa7b0de97442c12e5acf77119ce64195aa0adab809834b13f8d4b21e9,MAULE (78) 14.07.2024 | GEIPAN Orange arrow icon Orange arrow icon Orange arrow icon Arrow,
https://www.geipan.fr/fr/cas/2024-07-51546,2024-07-51546,https://www.geipan.fr/fr/cas/2024-07-51546,DOWNLOADED,21929,005ab2fc2dfccddf8030157591d3472b44868f0ddbf8481bc245c744554b6114,LABASTIDE-SAINT-PIERRE (82) 20.07.2024 | GEIPAN Orange arrow icon Orange arrow icon Orange arrow icon Arrow,
https://www.geipan.fr/fr/cas/2024-07-51548,2024-07-51548,https://www.geipan.fr/fr/cas/2024-07-51548,DOWNLOADED,20737,d50ecd81292a9b9800f8e5529c3b8440af9f23f9fe7928644b58c920b3926b6c,SAINT-CAST-LE-GUILDO (22) 18.07.2024 | GEIPAN Orange arrow icon Orange arrow icon Orange arrow icon Arrow,
https://www.geipan.fr/fr/cas/2024-07-51550,2024-07-51550,https://www.geipan.fr/fr/cas/2024-07-51550,DOWNLOADED,22249,6ac61faa2b33199becad8a05c4ca5d7df8084b5828fd4f7eb20518ae18322796,[A8] DE CANNET (LE) (06) VERS NICE (06) 24.07.2024 | GEIPAN Orange arrow icon Orange arrow icon Orange arrow icon Arrow,
https://www.geipan.fr/fr/cas/2024-07-51552,2024-07-51552,https://www.geipan.fr/fr/cas/2024-07-51552,DOWNLOADED,21112,16c8ed3afac57505b56de180259fd575df0c60846005b30358495474da8e053f,PIA (66) 11.07.2024 | GEIPAN Orange arrow icon Orange arrow icon Orange arrow icon Arrow,
https://www.geipan.fr/fr/cas/2024-07-51591,2024-07-51591,https://www.geipan.fr/fr/cas/2024-07-51591,DOWNLOADED,21627,bbe5aa9edcf515047c7dc40ff34dc968a37de7fd50e537bf19b593c121f7224c,ECHIROLLES (38) 29.07.2024 | GEIPAN Orange arrow icon Orange arrow icon Orange arrow icon Arrow,
https://www.geipan.fr/fr/cas/2024-07-51592,2024-07-51592,https://www.geipan.fr/fr/cas/2024-07-51592,DOWNLOADED,21775,ec313f52e4fb86971aad8967c61020b9eca8cbe8c38b86b1425a7c44c1127ebc,JEZEAU (65) 10.07.2024 | GEIPAN Orange arrow icon Orange arrow icon Orange arrow icon Arrow,
https://www.geipan.fr/fr/cas/2024-07-51613,2024-07-51613,https://www.geipan.fr/fr/cas/2024-07-51613,DOWNLOADED,21218,e1f1f4bde633812c8da388a98a7de1542203a32e4078bcde41d8c94ab79a78ec,BREUIL-MAGNE (17) 28.07.2024 | GEIPAN Orange arrow icon Orange arrow icon Orange arrow icon Arrow,
https://www.geipan.fr/fr/cas/2024-07-51726,2024-07-51726,https://www.geipan.fr/fr/cas/2024-07-51726,DOWNLOADED,21546,1252da5f62492191269fde33ca0ad5775426003e75250ef633bee5dcc4d60026,SAINT-MARTIN-EN-BIERE (77) 21.07.2024 | GEIPAN Orange arrow icon Orange arrow icon Orange arrow icon Arrow,
https://www.geipan.fr/fr/cas/2024-08-51553,2024-08-51553,https://www.geipan.fr/fr/cas/2024-08-51553,DOWNLOADED,21630,4030e3ddcbc91010d18c320cb7b6373da7e9c824dccc548bc95056f95a46c3c9,NOVALAISE (73) 17.08.2024 | GEIPAN Orange arrow icon Orange arrow icon Orange arrow icon Arrow,
https://www.geipan.fr/fr/cas/2024-08-51554,2024-08-51554,https://www.geipan.fr/fr/cas/2024-08-51554,DOWNLOADED,22180,3dcb9c2889e50788b8b2dbcac735e4c3e80866e06d9175768fa9f169f206368c,[A35] DE BARTENHEIM (68) VERS MULHOUSE (68) 15.08.2024 | GEIPAN Orange arrow icon Orange arrow icon Orange arrow icon Arrow,
https://www.geipan.fr/fr/cas/2024-08-51555,2024-08-51555,https://www.geipan.fr/fr/cas/2024-08-51555,DOWNLOADED,19977,c3a8b8ee37f2f6e28ef295ddadda4f505d22e0e848dfd1fd30f5e3239e71a709,NOISY-LE-GRAND (93) 26.08.2024 | GEIPAN Orange arrow icon Orange arrow icon Orange arrow icon Arrow,
https://www.geipan.fr/fr/cas/2024-08-51559,2024-08-51559,https://www.geipan.fr/fr/cas/2024-08-51559,DOWNLOADED,21219,b0b0a5836ca7ec00ee106113be2192d4ef92b50cda3015743cffc1828d7852e7,VERNY (57) 18.08.2024 | GEIPAN Orange arrow icon Orange arrow icon Orange arrow icon Arrow,
https://www.geipan.fr/fr/cas/2024-08-51560,2024-08-51560,https://www.geipan.fr/fr/cas/2024-08-51560,DOWNLOADED,20675,743a76bc5626de064623ef62fa3421267f58962f29d285dcd2a9a4896492406e,MULHOUSE (68) 15.08.2024 | GEIPAN Orange arrow icon Orange arrow icon Orange arrow icon Arrow,
https://www.geipan.fr/fr/cas/2024-08-51561,2024-08-51561,https://www.geipan.fr/fr/cas/2024-08-51561,DOWNLOADED,20810,f8b73ea8e828ee5d1980df0862fbf50a39ac074fd750bda7ae811a0a7cc63268,PORCHERES (33) 31.08.2024 | GEIPAN Orange arrow icon Orange arrow icon Orange arrow icon Arrow,
https://www.geipan.fr/fr/cas/2024-08-51565,2024-08-51565,https://www.geipan.fr/fr/cas/2024-08-51565,DOWNLOADED,20492,e2a7799129b3e7b714c140d1fc01c29ec855a2fcb0aea1cbef21c3f477a9836f,ANTRAN (86) 29.08.2024 | GEIPAN Orange arrow icon Orange arrow icon Orange arrow icon Arrow,
https://www.geipan.fr/fr/cas/2024-08-51573,2024-08-51573,https://www.geipan.fr/fr/cas/2024-08-51573,DOWNLOADED,22415,d61b4f6d5cc348b2e1ae28535d32c4b68f98888c93f0ca09cf39233e777ee222,MOREY (71) 04.08.2024 | GEIPAN Orange arrow icon Orange arrow icon Orange arrow icon Arrow,
https://www.geipan.fr/fr/cas/2024-08-51577,2024-08-51577,https://www.geipan.fr/fr/cas/2024-08-51577,DOWNLOADED,20624,714295412f9950e8c9c4ceb985fd7763bfed9f805d39dcd780e14a254e38976a,BISCARROSSE (40) 20.08.2024 | GEIPAN Orange arrow icon Orange arrow icon Orange arrow icon Arrow,
https://www.geipan.fr/fr/cas/2024-08-51594,2024-08-51594,https://www.geipan.fr/fr/cas/2024-08-51594,DOWNLOADED,20646,752e49a7e79c82cb1c682ac63fd293f3b7f096c10d74f23850f175f29bac0ef5,PERPIGNAN (66) 28.08.2024 | GEIPAN Orange arrow icon Orange arrow icon Orange arrow icon Arrow,
https://www.geipan.fr/fr/cas/2024-09-51562,2024-09-51562,https://www.geipan.fr/fr/cas/2024-09-51562,DOWNLOADED,20954,44979db0ff9d3e0a8e0ed0f3a7d9f89a4acb5007ae5959b1ccf339fc4bd10e65,SAINGHIN-EN-WEPPES (59) 07.09.2024 | GEIPAN Orange arrow icon Orange arrow icon Orange arrow icon Arrow,
https://www.geipan.fr/fr/cas/2024-09-51563,2024-09-51563,https://www.geipan.fr/fr/cas/2024-09-51563,DOWNLOADED,19892,13405f69f10359df43bf7c419434f87f0ddd63656c0f79fc15b0197e3c3bb987,CARENTAN-LES-MARAIS (50) 12.09.2024 | GEIPAN Orange arrow icon Orange arrow icon Orange arrow icon Arrow,
https://www.geipan.fr/fr/cas/2024-09-51564,2024-09-51564,https://www.geipan.fr/fr/cas/2024-09-51564,DOWNLOADED,21998,c6b155af4bf177a34e1f37940ecbe0f397568493571ac4a27c225fd9651c8930,SALLAUMINES (62) 02.09.2024 | GEIPAN Orange arrow icon Orange arrow icon Orange arrow icon Arrow,
https://www.geipan.fr/fr/cas/2024-09-51568,2024-09-51568,https://www.geipan.fr/fr/cas/2024-09-51568,DOWNLOADED,24199,9e9b74f24c46c11413678e8e7c2b42e6ae6267b7ecf3049cdb73add3a8da4f97,PARIS (75) 19.09.2024 | GEIPAN Orange arrow icon Orange arrow icon Orange arrow icon Arrow,
https://www.geipan.fr/fr/cas/2024-09-51569,2024-09-51569,https://www.geipan.fr/fr/cas/2024-09-51569,DOWNLOADED,21083,f5228e8cfb353557aac195b60824f9a722e45d2ca68102db685e20f274f43e30,PARIS (75) 26.09.2024 | GEIPAN Orange arrow icon Orange arrow icon Orange arrow icon Arrow,
https://www.geipan.fr/fr/cas/2024-09-51571,2024-09-51571,https://www.geipan.fr/fr/cas/2024-09-51571,DOWNLOADED,20200,41bed895d804e7a66b0cca3f13616c29303630268870ae30bb2d42d4fd1507cc,EMANCE (78) 14.09.2024 | GEIPAN Orange arrow icon Orange arrow icon Orange arrow icon Arrow,
https://www.geipan.fr/fr/cas/2024-09-51574,2024-09-51574,https://www.geipan.fr/fr/cas/2024-09-51574,DOWNLOADED,21094,fa0614d8daf53bacaed9ccb04da31047ce88121dc33c1a6286111093eab25273,RILHAC-RANCON (87) 15.09.2024 | GEIPAN Orange arrow icon Orange arrow icon Orange arrow icon Arrow,
https://www.geipan.fr/fr/cas/2024-09-51575,2024-09-51575,https://www.geipan.fr/fr/cas/2024-09-51575,DOWNLOADED,23079,bd96e139614d3246f351f9579a4a1689dae750e79057817bdfb8b85c897484a7,AMBRES (81) 09.09.2024 | GEIPAN Orange arrow icon Orange arrow icon Orange arrow icon Arrow,
https://www.geipan.fr/fr/cas/2024-09-51578,2024-09-51578,https://www.geipan.fr/fr/cas/2024-09-51578,DOWNLOADED,21759,65255a269992a8fa6f9d6f2b0cfb906d0e0cc6ac6fbaa4cf063e8d4d44d01ca1,QUIEVY (59) 03.09.2024 | GEIPAN Orange arrow icon Orange arrow icon Orange arrow icon Arrow,
https://www.geipan.fr/fr/cas/2024-09-51579,2024-09-51579,https://www.geipan.fr/fr/cas/2024-09-51579,DOWNLOADED,21422,4bba349e456a68428237a3ffe64b7a2fd6dc6c384cd1d4cb0ef95b97ef3b5730,[D57] DE DAGLAN (24) VERS VITRAC (24) 20.09.2024 | GEIPAN Orange arrow icon Orange arrow icon Orange arrow icon Arrow,
https://www.geipan.fr/fr/cas/2024-09-51581,2024-09-51581,https://www.geipan.fr/fr/cas/2024-09-51581,DOWNLOADED,22810,751682abb21a79fea8c80484c4dc47116cffff12db065b81845159e7ad1d1f21,BANNE (07) 23.09.2024 | GEIPAN Orange arrow icon Orange arrow icon Orange arrow icon Arrow,
https://www.geipan.fr/fr/cas/2024-09-51582,2024-09-51582,https://www.geipan.fr/fr/cas/2024-09-51582,DOWNLOADED,23048,2811110a395820e3f5e6ec16cf3f2a3f5bab508866d9bc7392f1e34afd7182a1,SAINT-URCIZE (15) 20.09.2024 | GEIPAN Orange arrow icon Orange arrow icon Orange arrow icon Arrow,
https://www.geipan.fr/fr/cas/2024-09-51600,2024-09-51600,https://www.geipan.fr/fr/cas/2024-09-51600,DOWNLOADED,21096,f95ff5af1561902f264cf4e2e4039fa53c222fd0bae00fe6e19accd24bb714d6,[N145] DE SAINT-PRIEST-LA-PLAINE (23) VERS SOUTERRAINE (LA) (23) 15.09.2024 | GEIPAN Orange arrow icon Orange arrow icon Orange arrow icon Arrow,
https://www.geipan.fr/fr/cas/2024-10-51576,2024-10-51576,https://www.geipan.fr/fr/cas/2024-10-51576,DOWNLOADED,20147,621353136bdfc2378757618111bb704bb89ee19bc4f241fe5bbe421fa0a3edeb,COLLEVILLE (76) 12.10.2024 | GEIPAN Orange arrow icon Orange arrow icon Orange arrow icon Arrow,
https://www.geipan.fr/fr/cas/2024-10-51583,2024-10-51583,https://www.geipan.fr/fr/cas/2024-10-51583,DOWNLOADED,21143,4ff1c71c439d54610ef64919e8fe4b01dc85f71932d835cf2c52b05790f23526,[AERO] de LOS ANGELES (US.90045) vers PARIS (95) 15.10.2024 | GEIPAN Orange arrow icon Orange arrow icon Orange arrow icon Arrow,
https://www.geipan.fr/fr/cas/2024-10-51585,2024-10-51585,https://www.geipan.fr/fr/cas/2024-10-51585,DOWNLOADED,21997,aaa1dca9088b2646af2c18f9404a18b8e47dff9ba8e5eb07fe956a1cebbc1d77,VILLARS-LES-DOMBES (01) 20.10.2024 | GEIPAN Orange arrow icon Orange arrow icon Orange arrow icon Arrow,
https://www.geipan.fr/fr/cas/2024-10-51587,2024-10-51587,https://www.geipan.fr/fr/cas/2024-10-51587,DOWNLOADED,21284,a7358fa53e31960fce5582626b37c7d91e4a866f93ff394cfd4351e3be6a063b,ANNOEULLIN (59) 29.10.2024 | GEIPAN Orange arrow icon Orange arrow icon Orange arrow icon Arrow,
https://www.geipan.fr/fr/cas/2024-11-51595,2024-11-51595,https://www.geipan.fr/fr/cas/2024-11-51595,DOWNLOADED,21508,e2d2e6376bfa30f079da6550d732789cd1b5ec986f430473676abc37db5e682f,[AERO] GAUJAN (32) 26.11.2024 | GEIPAN Orange arrow icon Orange arrow icon Orange arrow icon Arrow,
https://www.geipan.fr/fr/cas/2024-11-51596,2024-11-51596,https://www.geipan.fr/fr/cas/2024-11-51596,DOWNLOADED,22412,87cf39a7ba74b73e627df6261575e4a3e046e1838dbcdac74aed2b478eae95b3,EPERNAY (51) 11.11.2024 | GEIPAN Orange arrow icon Orange arrow icon Orange arrow icon Arrow,
https://www.geipan.fr/fr/cas/2024-11-51598,2024-11-51598,https://www.geipan.fr/fr/cas/2024-11-51598,DOWNLOADED,21096,15c30fd2d7b2dfc6801e4d4363bd910092c4ee5ed34bbcb3354e94848adf0d80,VILLEFRANCHE-SUR-MER (06) 25.11.2024 | GEIPAN Orange arrow icon Orange arrow icon Orange arrow icon Arrow,
https://www.geipan.fr/fr/cas/2024-11-51599,2024-11-51599,https://www.geipan.fr/fr/cas/2024-11-51599,DOWNLOADED,20539,7de8bd940003c764cb52af3e96cae5940e8b50e736ced773c80a1b9df88bd863,MITRY-MORY (77) 25.11.2024 | GEIPAN Orange arrow icon Orange arrow icon Orange arrow icon Arrow,
https://www.geipan.fr/fr/cas/2024-11-51603,2024-11-51603,https://www.geipan.fr/fr/cas/2024-11-51603,DOWNLOADED,20632,90da3d16f83cf30d84b26e6dce2af41c82e1f01522f5aa7c4c191ac8924f5bac,WAMBRECHIES (59) 29.11.2024 | GEIPAN Orange arrow icon Orange arrow icon Orange arrow icon Arrow,
https://www.geipan.fr/fr/cas/2024-11-51604,2024-11-51604,https://www.geipan.fr/fr/cas/2024-11-51604,DOWNLOADED,23275,0a04215d1cbe17b739b9490e8094a6b963526a7560027c5943dbfaf96b56c516,BURNHAUPT-LE-BAS (68) 24.11.2024 | GEIPAN Orange arrow icon Orange arrow icon Orange arrow icon Arrow,
https://www.geipan.fr/fr/cas/2024-11-51606,2024-11-51606,https://www.geipan.fr/fr/cas/2024-11-51606,DOWNLOADED,20770,6d098ac3b5ed3c5516b78567dadc9a621b866811af79d080841f09471d06c1ec,SALLANCHES (74) 17.11.2024 | GEIPAN Orange arrow icon Orange arrow icon Orange arrow icon Arrow,
https://www.geipan.fr/fr/cas/2024-12-51602,2024-12-51602,https://www.geipan.fr/fr/cas/2024-12-51602,DOWNLOADED,19289,094e9ec32141cf5203f9f447155b3acb6538c4e1b6dedcf173e68ce4d3c15ebf,PONTIVY (56) 06.12.2024 | GEIPAN Orange arrow icon Orange arrow icon Orange arrow icon Arrow,
https://www.geipan.fr/fr/cas/2024-12-51609,2024-12-51609,https://www.geipan.fr/fr/cas/2024-12-51609,DOWNLOADED,22053,4dbc6aeed8a5114da1dfbb35638060138d04eacfcd46512f93ba8f4ff2011380,FOUSSAIS-PAYRE (85) 02.12.2024 | GEIPAN Orange arrow icon Orange arrow icon Orange arrow icon Arrow,
https://www.geipan.fr/fr/cas/2024-12-51612,2024-12-51612,https://www.geipan.fr/fr/cas/2024-12-51612,DOWNLOADED,21795,4615c01e627bab0d9a1dfad67c5434772e7306ddfecf5febda92f48f80d6d03d,PLEUDIHEN-SUR-RANCE (22) 22.12.2024 | GEIPAN Orange arrow icon Orange arrow icon Orange arrow icon Arrow,
https://www.geipan.fr/fr/cas/2024-12-51614,2024-12-51614,https://www.geipan.fr/fr/cas/2024-12-51614,DOWNLOADED,21391,a112cfd2de24dae970cc266829251de110d5ed95287a79a33003d72b274be05b,ENTREMONT-LE-VIEUX (73) 12.12.2024 | GEIPAN Orange arrow icon Orange arrow icon Orange arrow icon Arrow,
https://www.geipan.fr/fr/cas/2024-12-51615,2024-12-51615,https://www.geipan.fr/fr/cas/2024-12-51615,DOWNLOADED,22280,ff47e2a39b32452784b271ca1c3ec6e2c4ee0f916c8576d84997eee9bb29ddbb,PETITE-ILE (974) 15.12.2024 | GEIPAN Orange arrow icon Orange arrow icon Orange arrow icon Arrow,
https://www.geipan.fr/fr/cas/2024-12-51616,2024-12-51616,https://www.geipan.fr/fr/cas/2024-12-51616,DOWNLOADED,21924,a237305a8cd9a0ddb758bb077167dc2602e6cf600263a83da21f7cc76987f80e,CIVRAC-DE-BLAYE (33) 23.12.2024 | GEIPAN Orange arrow icon Orange arrow icon Orange arrow icon Arrow,
https://www.geipan.fr/fr/cas/2024-12-51617,2024-12-51617,https://www.geipan.fr/fr/cas/2024-12-51617,DOWNLOADED,24419,e6cfbf1f51cb5c70cda65961cec73c1b72a98731af00cb4a8ed8178afe95f121,TURBALLE (LA) (44) 22.12.2024 | GEIPAN Orange arrow icon Orange arrow icon Orange arrow icon Arrow,
https://www.geipan.fr/fr/cas/2025-01-51608,2025-01-51608,https://www.geipan.fr/fr/cas/2025-01-51608,DOWNLOADED,23006,833c8a932fb51079536d81f871f217f78b1bcf0db0319b057a352f8d484bcaf0,BAZAS (33) 03.01.2025 | GEIPAN Orange arrow icon Orange arrow icon Orange arrow icon Arrow,
https://www.geipan.fr/fr/cas/2025-01-51610,2025-01-51610,https://www.geipan.fr/fr/cas/2025-01-51610,DOWNLOADED,21888,8c2acd61eeefa789cbb966b41bade21e395f0701b5c3d7840e9827ad0ecbd0c4,JULOS (65) 09.01.2025 | GEIPAN Orange arrow icon Orange arrow icon Orange arrow icon Arrow,
https://www.geipan.fr/fr/cas/2025-01-51611,2025-01-51611,https://www.geipan.fr/fr/cas/2025-01-51611,DOWNLOADED,20442,550d52cf7454e4e9eb1dc88577e834ef9adfd57f35f8df3b35f4b616fee9f0ae,JONZIEUX (42) 14.01.2025 | GEIPAN Orange arrow icon Orange arrow icon Orange arrow icon Arrow,
https://www.geipan.fr/fr/cas/2025-01-51619,2025-01-51619,https://www.geipan.fr/fr/cas/2025-01-51619,DOWNLOADED,23274,8ae579548a8a1ee42db66d222a2c322a57549375d5571ade85a80bd815ec353d,PERPIGNAN (66) 04.01.2025 | GEIPAN Orange arrow icon Orange arrow icon Orange arrow icon Arrow,
https://www.geipan.fr/fr/cas/2025-01-51636,2025-01-51636,https://www.geipan.fr/fr/cas/2025-01-51636,DOWNLOADED,19554,f466b593ec69bc7363fb36748addbf7e1ddd86bef988a31cbf1b63f5763a3449,PUILBOREAU (17) 18.01.2025 | GEIPAN Orange arrow icon Orange arrow icon Orange arrow icon Arrow,
https://www.geipan.fr/fr/cas/2025-01-51677,2025-01-51677,https://www.geipan.fr/fr/cas/2025-01-51677,DOWNLOADED,22821,1f144fccc91976ede93fd7296119db4d19ed0cc51db88bffbde838913bd48be1,NOISY-LE-GRAND (93) 06.01.2025 | GEIPAN Orange arrow icon Orange arrow icon Orange arrow icon Arrow,
https://www.geipan.fr/fr/cas/2025-01-51722,2025-01-51722,https://www.geipan.fr/fr/cas/2025-01-51722,DOWNLOADED,20498,517a1d786334d0f70b360aa44412c15ee98abfdd442574c169cee026edcfd07d,ARTIGUES-PRES-BORDEAUX (33) 25.01.2025 | GEIPAN Orange arrow icon Orange arrow icon Orange arrow icon Arrow,
https://www.geipan.fr/fr/cas/2025-02-51620,2025-02-51620,https://www.geipan.fr/fr/cas/2025-02-51620,DOWNLOADED,23826,f1747003d64b78997d8c7d335815042fc9c7203189ba08adbf26a2dd7c4ae77e,AVESNES-LES-AUBERT (59) 01.02.2025 | GEIPAN Orange arrow icon Orange arrow icon Orange arrow icon Arrow,
https://www.geipan.fr/fr/cas/2025-02-51626,2025-02-51626,https://www.geipan.fr/fr/cas/2025-02-51626,DOWNLOADED,19892,657cee9f4c9259048ebdf8ad97f278ebe7a042adb5d0ab747665ab6ce05566b1,VALRAS-PLAGE (34) 20.02.2025 | GEIPAN Orange arrow icon Orange arrow icon Orange arrow icon Arrow,
https://www.geipan.fr/fr/cas/2025-02-51628,2025-02-51628,https://www.geipan.fr/fr/cas/2025-02-51628,DOWNLOADED,22945,2f0af246dc61b22cff8ea525140b162c466b16b03241398fd2d5a86844c5a1c8,SAINT-PIERRE (974) 25.02.2025 | GEIPAN Orange arrow icon Orange arrow icon Orange arrow icon Arrow,
https://www.geipan.fr/fr/cas/2025-02-51631,2025-02-51631,https://www.geipan.fr/fr/cas/2025-02-51631,DOWNLOADED,20707,842c06fe8e69628bcc6c495e01fc5d998896f6e2e40f87447cf7f0e813cc110e,TOURS (37) 01.02.2025 | GEIPAN Orange arrow icon Orange arrow icon Orange arrow icon Arrow,
https://www.geipan.fr/fr/cas/2025-03-51622,2025-03-51622,https://www.geipan.fr/fr/cas/2025-03-51622,DOWNLOADED,21481,001f9c3df6369b77ada69cb00fccd9613f9e4e46d45d44f431b359c9fcf9d310,ESPIRA-DE-L'AGLY (66) 01.03.2025 | GEIPAN Orange arrow icon Orange arrow icon Orange arrow icon Arrow,
https://www.geipan.fr/fr/cas/2025-03-51627,2025-03-51627,https://www.geipan.fr/fr/cas/2025-03-51627,DOWNLOADED,20718,517cc9ea65be49f4f0cfb50842fd4e3c8040edb4aa27bc40f73d64b546057814,VALS-DES-TILLES (52) 02.03.2025 | GEIPAN Orange arrow icon Orange arrow icon Orange arrow icon Arrow,
https://www.geipan.fr/fr/cas/2025-03-51629,2025-03-51629,https://www.geipan.fr/fr/cas/2025-03-51629,DOWNLOADED,21656,85f8f1444714f6d44d5508a888b4227caf5c220a3752291397fb461eced80c6f,SAINT-PRYVE-SAINT-MESMIN (45) 09.03.2025 | GEIPAN Orange arrow icon Orange arrow icon Orange arrow icon Arrow,
https://www.geipan.fr/fr/cas/2025-03-51630,2025-03-51630,https://www.geipan.fr/fr/cas/2025-03-51630,DOWNLOADED,22392,a91dea686315ca2f9179efabe5378ad0092b66fa9279a549122584136b03ad43,VICQ (52) 06.03.2025 | GEIPAN Orange arrow icon Orange arrow icon Orange arrow icon Arrow,
https://www.geipan.fr/fr/cas/2025-03-51637,2025-03-51637,https://www.geipan.fr/fr/cas/2025-03-51637,DOWNLOADED,22226,564a52003afaa7ed85ff9008e7d187e669be2ba561bd4035513aca53501d7beb,VEYRIER (GENEVE.CH ) 26.03.2025 | GEIPAN Orange arrow icon Orange arrow icon Orange arrow icon Arrow,
https://www.geipan.fr/fr/cas/2025-03-51656,2025-03-51656,https://www.geipan.fr/fr/cas/2025-03-51656,DOWNLOADED,24002,dea0858f130aea33607feb3b785e305734bd3ea57d6d1b5d4773d283f9112c9d,SAINT-AUBIN-SUR-QUILLEBEUF (27) 05.03.2025 | GEIPAN Orange arrow icon Orange arrow icon Orange arrow icon Arrow,
https://www.geipan.fr/fr/cas/2025-03-51657,2025-03-51657,https://www.geipan.fr/fr/cas/2025-03-51657,DOWNLOADED,21267,fd25f511ebcf78e13c9d3d8c2a566f14a2c3a47bf96997044f8220152df75a93,BEAUMONT-SUR-SARTHE (72) 22.03.2025 | GEIPAN Orange arrow icon Orange arrow icon Orange arrow icon Arrow,
https://www.geipan.fr/fr/cas/2025-04-51635,2025-04-51635,https://www.geipan.fr/fr/cas/2025-04-51635,DOWNLOADED,20423,b65c3e7afa3f7d5edda07439ff469af5229cde0ec6ce3b79d2fa2e59b39acebc,[A620] DE TOULOUSE (31) VERS MONTAUBAN (82) 13.04.2025 | GEIPAN Orange arrow icon Orange arrow icon Orange arrow icon Arrow,
https://www.geipan.fr/fr/cas/2025-04-51638,2025-04-51638,https://www.geipan.fr/fr/cas/2025-04-51638,DOWNLOADED,19746,185eefcfbe1023b8f79bb01926c8e9903c93ace027540eab479d21726471667e,LUGNY-CHAMPAGNE (18) 08.04.2025 | GEIPAN Orange arrow icon Orange arrow icon Orange arrow icon Arrow,
https://www.geipan.fr/fr/cas/2025-04-51639,2025-04-51639,https://www.geipan.fr/fr/cas/2025-04-51639,DOWNLOADED,22305,17de753b9127a9fb4a59a4ecb6d2736d806bd570988baa9f72e0ea548c90149e,POINTEL (61) 29.04.2025 | GEIPAN Orange arrow icon Orange arrow icon Orange arrow icon Arrow,
https://www.geipan.fr/fr/cas/2025-04-51643,2025-04-51643,https://www.geipan.fr/fr/cas/2025-04-51643,DOWNLOADED,21274,c63c0d0416969656ff18d1bba6cb4cd5f36aa634022258d9f98df50c9754cfc4,[AERO] DE MARSEILLE (13) VERS TUNIS (TUN) 27.04.2025 | GEIPAN Orange arrow icon Orange arrow icon Orange arrow icon Arrow,
https://www.geipan.fr/fr/cas/2025-05-51646,2025-05-51646,https://www.geipan.fr/fr/cas/2025-05-51646,DOWNLOADED,21911,7457a9e25889f7e12f24ddc6db9ed4a81388e68e3fec06effd0845e9d754e955,SAINT-GENIS-POUILLY (01) 11.05.2025 | GEIPAN Orange arrow icon Orange arrow icon Orange arrow icon Arrow,
https://www.geipan.fr/fr/cas/2025-05-51647,2025-05-51647,https://www.geipan.fr/fr/cas/2025-05-51647,DOWNLOADED,21469,b4f0b6bbbfb485ac35bc1626a2a42c9da8732fb7e6b512e469a55c5dfc4ab286,COUETRON-AU-PERCHE (47) 17.05.2025 | GEIPAN Orange arrow icon Orange arrow icon Orange arrow icon Arrow,
https://www.geipan.fr/fr/cas/2025-05-51648,2025-05-51648,https://www.geipan.fr/fr/cas/2025-05-51648,DOWNLOADED,21528,27613850abf1ba122bfc8ba583089b850d539464889d2c7b2364441ed32c890b,METZ (57) 10.05.2025 | GEIPAN Orange arrow icon Orange arrow icon Orange arrow icon Arrow,
https://www.geipan.fr/fr/cas/2025-05-51649,2025-05-51649,https://www.geipan.fr/fr/cas/2025-05-51649,DOWNLOADED,19994,62b030339e3add89dfaf30113e488d3c054b050c2cd2c79a79f173a40712becc,NICE (06) 14.05.2025 | GEIPAN Orange arrow icon Orange arrow icon Orange arrow icon Arrow,
https://www.geipan.fr/fr/cas/2025-05-51653,2025-05-51653,https://www.geipan.fr/fr/cas/2025-05-51653,DOWNLOADED,20783,e59a9a854faa834cb1dfb77e7d90afd8085b046ef8945909c78ef9d58809edea,TOURNEFEUILLE (31) 17.05.2025 | GEIPAN Orange arrow icon Orange arrow icon Orange arrow icon Arrow,
https://www.geipan.fr/fr/cas/2025-05-51660,2025-05-51660,https://www.geipan.fr/fr/cas/2025-05-51660,DOWNLOADED,21726,62546858b70b6c6a3c04f2c0eccaa8364e65b93a1c9da330f7e5055a0fe3a1a2,LOCTUDY (29) 13.05.2025 | GEIPAN Orange arrow icon Orange arrow icon Orange arrow icon Arrow,
https://www.geipan.fr/fr/cas/2025-06-51662,2025-06-51662,https://www.geipan.fr/fr/cas/2025-06-51662,DOWNLOADED,20809,95024e2e56510c41f797bafce99c9bfe797d696e81fc6939f22e828ccd75f37a,PARIS (75) 22.06.2025 | GEIPAN Orange arrow icon Orange arrow icon Orange arrow icon Arrow,
https://www.geipan.fr/fr/cas/2025-06-51663,2025-06-51663,https://www.geipan.fr/fr/cas/2025-06-51663,DOWNLOADED,20268,04c069566ab841d260d941b15eced0d674cc860a2b841fe07408f13cbb7d8a24,ACHERES (78) 22.06.2025 | GEIPAN Orange arrow icon Orange arrow icon Orange arrow icon Arrow,
https://www.geipan.fr/fr/cas/2025-06-51675,2025-06-51675,https://www.geipan.fr/fr/cas/2025-06-51675,DOWNLOADED,20818,de3913031907cbf270294710e1a3e54db3325d369d1b54fc1efba7edee86a4b5,FREJUS (83) 18.06.2025 | GEIPAN Orange arrow icon Orange arrow icon Orange arrow icon Arrow,
https://www.geipan.fr/fr/cas/2025-07-51666,2025-07-51666,https://www.geipan.fr/fr/cas/2025-07-51666,DOWNLOADED,22332,5b0af0d457fd4e10c4a4e5b10bb1b49d6661e7e723e71b3e28d2cf9aa44db622,COULON (79) 03.07.2025 | GEIPAN Orange arrow icon Orange arrow icon Orange arrow icon Arrow,
https://www.geipan.fr/fr/cas/2025-07-51669,2025-07-51669,https://www.geipan.fr/fr/cas/2025-07-51669,DOWNLOADED,21541,c173b305911c30da67a6a290e75ce844f8ee5e82d68eab6168b9a67e04e9b346,SATELLITES — NATIONAL (FR) 31.07.2025 | GEIPAN Orange arrow icon Orange arrow icon Orange arrow icon Arrow,
https://www.geipan.fr/fr/cas/2025-07-51680,2025-07-51680,https://www.geipan.fr/fr/cas/2025-07-51680,DOWNLOADED,21710,e9d25fa6a134b15a5dab87072cc11a6692c09be51d82fd6c6b1eebde26fa1571,HAIE-FOUASSIERE (LA) (44) 17.07.2025 | GEIPAN Orange arrow icon Orange arrow icon Orange arrow icon Arrow,
https://www.geipan.fr/fr/cas/2025-08-51670,2025-08-51670,https://www.geipan.fr/fr/cas/2025-08-51670,DOWNLOADED,21851,8badd58d1b7c6f8d8af831466cff0f3310790824b2ff12f987b82418ebe041ff,NOUMEA (988) 07.08.2025 | GEIPAN Orange arrow icon Orange arrow icon Orange arrow icon Arrow,
https://www.geipan.fr/fr/cas/2025-08-51671,2025-08-51671,https://www.geipan.fr/fr/cas/2025-08-51671,DOWNLOADED,21495,f9c5d55fb228ebce683f88928b8f069da17ccdc20e1fc9e80437f755146fc6be,CHATEAU-RENAULT (37) 04.08.2025 | GEIPAN Orange arrow icon Orange arrow icon Orange arrow icon Arrow,
https://www.geipan.fr/fr/cas/2025-08-51672,2025-08-51672,https://www.geipan.fr/fr/cas/2025-08-51672,DOWNLOADED,20510,e5f4195e3a0b156e01862083030b1965daa20a7ae3b5bc76564a15b30a259436,GUEUX (51) 25.08.2025 | GEIPAN Orange arrow icon Orange arrow icon Orange arrow icon Arrow,
https://www.geipan.fr/fr/cas/2025-08-51673,2025-08-51673,https://www.geipan.fr/fr/cas/2025-08-51673,DOWNLOADED,20671,c2a340d6bcc270e2e77ce12b54f3436bda0c0543fc3d54567bca36a8bfa0d447,JOUE-LES-TOURS (37) 31.07.2025 | GEIPAN Orange arrow icon Orange arrow icon Orange arrow icon Arrow,
https://www.geipan.fr/fr/cas/2025-08-51686,2025-08-51686,https://www.geipan.fr/fr/cas/2025-08-51686,DOWNLOADED,22126,ad6ef2159cb51e510d30cddcc79a2da343de24dcbb57ba92ede93b7e4c90ec35,METZ (57) 30.08.2025 | GEIPAN Orange arrow icon Orange arrow icon Orange arrow icon Arrow,
https://www.geipan.fr/fr/cas/2025-08-51687,2025-08-51687,https://www.geipan.fr/fr/cas/2025-08-51687,DOWNLOADED,21225,21dd8156807c437324d20cc22a11b1e3d668c3127260bdb8132a302dd02fc949,COURONNE (LA) (16) 21.08.2025 | GEIPAN Orange arrow icon Orange arrow icon Orange arrow icon Arrow,
https://www.geipan.fr/fr/cas/2025-08-51713,2025-08-51713,https://www.geipan.fr/fr/cas/2025-08-51713,DOWNLOADED,22786,84b63b5115c8412ab7c80b2fc9c1954c70212e260ce986c56c250ea86ae05833,NEUILLY-SUR-MARNE (93) 26.08.2025 | GEIPAN Orange arrow icon Orange arrow icon Orange arrow icon Arrow,
https://www.geipan.fr/fr/cas/2025-09-51674,2025-09-51674,https://www.geipan.fr/fr/cas/2025-09-51674,DOWNLOADED,22749,c119c23a4556c4a87670113266360cdaa72d90807a3097fa462d3cbe16a6b6f4,VOUGEOT (21) 03.09.2025 | GEIPAN Orange arrow icon Orange arrow icon Orange arrow icon Arrow,
https://www.geipan.fr/fr/cas/2025-09-51676,2025-09-51676,https://www.geipan.fr/fr/cas/2025-09-51676,DOWNLOADED,20561,a55cf6709b9265852df773c4f168bcb95ba9146161acab79ebaaeaf800e18e8b,DOMMARTIN-LES-TOUL (54) 04.09.2025 | GEIPAN Orange arrow icon Orange arrow icon Orange arrow icon Arrow,
https://www.geipan.fr/fr/cas/2025-09-51681,2025-09-51681,https://www.geipan.fr/fr/cas/2025-09-51681,DOWNLOADED,21279,b4412717fcebeb4c14ab3f82d673aa6222eb2b30b353f79f9b3ac4d60109fe28,BELLE-ISLE-EN-TERRE (22) 01.09.2025 | GEIPAN Orange arrow icon Orange arrow icon Orange arrow icon Arrow,
https://www.geipan.fr/fr/cas/2025-09-51684,2025-09-51684,https://www.geipan.fr/fr/cas/2025-09-51684,DOWNLOADED,20944,b08abbfba0d935dceb161cdbc2031eaa14ce8918f6d093d3672baac340a3df8e,SAINT-PRIEST-TAURION (87) 03.09.2025 | GEIPAN Orange arrow icon Orange arrow icon Orange arrow icon Arrow,
https://www.geipan.fr/fr/cas/2025-09-51688,2025-09-51688,https://www.geipan.fr/fr/cas/2025-09-51688,DOWNLOADED,20230,7f9e7e4acf7307b59515ed2042567d01addcfe36d6eae025f5b2ea2a5a133059,ROQUEBRUNE-SUR-ARGENS (83) 14.09.2025 | GEIPAN Orange arrow icon Orange arrow icon Orange arrow icon Arrow,
https://www.geipan.fr/fr/cas/2025-09-51689,2025-09-51689,https://www.geipan.fr/fr/cas/2025-09-51689,DOWNLOADED,20865,a399c6696c5146e97af3aeb89b4ed8071de34d397cb57bb02913b729e99bad42,CACHAN (94) 12.09.2025 | GEIPAN Orange arrow icon Orange arrow icon Orange arrow icon Arrow,
https://www.geipan.fr/fr/cas/2025-09-51692,2025-09-51692,https://www.geipan.fr/fr/cas/2025-09-51692,DOWNLOADED,22421,b9a1b7a4f87d45ef68577ae0127413797c000ba107cd6ddb057dae95a46bbd5c,MARLENHEIM (67) 17.09.2025 | GEIPAN Orange arrow icon Orange arrow icon Orange arrow icon Arrow,
https://www.geipan.fr/fr/cas/2025-09-51693,2025-09-51693,https://www.geipan.fr/fr/cas/2025-09-51693,DOWNLOADED,21619,47ecb2e3ed71f905a51c9e4d73d8294684cdb0be28cd905a910d6763a71d5866,SAINT-FRANCOIS (971) 06.09.2025 | GEIPAN Orange arrow icon Orange arrow icon Orange arrow icon Arrow,
https://www.geipan.fr/fr/cas/2025-09-51697,2025-09-51697,https://www.geipan.fr/fr/cas/2025-09-51697,DOWNLOADED,20403,a056fed31c2dbbe86c4f4f68fe8404e69a29705eda039f0a0b53f0f17aab3e9b,BETTON (35) 15.09.2025 | GEIPAN Orange arrow icon Orange arrow icon Orange arrow icon Arrow,
https://www.geipan.fr/fr/cas/2025-09-51707,2025-09-51707,https://www.geipan.fr/fr/cas/2025-09-51707,DOWNLOADED,20413,c90568a5fb62840f1b7e03c98a34b9e76e57133adeb16863bc1c632e6236d9ea,VINNEUF (89) 06.09.2025 | GEIPAN Orange arrow icon Orange arrow icon Orange arrow icon Arrow,
https://www.geipan.fr/fr/cas/2025-10-51701,2025-10-51701,https://www.geipan.fr/fr/cas/2025-10-51701,DOWNLOADED,22477,4ee11fed277f3e04260aab7f343cace93ad49efd02ecb201381c31fa341fa37f,SAINT-PAUL (974) 03.10.2025 | GEIPAN Orange arrow icon Orange arrow icon Orange arrow icon Arrow,
https://www.geipan.fr/fr/cas/2025-10-51702,2025-10-51702,https://www.geipan.fr/fr/cas/2025-10-51702,DOWNLOADED,22732,d6a2606a89d0e0bc04eae40eadfb84a2235de8a01cf967cc1d66e8edc3d28932,TAMPON (LE) (974) 04.10.2025 | GEIPAN Orange arrow icon Orange arrow icon Orange arrow icon Arrow,
https://www.geipan.fr/fr/cas/2025-10-51703,2025-10-51703,https://www.geipan.fr/fr/cas/2025-10-51703,DOWNLOADED,24703,4082d06dff030572d144102d65dd5754e00aa10b2c5c91dcc417bff017a266af,[D764] de SIZUN (29) vers LANDERNEAU (29) 29.10.2025 | GEIPAN Orange arrow icon Orange arrow icon Orange arrow icon Arrow,
https://www.geipan.fr/fr/cas/2025-10-51704,2025-10-51704,https://www.geipan.fr/fr/cas/2025-10-51704,DOWNLOADED,22819,1f0725d6748c6a73f8438f2c669ef29804ec997740b37f86460b7524842e6b0b,BISCHWILLER (67) 12.10.2025 | GEIPAN Orange arrow icon Orange arrow icon Orange arrow icon Arrow,
https://www.geipan.fr/fr/cas/2025-10-51705,2025-10-51705,https://www.geipan.fr/fr/cas/2025-10-51705,DOWNLOADED,21473,590b18dd360cd3139a1490368f7e4e41ddfa76d64157063bdf0007a78b1d1f6b,BRIENNE-SUR-AISNE (08) 31.10.2025 | GEIPAN Orange arrow icon Orange arrow icon Orange arrow icon Arrow,
https://www.geipan.fr/fr/cas/2025-10-51708,2025-10-51708,https://www.geipan.fr/fr/cas/2025-10-51708,DOWNLOADED,21335,511937d65790d111755e64471e0643991274e53fd623f4c23bb7971b74197aad,COLOMIERS (31) 09.10.2025 | GEIPAN Orange arrow icon Orange arrow icon Orange arrow icon Arrow,
https://www.geipan.fr/fr/cas/2025-10-51737,2025-10-51737,https://www.geipan.fr/fr/cas/2025-10-51737,DOWNLOADED,22706,fa6581c7d1ceda9ba25d08968999bbdb0dc06cdd8ff4a95013811e8f820d4006,ARGOL (29) 29.10.2025 | GEIPAN Orange arrow icon Orange arrow icon Orange arrow icon Arrow,
https://www.geipan.fr/fr/cas/2025-11-51709,2025-11-51709,https://www.geipan.fr/fr/cas/2025-11-51709,DOWNLOADED,20972,5561b42839aa5aa6da5f53e94343282006bf286551a259f4022c44cddd6eb6e3,SAINT-SEVERIN (16) 10.11.2025 | GEIPAN Orange arrow icon Orange arrow icon Orange arrow icon Arrow,
https://www.geipan.fr/fr/cas/2025-11-51710,2025-11-51710,https://www.geipan.fr/fr/cas/2025-11-51710,DOWNLOADED,20708,37390b21a6868df036bf07aa7bf36b73e6bbfbca3bc59e6d37c944d6b3086710,[AERO] DE AMSTERDAM (NL.1118) VERS NANTES (44) 17.11.2025 | GEIPAN Orange arrow icon Orange arrow icon Orange arrow icon Arrow,
https://www.geipan.fr/fr/cas/2025-11-51711,2025-11-51711,https://www.geipan.fr/fr/cas/2025-11-51711,DOWNLOADED,20722,a047e08b0b374e63ff5ba1111dfef5cb0707e0640500d58a26994b5adf3c3670,[AERO] de AMSTERDAM (NL.1118) vers NANTES (44) 18.11.2025 | GEIPAN Orange arrow icon Orange arrow icon Orange arrow icon Arrow,
https://www.geipan.fr/fr/cas/2025-11-51712,2025-11-51712,https://www.geipan.fr/fr/cas/2025-11-51712,DOWNLOADED,22483,5e519082b626a581a5f14c17b5878fc999a022be2682f584795ebdf222c865c4,ELLECOURT (76) 02.11.2025 | GEIPAN Orange arrow icon Orange arrow icon Orange arrow icon Arrow,
https://www.geipan.fr/fr/cas/2025-11-51716,2025-11-51716,https://www.geipan.fr/fr/cas/2025-11-51716,DOWNLOADED,21743,52e8d7d5e113ac041c1469990b62aace3e48e73cd19aab3921ded194dc5fa446,HYERES (83) 10.12.2025 | GEIPAN Orange arrow icon Orange arrow icon Orange arrow icon Arrow,
https://www.geipan.fr/fr/cas/2025-11-51725,2025-11-51725,https://www.geipan.fr/fr/cas/2025-11-51725,DOWNLOADED,22620,043105d0865d3147b09ed29a7860a52a414b13b55ed9f7363b42a7e67dd19373,GRANDE-MOTTE (LA) (34) 03.11.2025 | GEIPAN Orange arrow icon Orange arrow icon Orange arrow icon Arrow,
https://www.geipan.fr/fr/cas/2025-12-51718,2025-12-51718,https://www.geipan.fr/fr/cas/2025-12-51718,DOWNLOADED,21600,c8756aa5c56a8e15465775c8713c50f7afeab1cb1fb8e3ab6dabf61b5015e6f3,HURIEL (03) 10.12.2025 | GEIPAN Orange arrow icon Orange arrow icon Orange arrow icon Arrow,
https://www.geipan.fr/fr/cas/2025-12-51727,2025-12-51727,https://www.geipan.fr/fr/cas/2025-12-51727,DOWNLOADED,22476,36bb6dabfdd4de0e22a529c5247ab30bdd6407472febc053ba16af49699f0c5b,SAN-GAVINO-DI-TENDA (20) 10.12.2025 | GEIPAN Orange arrow icon Orange arrow icon Orange arrow icon Arrow,
https://www.geipan.fr/fr/cas/2025-12-51729,2025-12-51729,https://www.geipan.fr/fr/cas/2025-12-51729,DOWNLOADED,23192,c580ff0418e6ddfe462121efcd9ac564466b426b9b0805d592d20bbe0b5ab37c,[AERO] de LOS ANGELES (US.90045) vers ROISSY-EN-FRANCE (95) 16.12.2025 | GEIPAN Orange arrow icon Orange arrow icon Orange arrow icon Arrow,
https://www.geipan.fr/fr/cas/2025-12-51733,2025-12-51733,https://www.geipan.fr/fr/cas/2025-12-51733,DOWNLOADED,21272,55c2809cc45f5505fcb6a9f6478a4f555b59ff0eb3eda4e62e74c79eb06126e5,SAMOREAU (77) 19.12.2025 | GEIPAN Orange arrow icon Orange arrow icon Orange arrow icon Arrow,
https://www.geipan.fr/fr/cas/2026-01-51720,2026-01-51720,https://www.geipan.fr/fr/cas/2026-01-51720,DOWNLOADED,21159,dd95c19c136566269efdf996389277c879a0fd954ab0b4a2318bf435ccc48424,COLMAR (68) 05.01.2026 | GEIPAN Orange arrow icon Orange arrow icon Orange arrow icon Arrow,
https://www.geipan.fr/fr/cas/2026-01-51721,2026-01-51721,https://www.geipan.fr/fr/cas/2026-01-51721,DOWNLOADED,23990,15dc4704b93519ddac6d9242a15f283cf9ccc3190e5f6a096412c7cb468a28ba,MAULDE (59) 05.01.2026 | GEIPAN Orange arrow icon Orange arrow icon Orange arrow icon Arrow,
https://www.geipan.fr/fr/cas/2026-01-51724,2026-01-51724,https://www.geipan.fr/fr/cas/2026-01-51724,DOWNLOADED,22342,2b624e9b48e24957f7b5a5a9b9848a1780da3ec9ba5fcdcebac923c167ee0046,RUMILLY (74) 01.01.2026 | GEIPAN Orange arrow icon Orange arrow icon Orange arrow icon Arrow,
https://www.geipan.fr/fr/cas/2026-01-51730,2026-01-51730,https://www.geipan.fr/fr/cas/2026-01-51730,DOWNLOADED,21966,7b33f48d065a78701a471968327d42bfee9175af2b80398f23cfa4ea71cb4809,[R] DE BRIIS-SOUS-FORGES (91) VERS LIMOURS (91) 01.01.2026 | GEIPAN Orange arrow icon Orange arrow icon Orange arrow icon Arrow,
https://www.geipan.fr/fr/cas/2026-01-51731,2026-01-51731,https://www.geipan.fr/fr/cas/2026-01-51731,DOWNLOADED,22358,f25d21ea748033227c477cda2f0ac6a2688251f8ce4d7cb8864c99915dce4d9b,PAPEETE (987) 12.01.2026 | GEIPAN Orange arrow icon Orange arrow icon Orange arrow icon Arrow,
https://www.geipan.fr/fr/cas/2026-02-51734,2026-02-51734,https://www.geipan.fr/fr/cas/2026-02-51734,DOWNLOADED,20669,ab0261d06511867bf3c993fa42cab3c7dcb1fc7bd6b8e3244a8578274c7a5faa,[AERO] DE SAINT-DIZIER (52) VERS NANCY (54) 03.03.2026 | GEIPAN Orange arrow icon Orange arrow icon Orange arrow icon Arrow,
https://www.geipan.fr/fr/cas/2026-03-51736,2026-03-51736,https://www.geipan.fr/fr/cas/2026-03-51736,DOWNLOADED,22796,dbf25e0bbcac994abbd2c18a420a74194ded09e12a49c9dde10f9fedcd6dac5c,BOUGARBER (64) 16.03.2026 | GEIPAN Orange arrow icon Orange arrow icon Orange arrow icon Arrow,
https://www.geipan.fr/fr/cas/2026-03-51740,2026-03-51740,https://www.geipan.fr/fr/cas/2026-03-51740,DOWNLOADED,21639,52887e5cf645dcbf4ae416d102ca7430051444691ba4ba4db2e697e520eff06b,[AERO] de OURAISK - UARR (KZ.09) vers MAAFARU - VRDA (MV.04) 26.03.2026 | GEIPAN Orange arrow icon Orange arrow icon Orange arrow icon Arrow,
https://www.geipan.fr/fr/cas/2026-04-51742,2026-04-51742,https://www.geipan.fr/fr/cas/2026-04-51742,DOWNLOADED,21183,06d8de78630e3054ea2b3b206c1f4b6482907960e2efe2b7d8050ec6667b4308,VERNOIL-LE-FOURRIER (49) 07.04.2026 | GEIPAN Orange arrow icon Orange arrow icon Orange arrow icon Arrow,
https://www.geipan.fr/fr/cas/2026-04-51745,2026-04-51745,https://www.geipan.fr/fr/cas/2026-04-51745,DOWNLOADED,20614,e8f337ceedfa395dd586e8947aa12cb8c527315bc983cf7a74bb166c49959d2e,BURGNAC (87) 07.04.2026 | GEIPAN Orange arrow icon Orange arrow icon Orange arrow icon Arrow,
https://www.geipan.fr/fr/cas/2026-04-51748,2026-04-51748,https://www.geipan.fr/fr/cas/2026-04-51748,DOWNLOADED,20732,3947a9457940b7b5efac9b18652614881b6fd519c328d12617dbec3c208cf92a,VITROLLES (13) 01.04.2026 | GEIPAN Orange arrow icon Orange arrow icon Orange arrow icon Arrow,
